source,accepted,exclusion_reasons,validation_scope,name,family,median_seconds,min_seconds,cv,n,float_ops,integer_ops,logical_global_bytes,logical_shared_bytes
sweep-cache/mem_read_v4_cba4469dc666.json,True,,pre_and_post,mem_read_v4,memory,0.006495468591419221,0.006494374841445923,0.00011582154452801449,21,8589934592,0,34361835520,0
sweep-cache/mem_read_v4_a43465f4be32.json,True,,pre_and_post,mem_read_v4,memory,0.006560364423168183,0.006559010256534577,0.00013560348283499278,21,8589934592,0,34361835520,0
sweep-cache/mem_read_v4_2076a17d9761.json,True,,pre_and_post,mem_read_v4,memory,0.006560364423168183,0.006558176923221588,0.00014704031885943777,21,8589934592,0,34361835520,0
sweep-cache/mem_read_v4_deef39cccd2b.json,True,,pre_and_post,mem_read_v4,memory,0.005972968604175568,0.005961093604465485,0.0009514903910733972,21,13144948736,0,52588183552,0
sweep-cache/mem_read_v4_7433ec7d47c1.json,True,,pre_and_post,mem_read_v4,memory,0.006560937339820863,0.006550104006752015,0.0006956698431951529,21,8589934592,0,34361835520,0
sweep-cache/mem_read_v4_5afc57e2bd0e.json,True,,pre_and_post,mem_read_v4,memory,0.005909270689064027,0.0058599477736015326,0.0058342132555608,21,4496293888,0,17993564160,0
sweep-cache/mem_read_v4_c57dafe2b810.json,True,,pre_and_post,mem_read_v4,memory,0.005987343603824616,0.0059853644372062685,0.0003116169513814297,21,11802771456,0,47219474432,0
sweep-cache/mem_read_v4_6cd3c453fbac.json,True,,pre_and_post,mem_read_v4,memory,0.006008541519973755,0.005914114438945771,0.010183447586238315,21,8942256128,0,35777413120,0
sweep-cache/mem_read_v4_0ef4e80a3b7e.json,True,,pre_and_post,mem_read_v4,memory,0.005907864439098359,0.005881926939731598,0.0028116472066785888,21,7856979968,0,31430017024,0
sweep-cache/mem_read_v4_e0adb44a80ae.json,True,,pre_and_post,mem_read_v4,memory,0.005898020689338685,0.005893697772777558,0.0005778209685986712,21,8874098688,0,35500589056,0
sweep-cache/mem_read_v4_a7a19d8dd886.json,True,,pre_and_post,mem_read_v4,memory,0.006510937341041565,0.006509479007743836,0.0001439000304273334,21,8589934592,0,34361835520,0
sweep-cache/mem_read_v4_9d6b9e4f5c1f.json,True,,pre_and_post,mem_read_v4,memory,0.005858801940296174,0.005848229023887635,0.001072745227060213,21,671088640,0,2692743168,0
sweep-cache/mem_read_v4_7cc84793ce99.json,True,,pre_and_post,mem_read_v4,memory,0.006569583172943116,0.0065673956729965215,0.00010483177473712134,21,8589934592,0,34361835520,0
sweep-cache/mem_read_v4_9567c666ec54.json,True,,pre_and_post,mem_read_v4,memory,0.006560468589832306,0.006558906089870453,0.0001491498831952521,21,8589934592,0,34361835520,0
sweep-cache/mem_read_v4_a56ae0d8ab60.json,True,,pre_and_post,mem_read_v4,memory,0.005425624867538452,0.005423906117580414,0.007108565529815272,21,8625586176,0,34510733312,0
sweep-cache/mem_read_v4_1e1315fa06e2.json,True,,pre_and_post,mem_read_v4,memory,0.006510989424373627,0.00650989567440033,9.781543960271801e-05,21,8589934592,0,34361835520,0
sweep-cache/mem_read_v4_11f3a1dd7104.json,True,fixed_cost;warmup_unsteady,pre_and_post,mem_read_v4,memory,0.019725832851745607,0.019091666200561526,0.037778236081666375,21,6241124352,0,24972886016,0
sweep-cache/mem_read_v4_26af7649e7d1.json,True,,pre_and_post,mem_read_v4,memory,0.006494947758098603,0.0064939060914573675,0.0001484326288055608,21,8589934592,0,34361835520,0
validate/sharedbw_fp32_v4_op0_740871a40918.json,True,short;fixed_cost,pre_and_post,sharedbw_fp32_v4_op0,shared,2.6822916011810303e-05,2.6562499351501467e-05,0.007014691197400732,3,2097152,0,557056,8912896
validate/pchase_894b51188b1b.json,True,short,pre_and_post,pchase,latency,0.00010552083075714112,0.0001029687474861145,0.014220503410901968,3,0,0,0,0
validate/matrix_fp16_8x16x16_c1_lds_ae35ab2f3e58.json,True,short;fixed_cost,pre_and_post,matrix_fp16_8x16x16_c1_lds,matrix,1.291666635131836e-05,1.291666635131836e-05,0.0023249004128441573,3,4194304,0,131072,884736
validate/sharedbw_fp32_v4_op2_d4726ce64de3.json,True,short;fixed_cost,pre_and_post,sharedbw_fp32_v4_op2,shared,1.5156249629974366e-05,1.51041662979126e-05,0.001986296797670689,3,0,0,32768,8421376
validate/shared_fp32_v4_op1_xlanes_volatile_c863bd9240e1.json,True,short;fixed_cost,pre_and_post,shared_fp32_v4_op1_xlanes_volatile,shared,1.4270832984924317e-05,1.4218749652862549e-05,0.0021096842966734437,3,0,0,557056,2654208
validate/mem_read_v4_957b26994c9d.json,True,short;fixed_cost,pre_and_post,mem_read_v4,memory,5.2604165382385255e-06,5.208333206176758e-06,0.005735267574731354,3,131072,0,540672,0
validate/matrix_fp16_fp32_8x16x16_c1_00ada7fd7eb8.json,True,short;fixed_cost,pre_and_post,matrix_fp16_fp32_8x16x16_c1,matrix,7.031249828338624e-06,7.031249828338624e-06,0.0,3,4194304,0,40960,0
validate/mem_dot_v4_ed3f0faa9a54.json,True,noisy_median;short;fixed_cost,pre_and_post,mem_dot_v4,memory,1.442708298110962e-05,1.442708298110962e-05,0.08143816870449992,3,262144,0,1048576,0
validate/matrix_int8_8x16x32_c1_gmem_d9e6885d4672.json,True,short;fixed_cost,pre_and_post,matrix_int8_8x16x32_c1_gmem,matrix,2.5052082721710205e-05,2.5052082721710205e-05,0.0011994811686765604,3,0,8388608,827392,0
validate/mem_write_v4_ab1a35814af0.json,True,short;fixed_cost,pre_and_post,mem_write_v4,memory,8.541666458129884e-06,8.541666458129884e-06,0.0,3,0,0,524288,0
validate/ert_f1_b114099c2c6d.json,True,short;fixed_cost,pre_and_post,ert_f1,ert,1.8229166221618654e-05,1.8229166221618654e-05,0.03712690454248287,3,262144,0,1048576,0
validate/sharedbw_fp16_v1_op2_2b1aab73f96c.json,True,short;fixed_cost,pre_and_post,sharedbw_fp16_v1_op2,shared,1.1041666397094728e-05,1.1041666397094728e-05,0.0,3,0,0,8192,1052672
validate/mem_triad_v4_4729e8e7dbfe.json,True,noisy_median;short;fixed_cost,pre_and_post,mem_triad_v4,memory,1.2812499687194825e-05,1.2760416355133057e-05,0.057995747490772576,3,262144,0,1572864,0
validate/mem_copy_v4_90c8956c3c12.json,True,short;fixed_cost,pre_and_post,mem_copy_v4,memory,1.1718749713897705e-05,1.1718749713897705e-05,0.0,3,0,0,1048576,0
validate/ert_f64_88133d8b36d2.json,True,short,pre_and_post,ert_f64,ert,0.0001290104135169983,0.00012895833018493653,0.006159314647642214,3,16777216,0,1048576,0
validate/matrix_fp16_8x16x16_c1_gmem_e2883b2e2e54.json,True,short;fixed_cost,pre_and_post,matrix_fp16_8x16x16_c1_gmem,matrix,1.8697916210174563e-05,1.8697916210174563e-05,0.0,3,4194304,0,819200,0
validate/mem_copy_v4_2d0bea467db8.json,True,short;fixed_cost,pre_and_post,mem_copy_v4,memory,1.1718749713897705e-05,1.1666666381835939e-05,0.0025698083198350753,3,0,0,1048576,0
validate/mem_scale_v4_a8e065527dcb.json,True,short;fixed_cost,pre_and_post,mem_scale_v4,memory,1.2187499702453614e-05,1.2187499702453614e-05,0.0,3,131072,0,1048576,0
validate/alu_fp16_v2_c4_bea89e89c68a.json,True,short;fixed_cost,pre_and_post,alu_fp16_v2_c4,alu,1.5208332962036134e-05,1.5156249629974366e-05,0.0019794866372215966,3,16777216,0,98304,0
validate/alu_fp32_v4_c4_8bd282c1e417.json,True,short;fixed_cost,pre_and_post,alu_fp32_v4_c4,alu,3.43749991607666e-05,3.432291582870484e-05,0.0008752151629958201,3,33554432,0,196608,0
validate/matrix_int8_8x16x32_c1_1ed8f2845075.json,True,short;fixed_cost,pre_and_post,matrix_int8_8x16x32_c1,matrix,7.031249828338624e-06,7.031249828338624e-06,0.0,3,0,8388608,40960,0
validate/matrix_fp16_fp32_8x16x16_c1_gmem_6c792e8bcbb6.json,True,short;fixed_cost,pre_and_post,matrix_fp16_fp32_8x16x16_c1_gmem,matrix,1.874999954223633e-05,1.8697916210174563e-05,0.0016052370783770534,3,4194304,0,827392,0
validate/matrix_fp16_8x16x16_c1_11186ebcb3f0.json,True,short;fixed_cost,pre_and_post,matrix_fp16_8x16x16_c1,matrix,6.979166496276856e-06,6.979166496276856e-06,0.004297892822751606,3,4194304,0,32768,0
validate/mem_copy_v4_volatile_ff82b13d452c.json,True,short;fixed_cost,pre_and_post,mem_copy_v4_volatile,memory,1.6927082920074465e-05,1.6927082920074465e-05,0.0,3,0,0,1048576,0
validate/matrix_fp16_fp32_8x16x16_c1_lds_535b2c1c461a.json,True,short;fixed_cost,pre_and_post,matrix_fp16_fp32_8x16x16_c1_lds,matrix,1.2968749683380128e-05,1.291666635131836e-05,0.00232178392435509,3,4194304,0,139264,884736
validate/alu_fp32_v1_c4_50be58debfab.json,True,short;fixed_cost,pre_and_post,alu_fp32_v1_c4,alu,1.3072916347503663e-05,1.3072916347503663e-05,0.004588214059785083,3,8388608,0,49152,0
validate/dot8_c4_a5660ca390fe.json,True,short;fixed_cost,pre_and_post,dot8_c4,dot,9.739583095550538e-06,9.739583095550538e-06,0.003081940938734592,3,0,16777216,49152,0
validate/shared_fp32_v4_op0_xlanes_volatile_c32799c43b19.json,True,short;fixed_cost,pre_and_post,shared_fp32_v4_op0_xlanes_volatile,shared,1.0833333068847657e-05,1.0833333068847657e-05,0.005533708650379863,3,262144,0,557056,1572864
validate/mem_add_v4_c40d8b1b7d88.json,True,noisy_median;short;fixed_cost,pre_and_post,mem_add_v4,memory,1.2864583019256593e-05,1.2812499687194825e-05,0.046761462220833855,3,131072,0,1572864,0
validate/matrix_int8_8x16x32_c1_lds_4aa79fff6af8.json,True,short;fixed_cost,pre_and_post,matrix_int8_8x16x32_c1_lds,matrix,2.7031249340057376e-05,2.7031249340057376e-05,0.0011117142538952765,3,0,8388608,139264,884736
validate/sharedbw_fp16_v4_op0_aacfe0055bb5.json,True,short;fixed_cost,pre_and_post,sharedbw_fp16_v4_op0,shared,1.828124955368042e-05,1.8177082889556884e-05,0.003296005342662031,3,2097152,0,557056,4456448
sweep-shared/sharedbw_fp32_v2_op0_4e33106228e9.json,True,,pre_and_post,sharedbw_fp32_v2_op0,shared,0.005758176942752839,0.005748645692985535,0.0005727741054500831,21,3903848448,0,13107200,15627976704
sweep-shared/sharedbw_fp16_v2_op2_c82e3261e6c3.json,True,,pre_and_post,sharedbw_fp16_v2_op2,shared,0.006076406101650238,0.006076354018318177,4.3865630491216625e-06,21,0,0,17039360,8732672000
sweep-shared/sharedbw_fp16_v4_op0_c4f70282fca9.json,True,short;fixed_cost,pre_and_post,sharedbw_fp16_v4_op0,shared,0.0003710416576080322,0.00037072915761566166,0.0004355777893519598,21,67108864,0,25427968,146800640
sweep-shared/sharedbw_fp16_v4_op0_acc32_a61b10769976.json,True,,pre_and_post,sharedbw_fp16_v4_op0_acc32,shared,0.006982395662864686,0.006977135246326447,0.000356515978901169,21,1073741824,0,101711872,2197815296
sweep-shared/sharedbw_fp16_v4_op2_b449e3239a3f.json,True,,pre_and_post,sharedbw_fp16_v4_op2,shared,0.005926197771984101,0.005924791522018433,0.0012179215315296485,21,0,0,39845888,20421017600
sweep-shared/sharedbw_fp16_v2_op0_82b70614d1fd.json,True,,pre_and_post,sharedbw_fp16_v2_op0,shared,0.006030937352760315,0.006030104019447327,6.906812620255723e-05,21,9529458688,0,335020032,19207815168
sweep-shared/sharedbw_fp16_v2_op2_2be37c797288.json,True,,pre_and_post,sharedbw_fp16_v2_op2,shared,0.0059089061057395935,0.005908645689079285,1.776467510217668e-05,21,0,0,22675456,11621171200
sweep-shared/sharedbw_fp16_v4_op0_6aab767579d0.json,True,,pre_and_post,sharedbw_fp16_v4_op0,shared,0.005368333202270508,0.005368124868942261,2.64174531648195e-05,21,5368709120,0,524288000,10989076480
sweep-shared/sharedbw_fp16_v4_op0_8a206ea2f107.json,True,,pre_and_post,sharedbw_fp16_v4_op0,shared,0.005802343608341217,0.005801093608371735,9.053826173663735e-05,21,9932111872,0,349175808,20019412992
sweep-shared/sharedbw_fp32_v2_op0_acc32_1ab99ddc272f.json,True,,pre_and_post,sharedbw_fp32_v2_op0_acc32,shared,0.005989374853775025,0.005988749853790284,5.102432951723656e-05,21,2411724800,0,12845056,9659482112
sweep-shared/sharedbw_fp32_v4_op2_5222fbcc7acb.json,True,,pre_and_post,sharedbw_fp32_v4_op2,shared,0.005999010270206452,0.005998854020210266,1.8397792373083332e-05,21,0,0,1048576,36877369344
sweep-shared/sharedbw_fp32_v4_op2_3a72638e07a6.json,True,,pre_and_post,sharedbw_fp32_v4_op2,shared,0.005880156106441498,0.005879166523132325,8.965679778743518e-05,21,0,0,524288,25392840704
sweep-shared/sharedbw_fp32_v2_op0_acc32_99cbbbe4bab7.json,True,,pre_and_post,sharedbw_fp32_v2_op0_acc32,shared,0.005292812370780945,0.0052926561207847595,7.713429140817198e-05,21,1073741824,0,12713984,4307550208
sweep-shared/sharedbw_fp16_v2_op2_9ec15744dd85.json,True,,pre_and_post,sharedbw_fp16_v2_op2,shared,0.005905104022499085,0.0059044790225143435,3.577061241793821e-05,21,0,0,27262976,13972275200
sweep-shared/sharedbw_fp16_v2_op0_82d9be23f8b5.json,True,short;fixed_cost,pre_and_post,sharedbw_fp16_v2_op0,shared,0.00036062499119567874,0.00036046874119949346,0.00021490268883845546,21,33554432,0,25296896,79691776
sweep-shared/sharedbw_fp16_v2_op2_6463c34635d7.json,True,,pre_and_post,sharedbw_fp16_v2_op2,shared,0.006057135268787385,0.006057135268787385,4.400493737937459e-06,21,0,0,8519680,4366336000
sweep-shared/sharedbw_fp32_v2_op2_d50984ab55a3.json,True,,pre_and_post,sharedbw_fp32_v2_op2,shared,0.005877812356498719,0.005877812356498719,2.6653228943225984e-06,21,0,0,131072,8360427520
sweep-shared/sharedbw_fp32_v2_op0_b72284e199d3.json,True,,pre_and_post,sharedbw_fp32_v2_op0,shared,0.005983697770580292,0.005983541520584106,2.8516099354872856e-05,21,941096960,0,12713984,3776970752
sweep-shared/sharedbw_fp16_v4_op0_acc32_4236003bf1cb.json,True,,pre_and_post,sharedbw_fp16_v4_op0_acc32,shared,0.006576406089443207,0.006571718589557648,0.00046657778083910125,21,2147483648,0,102760448,4345298944
sweep-shared/sharedbw_fp16_v2_op0_acc32_f7c112cef9cd.json,True,,pre_and_post,sharedbw_fp16_v2_op0_acc32,shared,0.005336510286380768,0.005334374869766236,0.0002796195083864679,21,4294967296,0,205520896,8690597888
sweep-shared/sharedbw_fp16_v4_op0_64345b1fd1b2.json,True,short;fixed_cost,pre_and_post,sharedbw_fp16_v4_op0,shared,0.0003705208242874146,0.0003703645742912293,0.0009513898675433787,21,67108864,0,25427968,146800640
sweep-shared/sharedbw_fp16_v2_op2_1f615bb616d3.json,True,,pre_and_post,sharedbw_fp16_v2_op2,shared,0.005904583189178467,0.005904531105846406,9.211210277335826e-06,21,0,0,27525120,14106624000
sweep-shared/sharedbw_fp16_v2_op0_7b790be65ca2.json,True,short;fixed_cost,pre_and_post,sharedbw_fp16_v2_op0,shared,0.0003634374911270142,0.0003631249911346436,0.0004224708508293097,21,33554432,0,25296896,79691776
sweep-shared/sharedbw_fp32_v4_op2_a112fc3b43de.json,True,,pre_and_post,sharedbw_fp32_v4_op2,shared,0.005998020686897278,0.005997968603565216,4.40331394014613e-06,21,0,0,262144,12958564352
sweep-shared/sharedbw_fp32_v2_op2_95ba50825174.json,True,,pre_and_post,sharedbw_fp32_v2_op2,shared,0.008588072706996918,0.008586406040370942,0.0001039275926030698,21,0,0,262144,34360000512
sweep-shared/sharedbw_fp32_v4_op0_abb7f24491e4.json,True,,pre_and_post,sharedbw_fp32_v4_op0,shared,0.005748697776317597,0.005742656109798432,0.0007519496587972675,21,1224212480,0,12845056,4909432832
sweep-shared/sharedbw_fp16_v4_op0_b1b2d6c2a21b.json,True,short;fixed_cost,pre_and_post,sharedbw_fp16_v4_op0,shared,0.00029119790955734257,0.00029114582622528077,0.0001131202883265433,21,134217728,0,25690112,281018368
sweep-shared/sharedbw_fp32_v4_op0_acc32_d4d24379dbf6.json,True,,pre_and_post,sharedbw_fp32_v4_op0_acc32,shared,0.0057105727772483825,0.00570166652746582,0.000767036367708702,21,985661440,0,12845056,3955228672
sweep-shared/sharedbw_fp32_v4_op0_072087f7ec2e.json,True,,pre_and_post,sharedbw_fp32_v4_op0,shared,0.005826510274417877,0.005802135275012971,0.003255454015896996,21,1382023168,0,12845056,5540675584
sweep-shared/sharedbw_fp16_v4_op2_89b7403db4ca.json,True,,pre_and_post,sharedbw_fp16_v4_op2,shared,0.005029843627201081,0.005029843627201081,2.2596148264332494e-06,21,0,0,13107200,6717440000
sweep-shared/sharedbw_fp16_v2_op0_acc32_26c5c11c09cf.json,True,short;fixed_cost,pre_and_post,sharedbw_fp16_v2_op0_acc32,shared,0.0006544270673561097,0.0006543749840240479,8.015078609778859e-05,21,134217728,0,25296896,281018368
sweep-shared/sharedbw_fp16_v4_op2_d5c2b1ddf7cc.json,True,,pre_and_post,sharedbw_fp16_v4_op2,shared,0.005961926937778473,0.005961874854446412,7.625384239294285e-06,21,0,0,30932992,15853158400
sweep-shared/sharedbw_fp32_v2_op0_e5e981d1d09c.json,True,,pre_and_post,sharedbw_fp32_v2_op0,shared,0.0059696873542556764,0.005967447770977021,0.0007286002046989061,21,822083584,0,12713984,3300917248
sweep-shared/sharedbw_fp32_v2_op2_1a1e3849560f.json,True,,pre_and_post,sharedbw_fp32_v2_op2,shared,0.005990572770412445,0.005989010270450593,0.00010002966594623076,21,0,0,524288,24147132416
sweep-shared/sharedbw_fp32_v4_op0_4f0c5a6f720a.json,True,,pre_and_post,sharedbw_fp32_v4_op0,shared,0.0057696352758064276,0.005768906109157562,0.00016640921625502483,21,2749366272,0,13107200,11010048000
sweep-shared/sharedbw_fp32_v4_op0_acc32_a9c9b3530706.json,True,,pre_and_post,sharedbw_fp32_v4_op0_acc32,shared,0.005987968603809357,0.005985624853866577,0.00034892026546704024,21,1103101952,0,12845056,4424990720
sweep-shared/sharedbw_fp16_v2_op0_8a2e6be9a522.json,True,short;fixed_cost,pre_and_post,sharedbw_fp16_v2_op0,shared,2.8333332641601565e-05,2.8281249309539795e-05,0.001980771272932587,21,33554432,0,2228224,68157440
sweep-shared/sharedbw_fp32_v2_op0_e10e2ba5a33f.json,True,,pre_and_post,sharedbw_fp32_v2_op0,shared,0.0070997914933319094,0.007098801910022736,0.00013726382279323046,21,12884901888,0,3538944,51542753280
sweep-shared/sharedbw_fp16_v4_op0_acc32_33628f031d9b.json,True,,pre_and_post,sharedbw_fp16_v4_op0_acc32,shared,0.006557395673240662,0.006555208173294068,0.00044263393021252994,21,1073741824,0,101711872,2197815296
sweep-shared/sharedbw_fp32_v4_op0_2949812a7d8f.json,True,,pre_and_post,sharedbw_fp32_v4_op0,shared,0.005998697770214081,0.005984843603885651,0.0013035635561216823,21,5549064192,0,13631488,22208839680
sweep-shared/sharedbw_fp32_v4_op0_00b0e0e9e9bf.json,True,,pre_and_post,sharedbw_fp32_v4_op0,shared,0.005220885289203644,0.005161770707313538,0.00424751584907223,21,1111490560,0,12845056,4458545152
sweep-shared/sharedbw_fp32_v2_op0_5b63b0bf757a.json,True,,pre_and_post,sharedbw_fp32_v2_op0,shared,0.005993489437007904,0.0059933331870117195,1.6323674789967555e-05,21,1893203968,0,12845056,7585398784
sweep-shared/sharedbw_fp16_v2_op0_acc32_4992901ac4d9.json,True,short;fixed_cost,pre_and_post,sharedbw_fp16_v2_op0_acc32,shared,0.000661302067188263,0.0006611458171920777,0.00011269945920174591,21,134217728,0,25296896,281018368
sweep-shared/sharedbw_fp32_v2_op0_acc32_c77dbc0880cb.json,True,,pre_and_post,sharedbw_fp32_v2_op0_acc32,shared,0.005485885282733917,0.0054794790328903204,0.00026788898179554784,21,925892608,0,12713984,3716153344
sweep-shared/sharedbw_fp32_v2_op0_acc32_72806a61e705.json,True,,pre_and_post,sharedbw_fp32_v2_op0_acc32,shared,0.005997083186920166,0.0059862498538513186,0.000906495237401774,21,1019215872,0,12713984,4089446400
sweep-shared/sharedbw_fp16_v2_op0_cd2b890d68a8.json,True,short;fixed_cost,pre_and_post,sharedbw_fp16_v2_op0,shared,0.00033244790855026246,0.0003322916585540772,0.00014260995812063158,21,33554432,0,25296896,79691776
sweep-shared/sharedbw_fp16_v2_op0_ec1deb429dad.json,True,short;fixed_cost,pre_and_post,sharedbw_fp16_v2_op0,shared,0.000251874993850708,0.0002514062438621521,0.0008571886606365641,21,134217728,0,25690112,281018368
sweep-shared/sharedbw_fp16_v2_op0_9e4d8ed4e0a4.json,True,short;fixed_cost,pre_and_post,sharedbw_fp16_v2_op0,shared,0.00027390624331283573,0.0002738020766487122,0.00023762097912811902,21,67108864,0,25427968,146800640
sweep-shared/sharedbw_fp16_v2_op0_acc32_5d357828d28f.json,True,,pre_and_post,sharedbw_fp16_v2_op0_acc32,shared,0.006147499849914551,0.006146614433269501,9.8680448907268e-05,21,2684354560,0,254279680,5494538240
sweep-shared/sharedbw_fp16_v4_op2_9b102c3e12ec.json,True,,pre_and_post,sharedbw_fp16_v4_op2,shared,0.006026093602878571,0.0060257811028862004,3.0627119994194184e-05,21,0,0,48234496,24720179200
sweep-shared/sharedbw_fp32_v2_op2_d19a3fe9e0c0.json,True,,pre_and_post,sharedbw_fp32_v2_op2,shared,0.00588109360641861,0.005879583189788819,0.00018240042011363484,21,0,0,262144,16695689216
sweep-shared/sharedbw_fp16_v4_op0_acc32_a3d0b76b0936.json,True,,pre_and_post,sharedbw_fp16_v4_op0_acc32,shared,0.005226458205734253,0.00522223945583725,0.00044597141613873684,21,805306368,0,76283904,1648361472
sweep-shared/sharedbw_fp32_v4_op0_acc32_cc0603abfed1.json,True,,pre_and_post,sharedbw_fp32_v4_op0_acc32,shared,0.005991718603717804,0.005987916520477295,0.0003836797371741709,21,1044381696,0,12845056,4190109696
sweep-shared/sharedbw_fp16_v2_op0_acc32_12705d0de04f.json,True,short;fixed_cost,pre_and_post,sharedbw_fp16_v2_op0_acc32,shared,0.000645156234249115,0.0006449999842529298,0.0001240675982728188,21,134217728,0,25296896,281018368
sweep-shared/sharedbw_fp16_v4_op0_a88a27e8007e.json,True,short;fixed_cost,pre_and_post,sharedbw_fp16_v4_op0,shared,0.0003232812421073914,0.00032312499211120606,0.00018703741022688816,21,67108864,0,25427968,146800640
sweep-shared/sharedbw_fp32_v2_op0_6dc4bde0756a.json,True,,pre_and_post,sharedbw_fp32_v2_op0,shared,0.005768958192489624,0.0057666665258789065,0.000847701730159719,21,796131328,0,12713984,3197108224
sweep-texture/texture_rgba32f_buffer_6cdd030f7c2b.json,True,,pre_and_post,texture_rgba32f_buffer,texture,0.0060759894349937445,0.006074426935031891,0.0001884073834881486,21,603979776,0,2566914048,0
sweep-texture/texture_rgba32f_tex2d_8976b55da406.json,True,,pre_and_post,texture_rgba32f_tex2d,texture,0.0056645311117057805,0.005638489445674896,0.0018479600334103158,21,536870912,0,2281701376,0
sweep-texture/texture_rgba16f_buffer_bb277f1c8131.json,True,,pre_and_post,texture_rgba16f_buffer,texture,0.005898958189315797,0.005896614439373017,0.0003752338633009451,21,190316544,0,6470762496,0
sweep-texture/texture_rgba32f_buffer_5fa0c4d0bddc.json,True,,pre_and_post,texture_rgba32f_buffer,texture,0.005395520701606751,0.0053867707018203734,0.0006212331087748021,21,88342528,0,6007291904,0
sweep-texture/texture_rgba16f_tex2d_b1db87bfff30.json,True,,pre_and_post,texture_rgba16f_tex2d,texture,0.005479739449550629,0.005418072784389496,0.004796108695403853,21,671088640,0,1426063360,0
sweep-texture/texture_rgba16f_tex2d_7e57c04503a9.json,True,,pre_and_post,texture_rgba16f_tex2d,texture,0.00596859360428238,0.005958906104518891,0.0007869689777239617,21,173015040,0,5882511360,0
sweep-texture/texture_rgba16f_tex3d_7dbf7e2ea3c6.json,True,,pre_and_post,texture_rgba16f_tex3d,texture,0.00599098943706894,0.005976458187423706,0.0010023378460637042,21,175636480,0,5971640320,0
sweep-texture/texture_rgba32f_tex3d_fa984bf976af.json,True,,pre_and_post,texture_rgba32f_tex3d,texture,0.005825937357765198,0.005815468608020783,0.0011275179998291856,21,86769664,0,5900337152,0
sweep-texture/texture_rgba32f_tex3d_85cd50402f2b.json,True,,pre_and_post,texture_rgba32f_tex3d,texture,0.006472968591968537,0.006446510259281159,0.0028723489911250026,21,872415232,0,3707764736,0
sweep-texture/texture_rgba16f_buffer_4d682ca67387.json,True,,pre_and_post,texture_rgba16f_buffer,texture,0.006102031101024628,0.006097864434459687,0.0005027762292778354,21,1207959552,0,2566914048,0
sweep-texture/texture_rgba32f_tex2d_a825ecff9e37.json,True,,pre_and_post,texture_rgba32f_tex2d,texture,0.005296926954013825,0.005286614454265595,0.0009125450448708249,21,73924608,0,5026873344,0
sweep-texture/texture_rgba16f_tex3d_e3f77e2949c2.json,True,,pre_and_post,texture_rgba16f_tex3d,texture,0.005170624873764038,0.005154843624149323,0.001691523109295464,21,1073741824,0,2281701376,0
probe/alu_fp32_v4_c16_e49255099336.json,True,,pre_and_post,alu_fp32_v4_c16,alu,0.005998281103557587,0.005997916520233155,4.54985966458967e-05,21,70061654016,0,37748736,0
probe/alu_fp32_v4_c16_bad6721e8520.json,True,,pre_and_post,alu_fp32_v4_c16,alu,0.005998176936893464,0.005997708186904907,4.050686746829134e-05,21,70061654016,0,37748736,0
probe/alu_fp32_v4_c16_34f86afc497e.json,True,,pre_and_post,alu_fp32_v4_c16,alu,0.005998176936893464,0.005997864436901093,3.4613464528916894e-05,21,70061654016,0,37748736,0
probe/alu_fp32_v4_c16_ca27f2b04da0.json,True,,pre_and_post,alu_fp32_v4_c16,alu,0.005998281103557587,0.0059977602702369695,4.497920476736716e-05,21,70061654016,0,37748736,0
probe/alu_fp32_v4_c16_5428fcd2a8cf.json,True,,pre_and_post,alu_fp32_v4_c16,alu,0.005998124853561402,0.0059977602702369695,6.87898706908517e-05,21,70061654016,0,37748736,0
probe/alu_fp32_v4_c16_e017e128fce6.json,True,,pre_and_post,alu_fp32_v4_c16,alu,0.005998229020225525,0.005997604020240784,4.025342759398473e-05,21,70061654016,0,37748736,0
probe/alu_fp32_v4_c16_fac9401a1bc2.json,True,,pre_and_post,alu_fp32_v4_c16,alu,0.0059983331868896485,0.005997812353569031,4.250020975324677e-05,21,70061654016,0,37748736,0
probe/alu_fp32_v4_c16_dcd069689e6c.json,True,,pre_and_post,alu_fp32_v4_c16,alu,0.005998176936893464,0.0059977602702369695,3.6580930200780645e-05,21,70061654016,0,37748736,0
probe/alu_fp32_v4_c16_0c65c109a31d.json,True,,pre_and_post,alu_fp32_v4_c16,alu,0.005998385270221711,0.005997968603565216,4.394471034831687e-05,21,70061654016,0,37748736,0
probe/alu_fp32_v4_c16_873ec408738a.json,True,,pre_and_post,alu_fp32_v4_c16,alu,0.005998124853561402,0.0059977602702369695,4.750309900035522e-05,21,70061654016,0,37748736,0
probe/alu_fp32_v4_c16_25da11937e84.json,True,,pre_and_post,alu_fp32_v4_c16,alu,0.005998176936893464,0.005997864436901093,3.547433075724028e-05,21,70061654016,0,37748736,0
probe/alu_fp32_v4_c16_b7651aa89448.json,True,,pre_and_post,alu_fp32_v4_c16,alu,0.005998281103557587,0.005997812353569031,4.784465200690356e-05,21,70061654016,0,37748736,0
probe/alu_fp32_v4_c16_c7978201cb25.json,True,,pre_and_post,alu_fp32_v4_c16,alu,0.005998281103557587,0.005997812353569031,4.486705630176264e-05,21,70061654016,0,37748736,0
probe/alu_fp32_v4_c16_935b0fd2b702.json,True,,pre_and_post,alu_fp32_v4_c16,alu,0.005998124853561402,0.0059977602702369695,3.993098724368774e-05,21,70061654016,0,37748736,0
probe/alu_fp32_v4_c16_da425fb90009.json,True,,pre_and_post,alu_fp32_v4_c16,alu,0.005998176936893464,0.005997604020240784,6.013477965006326e-05,21,70061654016,0,37748736,0
probe/alu_fp32_v4_c16_c484d5e7d8ae.json,True,,pre_and_post,alu_fp32_v4_c16,alu,0.005998281103557587,0.0059977602702369695,4.9425175731571807e-05,21,70061654016,0,37748736,0
probe/alu_fp32_v4_c16_96025343b1ba.json,True,,pre_and_post,alu_fp32_v4_c16,alu,0.005998281103557587,0.005997812353569031,4.2385907680279776e-05,21,70061654016,0,37748736,0
probe/alu_fp32_v4_c16_101bf19de790.json,True,,pre_and_post,alu_fp32_v4_c16,alu,0.005998176936893464,0.005997708186904907,5.812744886517508e-05,21,70061654016,0,37748736,0
probe/alu_fp32_v4_c16_5e25c0563324.json,True,,pre_and_post,alu_fp32_v4_c16,alu,0.005998124853561402,0.005997499853576661,4.7154511911989255e-05,21,70061654016,0,37748736,0
probe/alu_fp32_v4_c16_06395620f5ab.json,True,,pre_and_post,alu_fp32_v4_c16,alu,0.005998281103557587,0.005997812353569031,4.6993312611708854e-05,21,70061654016,0,37748736,0
probe/alu_fp32_v4_c16_13044c5ef9cb.json,True,,pre_and_post,alu_fp32_v4_c16,alu,0.005998229020225525,0.005997395686912537,4.851266258812914e-05,21,70061654016,0,37748736,0
probe/alu_fp32_v4_c16_75d41969beed.json,True,,pre_and_post,alu_fp32_v4_c16,alu,0.0059983331868896485,0.005997916520233155,3.859975528061652e-05,21,70061654016,0,37748736,0
probe/alu_fp32_v4_c16_4635dc0799e6.json,True,,pre_and_post,alu_fp32_v4_c16,alu,0.005998229020225525,0.005997916520233155,4.040868163830195e-05,21,70061654016,0,37748736,0
probe/alu_fp32_v4_c16_005111140d68.json,True,,pre_and_post,alu_fp32_v4_c16,alu,0.005998176936893464,0.005997708186904907,4.680583706143287e-05,21,70061654016,0,37748736,0
probe/alu_fp32_v4_c16_b5f2a8675851.json,True,,pre_and_post,alu_fp32_v4_c16,alu,0.005998124853561402,0.005997864436901093,2.794480526270663e-05,21,70061654016,0,37748736,0
probe/alu_fp32_v4_c16_b0727254fd8c.json,True,,pre_and_post,alu_fp32_v4_c16,alu,0.005998229020225525,0.005997916520233155,4.003822593621331e-05,21,70061654016,0,37748736,0
probe/alu_fp32_v4_c16_ea2037c64a32.json,True,,pre_and_post,alu_fp32_v4_c16,alu,0.005998229020225525,0.005997551936908722,4.2707170512532455e-05,21,70061654016,0,37748736,0
probe/alu_fp32_v4_c16_c0c34d581c7a.json,True,,pre_and_post,alu_fp32_v4_c16,alu,0.005998281103557587,0.0059974477702445985,4.574722060985026e-05,21,70061654016,0,37748736,0
probe/alu_fp32_v4_c16_39d615cde39f.json,True,,pre_and_post,alu_fp32_v4_c16,alu,0.005998281103557587,0.005997864436901093,3.769644305358234e-05,21,70061654016,0,37748736,0
probe/alu_fp32_v4_c16_31b10dce136f.json,True,,pre_and_post,alu_fp32_v4_c16,alu,0.005998281103557587,0.005997864436901093,4.781836149046102e-05,21,70061654016,0,37748736,0
probe/alu_fp32_v4_c16_71028e718e82.json,True,,pre_and_post,alu_fp32_v4_c16,alu,0.005998229020225525,0.005997499853576661,4.618476296426699e-05,21,70061654016,0,37748736,0
probe/alu_fp32_v4_c16_532706ba40f4.json,True,,pre_and_post,alu_fp32_v4_c16,alu,0.005998229020225525,0.005997812353569031,5.226712412139013e-05,21,70061654016,0,37748736,0
probe/alu_fp32_v4_c16_ee5b19165ef4.json,True,,pre_and_post,alu_fp32_v4_c16,alu,0.005998176936893464,0.005997708186904907,3.994465380925213e-05,21,70061654016,0,37748736,0
probe/alu_fp32_v4_c16_5d30765398a3.json,True,,pre_and_post,alu_fp32_v4_c16,alu,0.0059983331868896485,0.005997551936908722,4.947185868527685e-05,21,70061654016,0,37748736,0
sustain-preflight-0/alu_fp16_v4_c1_015f21a76349.json,True,noisy_median,pre_and_post,alu_fp16_v4_c1,alu,0.0058616665235595704,0.005861458190231324,0.21445555706182529,5,159987531776,0,100663296,0
sustain-preflight-0/matrix_fp16_fp32_8x16x16_c8_5ca12f41ca29.json,True,noisy_median;fixed_cost,pre_and_post,matrix_fp16_fp32_8x16x16_c8,matrix,0.007975937305274964,0.005893854022773743,0.34454990008441655,5,681826058240,0,79691776,0
sustain-preflight-0/mem_read_v4_233bcbd82968.json,True,,pre_and_post,mem_read_v4,memory,0.005870520690010071,0.005801093608371735,0.005915265776272542,5,671088640,0,2688548864,0
latency-capacity/pchase_de017110e6d0.json,True,short;fixed_cost,pre_and_post,pchase,latency,0.0018246874554519654,0.0018246874554519654,0.0014930435581985756,9,0,0,0,0
latency-capacity/pchase_56720562ba49.json,True,,pre_and_post,pchase,latency,0.3118117632207413,0.3110525444892769,0.0008257621572176097,9,0,0,0,0
latency-capacity/pchase_0a9699fccb96.json,True,,pre_and_post,pchase,latency,0.27190608711166764,0.2718660871126442,0.0009594006595065772,9,0,0,0,0
latency-capacity/pchase_333fc56dffd3.json,True,short,pre_and_post,pchase,latency,0.0016070312107658387,0.0016052603774757387,0.0003673544358047947,9,0,0,0,0
latency-capacity/pchase_77707ffcc7f0.json,True,,pre_and_post,pchase,latency,0.005441249867156983,0.005337916536346436,0.0063463978393407845,9,0,0,0,0
latency-capacity/pchase_3477f59ec397.json,True,,pre_and_post,pchase,latency,0.010888958067489624,0.01067046848949051,0.006704144038248891,9,0,0,0,0
latency-capacity/pchase_b742f137003d.json,True,,pre_and_post,pchase,latency,0.0532383841169014,0.052572863299816135,0.004177451554972962,9,0,0,0,0
latency-capacity/pchase_9b2f9f329b1b.json,True,short,pre_and_post,pchase,latency,0.0015952603777198793,0.0015952082943878174,3.0296911210391337e-05,9,0,0,0,0
latency-capacity/pchase_887ae22ddc9b.json,True,short,pre_and_post,pchase,latency,0.001649114543071747,0.001649114543071747,0.0006197661198325383,9,0,0,0,0
latency-capacity/pchase_4e9df5340f71.json,True,short,pre_and_post,pchase,latency,0.0015920832944641115,0.0015920832944641115,8.723466123873602e-05,9,0,0,0,0
sweep-matrix-feed/matrix_fp16_fp32_8x16x16_c8_lds_241c20320dc8.json,True,,pre_and_post,matrix_fp16_fp32_8x16x16_c8_lds,matrix,0.0051692707071304324,0.005165312373893738,0.000775013566653462,21,549755813888,0,130023424,12935233536
sweep-matrix-feed/matrix_int8_8x16x32_c4_gmem_02c51561bc7c.json,True,,pre_and_post,matrix_int8_8x16x32_c4_gmem,matrix,0.005823229024497986,0.005808489441524506,0.001063370622588897,21,0,104152956928,2487222272,0
sweep-matrix-feed/matrix_fp16_fp32_8x16x16_c2_gmem_290d96f5cb80.json,True,,pre_and_post,matrix_fp16_fp32_8x16x16_c2_gmem,matrix,0.006026093602878571,0.006013645686515808,0.0011067471347443682,21,220385509376,0,20690501632,0
sweep-matrix-feed/matrix_fp16_8x16x16_c1_gmem_b10ec1088209.json,True,,pre_and_post,matrix_fp16_8x16x16_c1_gmem,matrix,0.005552031114452362,0.005545520697944641,0.0005895277513152278,21,12884901888,0,2466250752,0
sweep-matrix-feed/matrix_fp16_8x16x16_c8_lds_3bdf28bb7848.json,True,,pre_and_post,matrix_fp16_8x16x16_c8_lds,matrix,0.005948906104763031,0.005944687354866028,0.00022391797826377065,21,652835028992,0,1832910848,16257122304
sweep-matrix-feed/matrix_int8_8x16x32_c4_lds_43d77f60c3dc.json,True,,pre_and_post,matrix_int8_8x16x32_c4_lds,matrix,0.00575203110956955,0.0057185415270538335,0.0035945991125744146,21,0,781147176960,96468992,18358468608
sweep-matrix-feed/matrix_fp16_8x16x16_c2_gmem_c6394f212f86.json,True,,pre_and_post,matrix_fp16_8x16x16_c2_gmem,matrix,0.006069062351829529,0.006056822768795014,0.0006048732057867926,21,214748364800,0,20656947200,0
sweep-matrix-feed/matrix_fp16_8x16x16_c4_gmem_23da36c4b868.json,True,,pre_and_post,matrix_fp16_8x16x16_c4_gmem,matrix,0.006098020684455872,0.0060871873513870245,0.0026263409507772863,21,412316860416,0,20031995904,0
sweep-matrix-feed/matrix_fp16_fp32_8x16x16_c4_lds_d2ff7963cabf.json,True,,pre_and_post,matrix_fp16_fp32_8x16x16_c4_lds,matrix,0.005858593606967926,0.005842447774028778,0.0017359397591919317,21,596463583232,0,96468992,28009562112
sweep-matrix-feed/matrix_fp16_8x16x16_c1_lds_e035702c00f3.json,True,short;fixed_cost,pre_and_post,matrix_fp16_8x16x16_c1_lds,matrix,0.00018177082889556887,0.00018145832890319825,0.0008929856020494008,21,4294967296,0,67108864,855638016
sweep-matrix-feed/matrix_fp16_fp32_8x16x16_c2_lds_fd7ec3e4d5c8.json,True,,pre_and_post,matrix_fp16_fp32_8x16x16_c2_lds,matrix,0.005866926940097809,0.005856822773677826,0.000872969865308189,21,313935265792,0,79691776,29481762816
sweep-matrix-feed/matrix_fp16_8x16x16_c4_gmem_45ce007ed45a.json,True,,pre_and_post,matrix_fp16_8x16x16_c4_gmem,matrix,0.005794635275196076,0.00578031235887909,0.0006879870293311097,21,51539607552,0,2503999488,0
sweep-matrix-feed/matrix_fp16_8x16x16_c8_gmem_1c1cd76edd5b.json,True,,pre_and_post,matrix_fp16_8x16x16_c8_gmem,matrix,0.006015572769802094,0.006007135270008087,0.0005461544796979274,21,103079215104,0,2554331136,0
sweep-matrix-feed/matrix_int8_8x16x32_c8_gmem_b78a74bde25b.json,True,,pre_and_post,matrix_int8_8x16x32_c8_gmem,matrix,0.005615520696235657,0.0055535415310821535,0.005743888642178398,21,0,198642237440,2407530496,0
sweep-matrix-feed/matrix_fp16_8x16x16_c1_gmem_ab6297dba7fd.json,True,,pre_and_post,matrix_fp16_8x16x16_c1_gmem,matrix,0.005967395687644959,0.0059602602711524965,0.0006303402470360374,21,107374182400,0,20552089600,0
sweep-matrix-feed/matrix_fp16_fp32_8x16x16_c1_gmem_4f1a85c97715.json,True,,pre_and_post,matrix_fp16_fp32_8x16x16_c1_gmem,matrix,0.0058543227737388615,0.005845104023963928,0.0006649335168346261,21,13623099392,0,2575302656,0
sweep-matrix-feed/matrix_fp16_8x16x16_c2_gmem_2e7ad4981ef4.json,True,,pre_and_post,matrix_fp16_8x16x16_c2_gmem,matrix,0.005645989445491791,0.005640260278964996,0.0007689104256585021,21,25769803776,0,2478833664,0
sweep-matrix-feed/matrix_fp16_fp32_8x16x16_c1_lds_8c18a1f62d90.json,True,,pre_and_post,matrix_fp16_fp32_8x16x16_c1_lds,matrix,0.005863176940189362,0.005852708190444947,0.0008580825244703952,21,161329709056,0,71303168,30299652096
sweep-matrix-feed/matrix_fp16_fp32_8x16x16_c1_gmem_8eedde9f2ad1.json,True,,pre_and_post,matrix_fp16_fp32_8x16x16_c1_gmem,matrix,0.005919010272159577,0.005907187355781556,0.0013407582166290724,21,109857210368,0,20619198464,0
sweep-matrix-feed/matrix_fp16_fp32_8x16x16_c4_gmem_47b8438e9578.json,True,,pre_and_post,matrix_fp16_fp32_8x16x16_c4_gmem,matrix,0.005834218607563019,0.005827291524398804,0.0008279469269134358,21,52613349376,0,2512388096,0
sweep-matrix-feed/matrix_fp16_fp32_8x16x16_c4_gmem_94fa4058f1fb.json,True,,pre_and_post,matrix_fp16_fp32_8x16x16_c4_gmem,matrix,0.005182812373466492,0.005133020708015443,0.00465163358480461,21,367756574720,0,17284726784,0
sweep-matrix-feed/matrix_int8_8x16x32_c8_lds_1efbffa085e9.json,True,,pre_and_post,matrix_int8_8x16x32_c8_lds,matrix,0.005957187354560852,0.005951874854690552,0.0008578943873687278,21,0,1230508130304,130023424,14470348800
sweep-matrix-feed/matrix_int8_8x16x32_c4_gmem_c4c6d8fc2f3a.json,True,,pre_and_post,matrix_int8_8x16x32_c4_gmem,matrix,0.0055133852820625304,0.005498124865768433,0.0019898206082110638,21,0,549755813888,12931039232,0
sweep-matrix-feed/matrix_int8_8x16x32_c1_lds_1e21ac8d8c3a.json,True,,pre_and_post,matrix_int8_8x16x32_c1_lds,matrix,0.0057725519424018865,0.00576765610918808,0.0006223265543732711,21,0,198508019712,71303168,18660458496
sweep-matrix-feed/matrix_int8_8x16x32_c2_lds_bc67abdde39a.json,True,,pre_and_post,matrix_int8_8x16x32_c2_lds,matrix,0.005746406109706879,0.005738229026573181,0.001166571503244607,21,0,418759311360,79691776,19679674368
sweep-matrix-feed/matrix_fp16_fp32_8x16x16_c8_gmem_e93285c26d3d.json,True,,pre_and_post,matrix_fp16_fp32_8x16x16_c8_gmem,matrix,0.006009426936618805,0.005992968603687286,0.0027833528742535205,21,632433934336,0,14902362112,0
sweep-matrix-feed/matrix_int8_8x16x32_c1_gmem_bf958f676498.json,True,,pre_and_post,matrix_int8_8x16x32_c1_gmem,matrix,0.005664739445034027,0.005640416528961182,0.0018851833666516217,21,0,136633647104,12830375936,0
sweep-matrix-feed/matrix_int8_8x16x32_c2_gmem_ce32ba1cdb14.json,True,,pre_and_post,matrix_int8_8x16x32_c2_gmem,matrix,0.005992083187042236,0.005978489437374115,0.001717110888660155,21,0,290447163392,13644070912,0
sweep-matrix-feed/matrix_fp16_fp32_8x16x16_c8_gmem_a1cab72dc260.json,True,,pre_and_post,matrix_fp16_fp32_8x16x16_c8_gmem,matrix,0.005761249859344483,0.005749218609638214,0.0013452842279570495,21,101468602368,0,2457862144,0
sweep-matrix-feed/matrix_fp16_8x16x16_c4_lds_e50d4c495438.json,True,short;fixed_cost,pre_and_post,matrix_fp16_8x16x16_c4_lds,matrix,0.0001900520786933899,0.00018953124537277223,0.002592214677878381,21,17179869184,0,79691776,855638016
sweep-matrix-feed/matrix_int8_8x16x32_c1_gmem_9838c814507a.json,True,,pre_and_post,matrix_int8_8x16x32_c1_gmem,matrix,0.0058495831905212405,0.005834791524215698,0.0010191546145076318,21,0,26977763328,2550136832,0
sweep-matrix-feed/matrix_int8_8x16x32_c2_gmem_cf8822e2b3ab.json,True,,pre_and_post,matrix_int8_8x16x32_c2_gmem,matrix,0.005717916527069092,0.005711249860565186,0.0010162475940503559,21,0,52076478464,2470445056,0
sweep-matrix-feed/matrix_fp16_fp32_8x16x16_c2_gmem_374a1d79aedc.json,True,,pre_and_post,matrix_fp16_fp32_8x16x16_c2_gmem,matrix,0.005894218606098176,0.005883072773036957,0.0008715051972939284,21,27111981056,0,2571108352,0
sweep-matrix-feed/matrix_fp16_8x16x16_c2_lds_00ccf0213a6e.json,True,short;fixed_cost,pre_and_post,matrix_fp16_8x16x16_c2_lds,matrix,0.00018291666220092775,0.00018270832887268067,0.0006341173128397745,21,8589934592,0,71303168,855638016
sweep-matrix-feed/matrix_fp16_8x16x16_c8_gmem_883fef795e6b.json,True,,pre_and_post,matrix_fp16_8x16x16_c8_gmem,matrix,0.006415937343360901,0.006384583177459717,0.0027055609480040985,21,687194767360,0,17028874240,0
sweep-matrix-feed/matrix_int8_8x16x32_c8_gmem_0a728ab96e87.json,True,,pre_and_post,matrix_int8_8x16x32_c8_gmem,matrix,0.005548333197875977,0.00552015611523056,0.0032485461400226325,21,0,1099511627776,12964593664,0
sweep-compute/alu_fp16_v2_c1_d351b7a71211.json,True,,pre_and_post,alu_fp16_v2_c1,alu,0.005994895686973572,0.005993124853683472,0.00048567090432718513,21,152739774464,0,50331648,0
sweep-compute/matrix_int8_8x16x32_c4_728dd4a6b6fd.json,True,,pre_and_post,matrix_int8_8x16x32_c4,matrix,0.005999322770198823,0.005999270686866761,4.44293567335114e-06,21,0,1321239314432,11534336,0
sweep-compute/alu_fp16_v2_c4_bd98c2076d65.json,True,,pre_and_post,alu_fp16_v2_c4,alu,0.005538854031440736,0.005538176948123932,8.585426556746087e-05,21,137438953472,0,25165824,0
sweep-compute/alu_fp16_v1_c4_885fb9280f57.json,True,,pre_and_post,alu_fp16_v1_c4,alu,0.005845833190612794,0.005845468607288361,4.530440159290189e-05,21,114890375168,0,25165824,0
sweep-compute/alu_fp16_v1_c16_4259cdb51f1f.json,True,,pre_and_post,alu_fp16_v1_c16,alu,0.005826354024421692,0.005825833191101075,4.627743588058155e-05,21,135157252096,0,18874368,0
sweep-compute/alu_fp16_v4_c1_5b9fb44f7aca.json,True,,pre_and_post,alu_fp16_v4_c1,alu,0.005888801939563751,0.005888489439571381,4.301767391382342e-05,21,158578245632,0,25165824,0
sweep-compute/alu_fp32_v1_c8_caf27746155f.json,True,,pre_and_post,alu_fp32_v1_c8,alu,0.0062872915131683355,0.006286874846511841,0.00018158297209544864,21,68719476736,0,83886080,0
sweep-compute/dot8_c8_8a631a39b462.json,True,,pre_and_post,dot8_c8,dot,0.006029947769451142,0.006029687352790833,2.246055325217073e-05,21,0,168577466368,83886080,0
sweep-compute/alu_fp16_v1_c16_967346bc995f.json,True,,pre_and_post,alu_fp16_v1_c16,alu,0.005875624856552125,0.005874479023246766,0.00015196593613476836,21,139049566208,0,75497472,0
sweep-compute/alu_fp32_v4_c2_e420a8703abf.json,True,,pre_and_post,alu_fp32_v4_c2,alu,0.005565885280780792,0.0055656769474525455,1.737507394040447e-05,21,49727668224,0,16777216,0
sweep-compute/alu_fp16_v2_c4_6e4d213ee305.json,True,,pre_and_post,alu_fp16_v2_c4,alu,0.005735104026649476,0.0057344790266647344,0.0014462456653951356,21,143612968960,0,50331648,0
sweep-compute/alu_fp32_v2_c2_0a68d97e20fc.json,True,,pre_and_post,alu_fp32_v2_c2,alu,0.0050591665431518554,0.005035364460399628,0.0010293413947950795,21,36641439744,0,33554432,0
sweep-compute/matrix_fp16_fp32_8x16x16_c8_58132eda8469.json,True,,pre_and_post,matrix_fp16_fp32_8x16x16_c8,matrix,0.006000520686836243,0.006000208186843873,0.002112237020780248,21,694174089216,0,79691776,0
sweep-compute/alu_fp16_v4_c4_cd24dcbf4efc.json,True,,pre_and_post,alu_fp16_v4_c4,alu,0.005882395689720155,0.005881926939731598,0.002266692979273776,21,124017180672,0,100663296,0
sweep-compute/alu_fp32_v1_c16_d058ce068a01.json,True,,pre_and_post,alu_fp32_v1_c16,alu,0.006682916503509522,0.006682604003517151,2.727452971756239e-05,21,68719476736,0,75497472,0
sweep-compute/alu_fp16_v4_c8_616d3bcda284.json,True,,pre_and_post,alu_fp16_v4_c8,alu,0.006098645684440613,0.0060983852677803044,3.118403101223701e-05,21,53687091200,0,335544320,0
sweep-compute/matrix_int8_8x16x32_c8_8c653c6f8a08.json,True,,pre_and_post,matrix_int8_8x16x32_c8,matrix,0.005894010272769928,0.005893749856109619,0.0020995410218204373,21,0,1363652116480,79691776,0
sweep-compute/alu_fp16_v1_c4_0c3b318cb78f.json,True,,pre_and_post,alu_fp16_v1_c4,alu,0.005358906119167328,0.005358333202514649,6.230027777661479e-05,21,105495134208,0,50331648,0
sweep-compute/alu_fp32_v1_c4_e970b9abc087.json,True,,pre_and_post,alu_fp32_v1_c4,alu,0.006005624853378296,0.006005260270053864,2.7136081287756788e-05,21,54760833024,0,50331648,0
sweep-compute/alu_fp16_v4_c1_bc0697c1bb94.json,True,,pre_and_post,alu_fp16_v4_c1,alu,0.005459114450054169,0.0054584894500694274,4.878666374477874e-05,21,144183394304,0,12582912,0
sweep-compute/alu_fp32_v1_c4_c91bc282d467.json,True,,pre_and_post,alu_fp32_v1_c4,alu,0.005788697775341034,0.0057884894420127874,2.0099710818827957e-05,21,51774488576,0,6291456,0
sweep-compute/alu_fp16_v2_c2_c95a36b22980.json,True,,pre_and_post,alu_fp16_v2_c2,alu,0.005584739446987152,0.005561770697547913,0.0020244632879018527,21,137438953472,0,33554432,0
sweep-compute/dot8_c1_ebaf4d8dd75c.json,True,,pre_and_post,dot8_c1,dot,0.005995572770290375,0.005994114436992645,0.001976190825327854,21,0,138982457344,12582912,0
sweep-compute/alu_fp32_v4_c8_f6f77d98a506.json,True,,pre_and_post,alu_fp32_v4_c8,alu,0.005896926939365387,0.005896562356040955,4.322195100711843e-05,21,71135395840,0,41943040,0
sweep-compute/alu_fp32_v4_c4_8ae382a5c3ee.json,True,,pre_and_post,alu_fp32_v4_c4,alu,0.006126093600437164,0.0061258331837768555,2.899197406934712e-05,21,44023414784,0,201326592,0
sweep-compute/matrix_fp16_8x16x16_c4_b4267f340fad.json,True,short;fixed_cost,pre_and_post,matrix_fp16_8x16x16_c4,matrix,4.359374893569947e-05,4.35416656036377e-05,0.0005947908464961559,21,4294967296,0,7340032,0
sweep-compute/alu_fp32_v1_c4_88c9899ad57e.json,True,,pre_and_post,alu_fp32_v1_c4,alu,0.005874583189910889,0.005874426939914704,1.2686699888240511e-05,21,53217329152,0,12582912,0
sweep-compute/alu_fp32_v4_c16_742dc67ede3b.json,True,,pre_and_post,alu_fp32_v4_c16,alu,0.006025676936222077,0.006025156102901459,4.4367343514987e-05,21,71940702208,0,75497472,0
sweep-compute/alu_fp16_v1_c16_666c6f06f875.json,True,,pre_and_post,alu_fp16_v1_c16,alu,0.005801249858367921,0.005800989441707612,3.5837120765921646e-05,21,137438953472,0,150994944,0
sweep-compute/alu_fp32_v2_c4_3367d96e7b85.json,True,,pre_and_post,alu_fp32_v2_c4,alu,0.006013437353187562,0.006013281103191376,1.766928572703127e-05,21,55834574848,0,100663296,0
sweep-compute/matrix_fp16_fp32_8x16x16_c8_e79bfe2594ea.json,True,,pre_and_post,matrix_fp16_fp32_8x16x16_c8,matrix,0.0058658331901245125,0.005865676940128327,0.017524139491914236,21,671088640000,0,19922944,0
sweep-compute/alu_fp16_v4_c16_3e667b73fe6a.json,True,,pre_and_post,alu_fp16_v4_c16,alu,0.0060473436023597725,0.006046614435710907,6.96831415408322e-05,21,67645734912,0,150994944,0
sweep-compute/alu_fp16_v2_c4_c5b74c025645.json,True,,pre_and_post,alu_fp16_v2_c4,alu,0.00515859362405777,0.005158229040733338,4.144163863212292e-05,21,129385889792,0,100663296,0
sweep-compute/alu_fp16_v1_c1_4110324320f7.json,True,,pre_and_post,alu_fp16_v1_c1,alu,0.005894270689430237,0.005884895689659119,0.001612865366911039,21,94539612160,0,3145728,0
sweep-compute/alu_fp32_v2_c8_b969a8c758b6.json,True,,pre_and_post,alu_fp32_v2_c8,alu,0.005975051937458039,0.005946562354820252,0.0019145659714204012,21,42412802048,0,83886080,0
sweep-compute/alu_fp16_v1_c8_2a38b0ae740b.json,True,,pre_and_post,alu_fp16_v1_c8,alu,0.006007551936664582,0.006006510270023346,0.002085972695050214,21,137707388928,0,41943040,0
sweep-compute/dot8_c1_0dd823982b7f.json,True,,pre_and_post,dot8_c1,dot,0.0053495832027282714,0.005343801952869416,0.0005733696813390676,21,0,120611405824,3145728,0
sweep-compute/alu_fp32_v4_c1_f5777806bb56.json,True,,pre_and_post,alu_fp32_v4_c1,alu,0.006003645686759949,0.0060033852700996405,2.6965720765483264e-05,21,43486543872,0,50331648,0
sweep-compute/alu_fp32_v1_c1_442abcd8393f.json,True,,pre_and_post,alu_fp32_v1_c1,alu,0.006024999852905274,0.006000156103511811,0.00195904547950475,21,43553652736,0,12582912,0
sweep-compute/alu_fp32_v4_c4_8d08ba912c25.json,True,,pre_and_post,alu_fp32_v4_c4,alu,0.005895520689399719,0.005895312356071472,1.9210604086753968e-05,21,41741713408,0,25165824,0
sweep-compute/dot8_c4_deac23b910b6.json,True,,pre_and_post,dot8_c4,dot,0.005894426939426422,0.005894322772762299,6.538811533997012e-06,21,0,188039036928,12582912,0
sweep-compute/dot8_c2_f74c70e3b6c6.json,True,,pre_and_post,dot8_c2,dot,0.005995833186950684,0.005995624853622437,2.6334030121548307e-05,21,0,185757335552,33554432,0
sweep-compute/alu_fp32_v4_c8_12fb98142c28.json,True,,pre_and_post,alu_fp32_v4_c8,alu,0.006032031102733613,0.006031770686073304,2.4811454855178262e-05,21,73014444032,0,83886080,0
sweep-compute/alu_fp16_v4_c4_3287b55b63db.json,True,,pre_and_post,alu_fp16_v4_c4,alu,0.005999270686866761,0.005998749853546143,3.014565057073621e-05,21,123882962944,0,25165824,0
sweep-compute/alu_fp16_v1_c4_1e3e0df3033e.json,True,,pre_and_post,alu_fp16_v1_c4,alu,0.005999635270191193,0.005999010270206452,3.8227118210708215e-05,21,115561463808,0,6291456,0
sweep-compute/alu_fp32_v1_c16_07ee55c4b32d.json,True,,pre_and_post,alu_fp32_v1_c16,alu,0.0058870831896057135,0.0058867706896133425,2.8103171499930354e-05,21,59861106688,0,37748736,0
sweep-compute/alu_fp16_v1_c8_d1f3b4b1ea8f.json,True,,pre_and_post,alu_fp16_v1_c8,alu,0.005833385274250031,0.005832447774272919,0.00011710393176863582,21,132607115264,0,20971520,0
sweep-compute/matrix_fp16_8x16x16_c4_c600fc7d9809.json,True,,pre_and_post,matrix_fp16_8x16x16_c4,matrix,0.005996926936923981,0.005995624853622437,0.00016773079249236906,21,670014898176,0,1145044992,0
sweep-compute/dot8_c1_d37c3d93b8e6.json,True,,pre_and_post,dot8_c1,dot,0.005999791520187378,0.0059992186035346985,8.40541957761311e-05,21,0,139318001664,25165824,0
sweep-compute/alu_fp32_v4_c4_564eed337f1b.json,True,,pre_and_post,alu_fp32_v4_c4,alu,0.005894999856079102,0.005894687356086731,3.205347096476834e-05,21,42144366592,0,50331648,0
sweep-compute/alu_fp32_v2_c4_ab27f105c05f.json,True,,pre_and_post,alu_fp32_v2_c4,alu,0.005456249866790772,0.00545619778345871,6.386442216351511e-06,21,49928994816,0,12582912,0
sweep-compute/alu_fp16_v4_c4_50326fb7d3e3.json,True,,pre_and_post,alu_fp16_v4_c4,alu,0.0060048436033973696,0.006004374853408814,3.703662049601238e-05,21,126701535232,0,201326592,0
sweep-compute/alu_fp32_v4_c1_af130bfcfae9.json,True,,pre_and_post,alu_fp32_v4_c1,alu,0.0060057290200424196,0.006005468603382111,1.9947146102374286e-05,21,43486543872,0,25165824,0
sweep-compute/matrix_int8_8x16x32_c8_01507ea2959f.json,True,,pre_and_post,matrix_int8_8x16x32_c8,matrix,0.0058649477734794625,0.0058646352734870915,0.013638419467908858,21,0,1342177280000,19922944,0
sweep-compute/alu_fp16_v1_c1_781e5ce0fa91.json,True,drifting,pre_and_post,alu_fp16_v1_c1,alu,0.005518645698600769,0.005504791532272339,0.028458649551307686,21,95143591936,0,6291456,0
sweep-compute/alu_fp32_v2_c16_03ada4bb9820.json,True,,pre_and_post,alu_fp32_v2_c16,alu,0.005362708202407837,0.005362447785747528,3.198741872994797e-05,21,68719476736,0,75497472,0
sweep-compute/alu_fp16_v2_c4_da830a1905c7.json,True,,pre_and_post,alu_fp16_v2_c4,alu,0.005990676937076569,0.00599010402042389,7.617152942163773e-05,21,146364432384,0,12582912,0
sweep-compute/alu_fp32_v2_c2_f87b281d3596.json,True,,pre_and_post,alu_fp32_v2_c2,alu,0.006004947770061493,0.006004739436733246,1.402389791779167e-05,21,43486543872,0,16777216,0
sweep-compute/alu_fp32_v2_c8_3865bbcb9b17.json,True,,pre_and_post,alu_fp32_v2_c8,alu,0.0055703644473381045,0.005569843614017487,3.530441996515922e-05,21,39728447488,0,167772160,0
sweep-compute/alu_fp32_v4_c16_123e7915fc9a.json,True,,pre_and_post,alu_fp32_v4_c16,alu,0.0060263540195388795,0.006025989436214447,3.2980425281091985e-05,21,73014444032,0,603979776,0
sweep-compute/alu_fp16_v4_c2_0d7b26a49561.json,True,,pre_and_post,alu_fp16_v4_c2,alu,0.005898385272663117,0.005898124856002808,5.299030912043713e-05,21,132070244352,0,134217728,0
sweep-compute/alu_fp32_v2_c4_33d302669a21.json,True,,pre_and_post,alu_fp32_v2_c4,alu,0.005371718618854523,0.0053495832027282714,0.0017884533388330959,21,49660559360,0,50331648,0
sweep-compute/alu_fp16_v2_c2_7589b0441bc2.json,True,,pre_and_post,alu_fp16_v2_c2,alu,0.005999010270206452,0.005998854020210266,3.275413850910262e-05,21,144250503168,0,8388608,0
sweep-compute/alu_fp32_v4_c16_b41179ec70fb.json,True,,pre_and_post,alu_fp32_v4_c16,alu,0.006077083184967041,0.006076666518310547,4.432471653425071e-05,21,73014444032,0,150994944,0
sweep-compute/dot8_c8_95a266c3472b.json,True,,pre_and_post,dot8_c8,dot,0.005998176936893464,0.005997812353569031,2.8334094094282567e-05,21,0,166966853632,20971520,0
sweep-compute/alu_fp32_v4_c4_eb5c1ca18d9c.json,True,,pre_and_post,alu_fp32_v4_c4,alu,0.005977656104061127,0.00597713527074051,0.001919351126621737,21,42949672960,0,100663296,0
sweep-compute/alu_fp32_v1_c16_44c37ad97d8d.json,True,,pre_and_post,alu_fp32_v1_c16,alu,0.005417864451061249,0.00541760403440094,3.634032498208203e-05,21,55834574848,0,150994944,0
sweep-compute/dot8_c8_f5d2cb0935c6.json,True,,pre_and_post,dot8_c8,dot,0.005881874856399537,0.0058540102737464905,0.0019027348410764942,21,0,163745628160,41943040,0
sweep-compute/alu_fp32_v4_c2_b945583bcf52.json,True,,pre_and_post,alu_fp32_v4_c2,alu,0.006035312352653504,0.006034531102672577,4.686517608389259e-05,21,54760833024,0,134217728,0
sweep-compute/alu_fp16_v4_c2_a6949913a24e.json,True,,pre_and_post,alu_fp16_v4_c2,alu,0.006003645686759949,0.005978645687370301,0.001250320024764225,21,133680857088,0,67108864,0
sweep-compute/alu_fp16_v1_c2_deae28556a10.json,True,,pre_and_post,alu_fp16_v1_c2,alu,0.005044791543502808,0.005044010293521881,9.395273920504477e-05,21,96603209728,0,8388608,0
sweep-compute/alu_fp16_v2_c8_da3ebb6129d7.json,True,,pre_and_post,alu_fp16_v2_c8,alu,0.005852343607120514,0.005851406107143403,8.970160776647338e-05,21,144955146240,0,41943040,0
sweep-compute/dot8_c2_fd63ff602e51.json,True,,pre_and_post,dot8_c2,dot,0.0056701561115684515,0.005668176944950104,0.00016173849766685887,21,0,171496701952,4194304,0
sweep-compute/alu_fp16_v4_c1_d4e6ef36a779.json,True,,pre_and_post,alu_fp16_v4_c1,alu,0.005051197793346405,0.005050468626697541,0.00200395019515632,21,137438953472,0,50331648,0
sweep-compute/alu_fp16_v2_c1_1bca8e2ff6b6.json,True,,pre_and_post,alu_fp16_v2_c1,alu,0.005752968609546662,0.005749322776302338,0.0003151627507402884,21,144015622144,0,12582912,0
sweep-compute/alu_fp32_v1_c2_16abc474e287.json,True,,pre_and_post,alu_fp32_v1_c2,alu,0.005889687356208801,0.005887708189590455,0.00020786711612714366,21,51304726528,0,8388608,0
sweep-compute/alu_fp16_v2_c16_f4d8a31ae578.json,True,,pre_and_post,alu_fp16_v2_c16,alu,0.005954999854614259,0.005954583187957764,3.1609744496084324e-05,21,68719476736,0,75497472,0
sweep-compute/alu_fp16_v4_c2_d06bcb04144c.json,True,,pre_and_post,alu_fp16_v4_c2,alu,0.0058466144405937195,0.005846406107265473,6.41430346940291e-05,21,129654325248,0,33554432,0
sweep-compute/alu_fp32_v2_c16_42b54f7c0cd3.json,True,,pre_and_post,alu_fp32_v2_c16,alu,0.005991510270389557,0.0059912498537292485,2.635310663020987e-05,21,77309411328,0,150994944,0
sweep-compute/alu_fp16_v2_c8_93fc8ee5f24c.json,True,,pre_and_post,alu_fp16_v2_c8,alu,0.0054957290324935916,0.005495260282505036,6.102275378173628e-05,21,137438953472,0,167772160,0
sweep-compute/alu_fp32_v1_c1_3cce40d4b371.json,True,,pre_and_post,alu_fp32_v1_c1,alu,0.006003489436763764,0.005994687353645325,0.002073833849495281,21,42320527360,0,3145728,0
sweep-compute/alu_fp32_v4_c1_eb543ffbff35.json,True,,pre_and_post,alu_fp32_v4_c1,alu,0.005900416522613526,0.0059000519392890935,4.442803932862489e-05,21,42949672960,0,100663296,0
sweep-compute/dot8_c4_bf077456b583.json,True,,pre_and_post,dot8_c4,dot,0.005888072772914887,0.0058879686062507635,7.19656673016573e-06,21,0,185623117824,6291456,0
sweep-compute/alu_fp32_v4_c1_22fb84aa0ae2.json,True,,pre_and_post,alu_fp32_v4_c1,alu,0.005894791522750855,0.005894635272754669,1.2056140786314423e-05,21,42245029888,0,12582912,0
sweep-compute/alu_fp32_v4_c8_a2f0e8c20a70.json,True,,pre_and_post,alu_fp32_v4_c8,alu,0.005290051954181672,0.005289739454189301,2.8275046216672134e-05,21,64424509440,0,167772160,0
sweep-compute/alu_fp16_v2_c1_cb2797ab604a.json,True,,pre_and_post,alu_fp16_v2_c1,alu,0.005430416534088135,0.005421822784297943,0.00126413582914599,21,131701145600,0,6291456,0
sweep-compute/dot8_c4_89c383fd0896.json,True,,pre_and_post,dot8_c4,dot,0.005845833190612794,0.005845624857284546,2.04927429528781e-05,21,0,186562641920,25165824,0
sweep-compute/alu_fp32_v2_c16_63f60937faf3.json,True,,pre_and_post,alu_fp32_v2_c16,alu,0.005046718626789093,0.0050465102934608465,2.71371734317046e-05,21,64424509440,0,37748736,0
sweep-compute/alu_fp32_v2_c8_f9fd6aab0855.json,True,,pre_and_post,alu_fp32_v2_c8,alu,0.0058997394392967225,0.005899322772640229,4.1182589557162854e-05,21,41875931136,0,41943040,0
sweep-compute/alu_fp32_v1_c2_d5a4b5b506e8.json,True,,pre_and_post,alu_fp32_v1_c2,alu,0.005787551942035675,0.005780364442211152,0.0016828289339397102,21,50667192320,0,16777216,0
sweep-compute/alu_fp16_v1_c8_3a72880f3228.json,True,,pre_and_post,alu_fp16_v1_c8,alu,0.005169479040458679,0.005168593623813629,6.180813198219498e-05,21,118648471552,0,83886080,0
sweep-compute/alu_fp32_v2_c16_fcd7d6c1276e.json,True,,pre_and_post,alu_fp32_v2_c16,alu,0.005988072770473481,0.005987916520477295,2.370630149223095e-05,21,77309411328,0,301989888,0
sweep-compute/alu_fp32_v2_c8_ad601b4b635c.json,True,,pre_and_post,alu_fp32_v2_c8,alu,0.005898801939319611,0.005898229022666931,4.838399608857555e-05,21,41473277952,0,20971520,0
sweep-compute/alu_fp32_v1_c2_93ea32b0a1c1.json,True,,pre_and_post,alu_fp32_v1_c2,alu,0.005999635270191193,0.005996666520263672,0.000303779813488411,21,51522830336,0,4194304,0
sweep-compute/dot8_c2_be213e515cc9.json,True,,pre_and_post,dot8_c2,dot,0.0058923956894760135,0.005892135272815705,0.0014018691939456855,21,0,182401892352,16777216,0
sweep-compute/matrix_fp16_8x16x16_c8_a310afda110b.json,True,,pre_and_post,matrix_fp16_8x16x16_c8,matrix,0.005065937376319885,0.0050573957098617554,0.001470059942602416,21,549755813888,0,738197504,0
sweep-compute/alu_fp32_v2_c1_5291be07e9e8.json,True,,pre_and_post,alu_fp32_v2_c1,alu,0.005995572770290375,0.005995156103633881,7.577903885600841e-05,21,42798678016,0,6291456,0
sweep-compute/dot8_c4_16cb2fcbac98.json,True,,pre_and_post,dot8_c4,dot,0.005777499858947754,0.0057772915256195075,2.438046481062165e-05,21,0,185220464640,50331648,0
sweep-compute/alu_fp16_v1_c2_b6baae4ede3e.json,True,,pre_and_post,alu_fp16_v1_c2,alu,0.005840312357414246,0.005838906107448578,8.348049164723347e-05,21,109387448320,0,4194304,0
sweep-compute/matrix_int8_8x16x32_c4_8c1ad939c6a7.json,True,,pre_and_post,matrix_int8_8x16x32_c4,matrix,0.00587666652319336,0.005876249856536866,3.5377211719953584e-05,21,0,1359357149184,46137344,0
sweep-compute/alu_fp16_v1_c1_9fad0c46e8a7.json,True,,pre_and_post,alu_fp16_v1_c1,alu,0.00577322902571869,0.005770364442455292,0.0003766270639878601,21,99857989632,0,25165824,0
sweep-compute/alu_fp16_v1_c1_5c37a9bc8872.json,True,,pre_and_post,alu_fp16_v1_c1,alu,0.0058737498565979,0.005868801940052033,0.012866636542089162,21,101300830208,0,12582912,0
sweep-compute/alu_fp32_v2_c4_3d4d1d565265.json,True,,pre_and_post,alu_fp32_v2_c4,alu,0.005057291543197632,0.005057083209869385,3.2318015586906695e-05,21,46707769344,0,25165824,0
sweep-compute/matrix_fp16_8x16x16_c8_d302e15a1c48.json,True,,pre_and_post,matrix_fp16_8x16x16_c8,matrix,0.005858541523635865,0.005852656107112885,0.0006438808668684985,21,652835028992,0,876609536,0
sweep-compute/alu_fp32_v1_c8_215c70978661.json,True,,pre_and_post,alu_fp32_v1_c8,alu,0.006006197770030976,0.006005833186706543,3.2152374831216385e-05,21,64961380352,0,20971520,0
sweep-compute/alu_fp16_v2_c1_ed92510f6365.json,True,,pre_and_post,alu_fp16_v2_c1,alu,0.005996614436931611,0.005993385270343781,0.0011899697813656143,21,152270012416,0,25165824,0
sweep-compute/dot8_c1_c0f6acc46697.json,True,,pre_and_post,dot8_c1,dot,0.0058802602731056215,0.005879479023124695,0.00016697954500057344,21,0,135157252096,6291456,0
sweep-compute/alu_fp16_v1_c2_5609075db96b.json,True,,pre_and_post,alu_fp16_v1_c2,alu,0.005865104023475647,0.005864687356819154,7.109064340683673e-05,21,114085068800,0,33554432,0
sweep-compute/alu_fp16_v1_c16_61c5e041e62d.json,True,,pre_and_post,alu_fp16_v1_c16,alu,0.005954791521286011,0.005953541521316529,0.00017182352938360294,21,139854872576,0,37748736,0
sweep-compute/alu_fp16_v2_c8_3c150afd92c7.json,True,,pre_and_post,alu_fp16_v2_c8,alu,0.005888801939563751,0.005888072772914887,0.0012708435322957767,21,147102629888,0,83886080,0
sweep-compute/alu_fp16_v1_c8_b83344c1e397.json,True,,pre_and_post,alu_fp16_v1_c8,alu,0.005892551939472199,0.0058923956894760135,2.6305134155422336e-05,21,132070244352,0,10485760,0
sweep-compute/alu_fp16_v4_c8_8a7d3b3bd723.json,True,,pre_and_post,alu_fp16_v4_c8,alu,0.005943229021568299,0.00594296860490799,2.7453932132304807e-05,21,52076478464,0,83886080,0
sweep-compute/alu_fp32_v2_c1_ab8819febfee.json,True,,pre_and_post,alu_fp32_v2_c1,alu,0.005854218607074738,0.005853854023750306,6.252424955087644e-05,21,42312138752,0,12582912,0
sweep-compute/alu_fp32_v2_c1_345aea9c789c.json,True,,pre_and_post,alu_fp32_v2_c1,alu,0.0058973956893539434,0.005883854023017884,0.0011795539506510556,21,42815455232,0,50331648,0
sweep-compute/alu_fp16_v4_c4_350820269e45.json,True,,pre_and_post,alu_fp16_v4_c4,alu,0.005656822778560638,0.005656458195236206,3.412061371616112e-05,21,118380036096,0,50331648,0
sweep-compute/alu_fp16_v2_c2_d84bc8f3ec94.json,True,,pre_and_post,alu_fp16_v2_c2,alu,0.005029999877197266,0.005029426960544587,5.0353223727765464e-05,21,124554051584,0,67108864,0
sweep-compute/alu_fp16_v4_c16_cf646d1b0a2f.json,True,,pre_and_post,alu_fp16_v4_c16,alu,0.0061621352662239075,0.006161458182907105,8.292442016591636e-05,21,68719476736,0,75497472,0
sweep-compute/alu_fp32_v1_c8_c1e55040c7bd.json,True,,pre_and_post,alu_fp32_v1_c8,alu,0.005900676939273835,0.005900416522613526,3.97596112982498e-05,21,64424509440,0,41943040,0
sweep-compute/dot8_c8_9325d28a3b82.json,True,,pre_and_post,dot8_c8,dot,0.005999010270206452,0.00599895818687439,4.867237662674726e-06,21,0,165356240896,10485760,0
sweep-compute/matrix_fp16_fp32_8x16x16_c4_099860cadc8d.json,True,,pre_and_post,matrix_fp16_fp32_8x16x16_c4,matrix,0.005999114436870575,0.005999062353538514,5.118741729278983e-06,21,660485439488,0,11534336,0
sweep-compute/dot8_c2_2d919e4ff933.json,True,,pre_and_post,dot8_c2,dot,0.005047031126781464,0.005046145710136414,8.054472099952281e-05,21,0,155021475840,8388608,0
sweep-compute/alu_fp16_v4_c16_6e3ba1bedeec.json,True,,pre_and_post,alu_fp16_v4_c16,alu,0.006119531100597382,0.006119114433940888,4.45428077768017e-05,21,68719476736,0,603979776,0
sweep-compute/alu_fp16_v2_c8_7285a426e2c2.json,True,,pre_and_post,alu_fp16_v2_c8,alu,0.005630260279209137,0.0056299998625488285,3.118126688415132e-05,21,137438953472,0,20971520,0
sweep-compute/alu_fp16_v4_c1_33fbde686ba3.json,True,,pre_and_post,alu_fp16_v4_c1,alu,0.0058616665235595704,0.005861301940235138,3.1706341638751425e-05,21,159987531776,0,100663296,0
sweep-compute/alu_fp32_v4_c2_62f5940c36bc.json,True,,pre_and_post,alu_fp32_v4_c2,alu,0.006007864436656953,0.006007447770000458,5.425125915315558e-05,21,54223962112,0,33554432,0
sweep-compute/alu_fp32_v2_c1_4e55d38a8a48.json,True,,pre_and_post,alu_fp32_v2_c1,alu,0.005859791523605347,0.005859322773616791,0.0016910548522352379,21,42614128640,0,25165824,0
sweep-compute/alu_fp16_v2_c2_bda1cba20add.json,True,,pre_and_post,alu_fp16_v2_c2,alu,0.005890572772853851,0.005889999856201172,4.098874489510718e-05,21,144149839872,0,16777216,0
sweep-compute/alu_fp32_v1_c1_82e4b7240248.json,True,,pre_and_post,alu_fp32_v1_c1,alu,0.005364635285694122,0.005363281119060517,0.0006128943772579275,21,38654705664,0,6291456,0
sweep-compute/alu_fp16_v1_c4_dabe7215c8d1.json,True,,pre_and_post,alu_fp16_v1_c4,alu,0.005261458204879761,0.00526052070490265,8.812952066295162e-05,21,102609453056,0,12582912,0
sweep-compute/alu_fp32_v4_c2_67b0dd7d8a9f.json,True,,pre_and_post,alu_fp32_v4_c2,alu,0.0059159894388999944,0.0058879686062507635,0.002165330176592035,21,53418655744,0,67108864,0
sweep-compute/alu_fp16_v2_c16_e54ec7eae9bc.json,True,,pre_and_post,alu_fp16_v2_c16,alu,0.006100416517730713,0.006100104017738342,2.760879054592428e-05,21,70866960384,0,301989888,0
sweep-compute/alu_fp32_v1_c4_196f4850997b.json,True,,pre_and_post,alu_fp32_v1_c4,alu,0.005916301938892365,0.005890885272846222,0.0018263302288048335,21,53687091200,0,25165824,0
sweep-compute/alu_fp16_v2_c16_691e2f367786.json,True,,pre_and_post,alu_fp16_v2_c16,alu,0.0060116144365653995,0.006011354019905091,2.982105498109743e-05,21,69793218560,0,150994944,0
sweep-compute/alu_fp32_v4_c8_6d240913dee4.json,True,,pre_and_post,alu_fp32_v4_c8,alu,0.006166666516113282,0.006166354016120911,2.48096644762921e-05,21,75161927680,0,335544320,0
sweep-compute/alu_fp32_v2_c2_d8ef3946c704.json,True,,pre_and_post,alu_fp32_v2_c2,alu,0.005900676939273835,0.005899999855957031,4.8465341995696015e-05,21,42949672960,0,67108864,0
sweep-compute/alu_fp32_v2_c2_6b5cadf71da8.json,True,,pre_and_post,alu_fp32_v2_c2,alu,0.006002604020118714,0.0060024998534545905,6.50417767043531e-06,21,43016781824,0,8388608,0
sweep-compute/alu_fp16_v2_c16_45b5f0ca408d.json,True,,pre_and_post,alu_fp16_v2_c16,alu,0.00590260402256012,0.005902187355903626,2.8592344032496847e-05,21,67914170368,0,37748736,0
sweep-compute/alu_fp16_v4_c2_3231086b4ad4.json,True,,pre_and_post,alu_fp16_v4_c2,alu,0.005891301939502717,0.005890885272846222,3.0356806136914236e-05,21,128781910016,0,16777216,0
sweep-compute/alu_fp16_v4_c8_80ddec679c9e.json,True,,pre_and_post,alu_fp16_v4_c8,alu,0.005890885272846222,0.0058906248561859135,3.0645339087945306e-05,21,51539607552,0,41943040,0
sweep-compute/alu_fp32_v1_c8_7f02d80015cc.json,True,,pre_and_post,alu_fp32_v1_c8,alu,0.006001666520141602,0.0060013019368171695,3.474351631705544e-05,21,64088965120,0,10485760,0
sweep-compute/alu_fp16_v4_c16_a629e7339d02.json,True,,pre_and_post,alu_fp16_v4_c16,alu,0.006109843600833893,0.006109270684181213,6.544879049821661e-05,21,68719476736,0,301989888,0
sweep-compute/alu_fp16_v4_c8_48a537b965e2.json,True,,pre_and_post,alu_fp16_v4_c8,alu,0.006095208184524537,0.006094895684532166,2.9388392752043924e-05,21,53687091200,0,167772160,0
sweep-compute/alu_fp32_v4_c16_ed7e1ca7e26b.json,True,,pre_and_post,alu_fp32_v4_c16,alu,0.0060310936027565005,0.00603078110276413,3.166817739178894e-05,21,73014444032,0,301989888,0
sweep-compute/matrix_fp16_fp32_8x16x16_c4_de88f11f41a8.json,True,,pre_and_post,matrix_fp16_fp32_8x16x16_c4,matrix,0.005876614439861298,0.005876145689872742,0.003448970020663052,21,679678574592,0,46137344,0
sweep-compute/alu_fp32_v1_c1_f85d66b25b59.json,True,,pre_and_post,alu_fp32_v1_c1,alu,0.005880156106441498,0.00587963527312088,7.68240000117491e-05,21,42748346368,0,25165824,0
sweep-compute/alu_fp32_v1_c16_3a20c64cec89.json,True,,pre_and_post,alu_fp32_v1_c16,alu,0.005879947773113251,0.005879479023124695,3.4032950793287644e-05,21,59592671232,0,18874368,0
sweep-compute/alu_fp32_v1_c2_09671d13eaee.json,True,,pre_and_post,alu_fp32_v1_c2,alu,0.005814687358039856,0.005811874858108521,0.000545581138944864,21,50868518912,0,33554432,0
sweep-compute/alu_fp16_v1_c2_6644a97b3434.json,True,,pre_and_post,alu_fp16_v1_c2,alu,0.005684843611209869,0.005684218611225128,6.183275160832907e-05,21,110192754688,0,16777216,0
confirm/matrix_fp16_8x16x16_c8_2ddae391948a.json,True,,pre_and_post,matrix_fp16_8x16x16_c8,matrix,0.00616749984942627,0.006159218599628449,0.0006342327710786006,21,687194767360,0,922746880,0
confirm/mem_triad_v4_55401b45a9c6.json,True,,pre_and_post,mem_triad_v4,memory,0.006818229000205994,0.006795364417430878,0.0016934487567748478,21,447390720,0,2684344320,0
confirm/texture_rgba32f_tex3d_1830c88c68ac.json,True,,pre_and_post,texture_rgba32f_tex3d,texture,0.005427499867492676,0.00541494778446579,0.0010999008247242251,21,80740352,0,5490343936,0
confirm/texture_rgba16f_tex2d_d8b86391b214.json,True,,pre_and_post,texture_rgba16f_tex2d,texture,0.0065700519229316716,0.006519791507492066,0.0041541283652400994,21,805306368,0,1711276032,0
confirm/sharedbw_fp16_v4_op2_0ed347146a55.json,True,,pre_and_post,sharedbw_fp16_v4_op2,shared,0.0052401561220664986,0.0052397915387420654,3.7516773047675506e-05,21,0,0,41943040,21495808000
confirm/matrix_int8_8x16x32_c8_8cf6c1262d36.json,True,,pre_and_post,matrix_int8_8x16x32_c8,matrix,0.006000520686836243,0.006000260270175934,0.002109540432899295,21,0,1388348178432,79691776,0
confirm/sharedbw_fp32_v4_op2_eedf453bf099.json,True,,pre_and_post,sharedbw_fp32_v4_op2,shared,0.005985833187194824,0.005984947770549774,8.27511732498511e-05,21,0,0,524288,25850019840
confirm/texture_rgba32f_tex2d_b4d0faadda59.json,True,,pre_and_post,texture_rgba32f_tex2d,texture,0.005670937361549378,0.005655468611927033,0.0019128390056130358,21,536870912,0,2281701376,0
confirm/texture_rgba16f_tex2d_257f7d9f6aa4.json,True,,pre_and_post,texture_rgba16f_tex2d,texture,0.006573229006187439,0.006543593590244294,0.004353905575458517,21,805306368,0,1711276032,0
confirm/sharedbw_fp16_v4_op2_789f147254f5.json,True,,pre_and_post,sharedbw_fp16_v4_op2,shared,0.006018645686393738,0.006004062353416443,0.0015318327341048523,21,0,0,40370176,20689715200
confirm/mem_copy_v4_0a1b2f6dc263.json,True,,pre_and_post,mem_copy_v4,memory,0.005948124854782105,0.005905156105831147,0.004266228501059201,21,0,0,2415919104,0
confirm/mem_read_v4_98b02917204d.json,True,,pre_and_post,mem_read_v4,memory,0.00577619777564621,0.005757708192764282,0.0016342257997529316,21,671088640,0,2688548864,0
confirm/matrix_int8_8x16x32_c8_600f9b944042.json,True,,pre_and_post,matrix_int8_8x16x32_c8,matrix,0.005787447775371552,0.00578708319204712,2.2157363943752195e-05,21,0,1338956054528,79691776,0
confirm/matrix_fp16_8x16x16_c8_gmem_6e4b1dd9181f.json,True,,pre_and_post,matrix_fp16_8x16x16_c8_gmem,matrix,0.006331093595432282,0.00627682276342392,0.0038571840553212654,21,687194767360,0,17028874240,0
confirm/matrix_int8_8x16x32_c4_gmem_e632e642d935.json,True,,pre_and_post,matrix_int8_8x16x32_c4_gmem,matrix,0.005515833198669434,0.005500520699043274,0.0014847933212784542,21,0,549755813888,12931039232,0
confirm/sharedbw_fp32_v2_op0_9bd8ef9848f3.json,True,,pre_and_post,sharedbw_fp32_v2_op0,shared,0.007100468576648713,0.007098176910037995,0.0002445538362446363,21,12884901888,0,3538944,51542753280
confirm/mem_write_v4_5a47180f41be.json,True,,pre_and_post,mem_write_v4,memory,0.006004895686729432,0.005926406105312348,0.005394450190716877,21,0,0,2415919104,0
confirm/matrix_fp16_fp32_8x16x16_c4_b7858f79ce1c.json,True,,pre_and_post,matrix_fp16_fp32_8x16x16_c4,matrix,0.005876562356529236,0.005876197773204804,0.003444963348596435,21,679678574592,0,46137344,0
confirm/matrix_fp16_8x16x16_c8_gmem_c5b46a15683f.json,True,,pre_and_post,matrix_fp16_8x16x16_c8_gmem,matrix,0.006321249845672608,0.00629624984628296,0.002779899437168876,21,687194767360,0,17028874240,0
confirm/matrix_int8_8x16x32_c4_gmem_1b8e948fd4fc.json,True,,pre_and_post,matrix_int8_8x16x32_c4_gmem,matrix,0.0055184373652725225,0.005502447782329559,0.0018946521149354409,21,0,549755813888,12931039232,0
confirm/mem_read_v4_49df65583441.json,True,,pre_and_post,mem_read_v4,memory,0.005899114439311981,0.005894114439434052,0.0006787809405423102,21,8876195840,0,35508977664,0
confirm/matrix_fp16_8x16x16_c8_388a54afec16.json,True,,pre_and_post,matrix_fp16_8x16x16_c8,matrix,0.006166666516113282,0.006161822766231537,0.0005264075284254848,21,687194767360,0,922746880,0
confirm/matrix_fp16_fp32_8x16x16_c4_gmem_4f88e7f0d1b2.json,True,,pre_and_post,matrix_fp16_fp32_8x16x16_c4_gmem,matrix,0.0059747394374656685,0.005948072771450043,0.0032682891645799982,21,419027746816,0,19688062976,0
confirm/matrix_fp16_fp32_8x16x16_c8_514d34539456.json,True,,pre_and_post,matrix_fp16_fp32_8x16x16_c8,matrix,0.00589406235610199,0.005893801939441681,0.004666048228928224,21,681826058240,0,79691776,0
confirm/matrix_fp16_8x16x16_c4_gmem_60dc1623bced.json,True,,pre_and_post,matrix_fp16_8x16x16_c4_gmem,matrix,0.006076614434978486,0.006059114435405731,0.002473950180079635,21,412316860416,0,20031995904,0
confirm/sharedbw_fp32_v4_op2_ea1ee5d9dc42.json,True,,pre_and_post,sharedbw_fp32_v4_op2,shared,0.0051459894576988225,0.0051451040410537725,0.00013231842006272113,21,0,0,524288,22221946880
confirm/texture_rgba16f_tex2d_bbe156b01271.json,True,,pre_and_post,texture_rgba16f_tex2d,texture,0.00597447902080536,0.005962499854431153,0.0025719745425111036,21,173015040,0,5882511360,0
confirm/sharedbw_fp16_v4_op0_a0777c8f6c85.json,True,,pre_and_post,sharedbw_fp16_v4_op0,shared,0.005057760293186188,0.005057083209869385,7.950994270379919e-05,21,8657043456,0,304349184,17449353216
confirm/matrix_fp16_fp32_8x16x16_c2_gmem_6f6341f2bcec.json,True,,pre_and_post,matrix_fp16_fp32_8x16x16_c2_gmem,matrix,0.005896093606052399,0.005885833189636231,0.0007749704700126525,21,27111981056,0,2571108352,0
confirm/texture_rgba16f_buffer_acd51d075dad.json,True,,pre_and_post,texture_rgba16f_buffer,texture,0.006102551934345246,0.006095937351173401,0.00046265921051522106,21,1207959552,0,2566914048,0
confirm/matrix_fp16_8x16x16_c2_gmem_7e19d7e67c11.json,True,,pre_and_post,matrix_fp16_8x16x16_c2_gmem,matrix,0.005645416528839112,0.005639374862319946,0.0009171199299351367,21,25769803776,0,2478833664,0
confirm/mem_copy_v4_25245480ab4b.json,True,,pre_and_post,mem_copy_v4,memory,0.005930729021873474,0.005873541523269654,0.004865358523915241,21,0,0,2415919104,0
confirm/texture_rgba16f_tex2d_cbcb18a67fd4.json,True,,pre_and_post,texture_rgba16f_tex2d,texture,0.005967499854309082,0.005959999854492188,0.0007024960346554002,21,173015040,0,5882511360,0
confirm/matrix_int8_8x16x32_c8_lds_5e466a6ad9a9.json,True,,pre_and_post,matrix_int8_8x16x32_c8_lds,matrix,0.005826301941089631,0.005822187357856751,0.0005140712544061664,21,0,1202590842880,130023424,14143193088
confirm/mem_read_v4_72c3aee7a77e.json,True,,pre_and_post,mem_read_v4,memory,0.005779114442241669,0.005753593609531403,0.001732212370118543,21,671088640,0,2688548864,0
confirm/texture_rgba16f_tex3d_123d2b858f19.json,True,,pre_and_post,texture_rgba16f_tex3d,texture,0.00517390612368393,0.0051616144573173525,0.0012382760765651485,21,1073741824,0,2281701376,0
confirm/matrix_fp16_8x16x16_c8_lds_ef45fafa5300.json,True,,pre_and_post,matrix_fp16_8x16x16_c8_lds,matrix,0.0053215623700790405,0.005316406120204926,0.0003995363335992828,21,584115552256,0,1639972864,14545846272
confirm/mem_read_v4_568828677619.json,True,,pre_and_post,mem_read_v4,memory,0.005986458187179566,0.005948801938098908,0.002688703629485969,21,7957118976,0,31830573056,0
confirm/alu_fp32_v2_c16_ee4db3db4aef.json,True,,pre_and_post,alu_fp32_v2_c16,alu,0.006153801933094025,0.006153593599765778,2.3659133768536522e-05,21,79456894976,0,301989888,0
confirm/sharedbw_fp32_v2_op0_0bddce5e650c.json,True,,pre_and_post,sharedbw_fp32_v2_op0,shared,0.0071006769099769594,0.007099062326683045,0.00012832322753064543,21,12884901888,0,3538944,51542753280
confirm/texture_rgba32f_tex3d_79a6c9b5acff.json,True,,pre_and_post,texture_rgba32f_tex3d,texture,0.005970624854232789,0.005948072771450043,0.0020306554297389694,21,88866816,0,6042943488,0
confirm/matrix_fp16_8x16x16_c1_gmem_1046fe64b948.json,True,,pre_and_post,matrix_fp16_8x16x16_c1_gmem,matrix,0.0055520831977844244,0.005543385281330109,0.0006947353014863724,21,12884901888,0,2466250752,0
confirm/texture_rgba16f_tex3d_a2703639b933.json,True,,pre_and_post,texture_rgba16f_tex3d,texture,0.005974166520812989,0.005961926937778473,0.0010645077641865605,21,175112192,0,5953814528,0
confirm/alu_fp32_v2_c16_9b39caf3da6a.json,True,,pre_and_post,alu_fp32_v2_c16,alu,0.00607411443503952,0.006073854018379211,2.670555808443828e-05,21,78383153152,0,150994944,0
confirm/texture_rgba16f_buffer_ea688bbd84ff.json,True,,pre_and_post,texture_rgba16f_buffer,texture,0.006101822767696381,0.006097135267810822,0.000548986153309663,21,1207959552,0,2566914048,0
confirm/alu_fp16_v4_c1_12d7088ece75.json,True,,pre_and_post,alu_fp16_v4_c1,alu,0.005989270687110901,0.005988958187118531,2.411580673361186e-05,21,163477192704,0,100663296,0
confirm/matrix_fp16_fp32_8x16x16_c8_lds_14014b733966.json,True,,pre_and_post,matrix_fp16_fp32_8x16x16_c8_lds,matrix,0.005169687373786927,0.005167083207183838,0.0008740382863882339,21,549755813888,0,130023424,12935233536
confirm/matrix_fp16_fp32_8x16x16_c2_gmem_c04e067480b0.json,True,,pre_and_post,matrix_fp16_fp32_8x16x16_c2_gmem,matrix,0.005835156107540131,0.005825051941120148,0.0008737746131831307,21,26843545600,0,2545942528,0
confirm/matrix_fp16_fp32_8x16x16_c4_gmem_438cfe7d4d77.json,True,,pre_and_post,matrix_fp16_fp32_8x16x16_c4_gmem,matrix,0.005995729020286561,0.005983697770580292,0.0022514526451298264,21,421712101376,0,19813892096,0
confirm/matrix_fp16_fp32_8x16x16_c8_gmem_4dd8b05e8dba.json,True,,pre_and_post,matrix_fp16_fp32_8x16x16_c8_gmem,matrix,0.00520338528963089,0.00518807279000473,0.0016620967381970684,21,549755813888,0,12964593664,0
confirm/matrix_fp16_fp32_8x16x16_c1_gmem_be2665109325.json,True,,pre_and_post,matrix_fp16_fp32_8x16x16_c1_gmem,matrix,0.005898697772655488,0.00589260402280426,0.0006049662189759183,21,13757317120,0,2600468480,0
confirm/texture_rgba32f_buffer_8b24b93c34ef.json,True,,pre_and_post,texture_rgba32f_buffer,texture,0.006076301934986115,0.006073697768383027,0.0001977256582627437,21,603979776,0,2566914048,0
confirm/texture_rgba32f_tex2d_fdaa82ac8f6e.json,True,,pre_and_post,texture_rgba32f_tex2d,texture,0.005669739444911957,0.005644374862197876,0.0024703979523320566,21,536870912,0,2281701376,0
confirm/matrix_int8_8x16x32_c4_lds_f2c57568d04b.json,True,,pre_and_post,matrix_int8_8x16x32_c4_lds,matrix,0.005124843624881745,0.005112083208526612,0.0030299085617262905,21,0,694174089216,96468992,16320036864
confirm/mem_write_v4_3505fe1985ba.json,True,,pre_and_post,mem_write_v4,memory,0.007081926910434723,0.006984843579471589,0.007343090461146073,21,0,0,2147483648,0
confirm/alu_fp16_v4_c1_907a06300263.json,True,,pre_and_post,alu_fp16_v4_c1,alu,0.0058616665235595704,0.005861406106899262,2.8948224878622686e-05,21,159987531776,0,100663296,0
confirm/texture_rgba16f_buffer_93026c588627.json,True,,pre_and_post,texture_rgba16f_buffer,texture,0.00544499986706543,0.005440520700508118,0.0004381766026094628,21,175636480,0,5971640320,0
confirm/matrix_int8_8x16x32_c8_gmem_ba9591b07988.json,True,,pre_and_post,matrix_int8_8x16x32_c8_gmem,matrix,0.0055496873645095824,0.005527968615039826,0.00345635990386029,21,0,1099511627776,12964593664,0
confirm/matrix_fp16_8x16x16_c4_203f845f66f3.json,True,,pre_and_post,matrix_fp16_8x16x16_c4,matrix,0.005997083186920166,0.005995781103618622,0.0001243962810708158,21,670014898176,0,1145044992,0
confirm/matrix_fp16_fp32_8x16x16_c1_gmem_a79e2b1dfd08.json,True,,pre_and_post,matrix_fp16_fp32_8x16x16_c1_gmem,matrix,0.005853072773769379,0.005839531107433319,0.0007900619719224383,21,13623099392,0,2575302656,0
confirm/texture_rgba32f_buffer_507ec5552949.json,True,,pre_and_post,texture_rgba32f_buffer,texture,0.005492135282581329,0.005487864449352265,0.0004095065918793508,21,89915392,0,6114246656,0
confirm/sharedbw_fp32_v4_op2_e53f01c8948f.json,True,,pre_and_post,sharedbw_fp32_v4_op2,shared,0.00567307277816391,0.005672864444835663,1.639866671404026e-05,21,0,0,1048576,34872492032
confirm/matrix_fp16_fp32_8x16x16_c4_946c31637b01.json,True,,pre_and_post,matrix_fp16_fp32_8x16x16_c4,matrix,0.005994687353645325,0.00599453110364914,3.2347385645536454e-05,21,693368782848,0,46137344,0
confirm/alu_fp32_v2_c16_7591c5f61248.json,True,,pre_and_post,alu_fp32_v2_c16,alu,0.00607411443503952,0.0060739061017112735,2.938899190408394e-05,21,78383153152,0,150994944,0
confirm/matrix_int8_8x16x32_c4_lds_545e40f79541.json,True,,pre_and_post,matrix_int8_8x16x32_c4_lds,matrix,0.005912447772319794,0.005864531106822968,0.0051047292880787845,21,0,801548271616,96468992,18836619264
confirm/mem_read_v4_9965c3630afe.json,True,,pre_and_post,mem_read_v4,memory,0.005894270689430237,0.005889270689552308,0.0005752484884112458,21,8868855808,0,35479617536,0
confirm/texture_rgba32f_buffer_3f89e8a36939.json,True,,pre_and_post,texture_rgba32f_buffer,texture,0.0059696873542556764,0.005961093604465485,0.000571307367415826,21,97779712,0,6649020416,0
confirm/matrix_fp16_fp32_8x16x16_c8_c0f7f1cb726e.json,True,,pre_and_post,matrix_fp16_fp32_8x16x16_c8,matrix,0.005838489440792084,0.0058380727741355895,0.004210321578147118,21,675383607296,0,79691776,0
confirm/texture_rgba16f_tex3d_2c2158007f87.json,True,,pre_and_post,texture_rgba16f_tex3d,texture,0.005650468612049103,0.0056409373622817996,0.0008632143252500487,21,165675008,0,5632950272,0
confirm/matrix_fp16_fp32_8x16x16_c8_63b7426c26e9.json,True,,pre_and_post,matrix_fp16_fp32_8x16x16_c8,matrix,0.00589406235610199,0.005893906106105805,0.0021110712849543843,21,681826058240,0,79691776,0
confirm/matrix_fp16_8x16x16_c2_gmem_176d40df86b4.json,True,,pre_and_post,matrix_fp16_8x16x16_c2_gmem,matrix,0.0056485936120948795,0.005640260278964996,0.0006400289920382721,21,25769803776,0,2478833664,0
confirm/mem_copy_v4_04dbc6b0f75b.json,True,,pre_and_post,mem_copy_v4,memory,0.005940885271625519,0.0058796873564529424,0.004787138669494454,21,0,0,2415919104,0
confirm/matrix_int8_8x16x32_c4_gmem_083b6666abb0.json,True,,pre_and_post,matrix_int8_8x16x32_c4_gmem,matrix,0.005517343615299225,0.005499270699073792,0.002088478683746652,21,0,549755813888,12931039232,0
confirm/texture_rgba16f_tex2d_1956e94bafa8.json,True,,pre_and_post,texture_rgba16f_tex2d,texture,0.0065626560897789005,0.0065098435910682685,0.004911387386977596,21,805306368,0,1711276032,0
confirm/dot8_c4_b594b800b529.json,True,,pre_and_post,dot8_c4,dot,0.005854114440410615,0.00582598944109726,0.0010504621604490523,21,0,186831077376,25165824,0
confirm/sharedbw_fp32_v4_op2_370f3f2a3149.json,True,,pre_and_post,sharedbw_fp32_v4_op2,shared,0.005999583186859132,0.005998541520217896,0.0006866314519712331,21,0,0,524288,25908740096
confirm/sharedbw_fp32_v4_op0_296754a9dc95.json,True,,pre_and_post,sharedbw_fp32_v4_op0,shared,0.005993541520339966,0.005979426937351227,0.0011646082876711266,21,5544869888,0,13631488,22192062464
confirm/matrix_fp16_fp32_8x16x16_c8_lds_a3078da48a2e.json,True,,pre_and_post,matrix_fp16_fp32_8x16x16_c8_lds,matrix,0.005169687373786927,0.005166510290531159,0.0004179261233845202,21,549755813888,0,130023424,12935233536
confirm/mem_triad_v4_e79f3851b347.json,True,,pre_and_post,mem_triad_v4,memory,0.006816406083583832,0.006800885250629426,0.0015097029858874601,21,447390720,0,2684344320,0
confirm/mem_read_v4_b49319e68199.json,True,,pre_and_post,mem_read_v4,memory,0.005759531109386444,0.00573494777665329,0.0028664743689496906,21,7671906304,0,30689722368,0
confirm/sharedbw_fp16_v4_op2_e1b389b5b1d6.json,True,,pre_and_post,sharedbw_fp16_v4_op2,shared,0.005895156106075287,0.005894635272754669,4.378610351879248e-05,21,0,0,47185920,24182784000
confirm/mem_read_v4_a0d93de6661c.json,True,,pre_and_post,mem_read_v4,memory,0.005781822775508881,0.005746979026359559,0.0021065424412211554,21,671088640,0,2688548864,0
confirm/matrix_fp16_8x16x16_c4_75142c8f06d1.json,True,,pre_and_post,matrix_fp16_8x16x16_c4,matrix,0.005074479042778015,0.005073854042793274,0.00013725443288636793,21,566935683072,0,968884224,0
confirm/texture_rgba32f_tex2d_3316a9d8e074.json,True,,pre_and_post,texture_rgba32f_tex2d,texture,0.0059573956878891,0.00594828110477829,0.0007341906145951387,21,83099648,0,5650776064,0
confirm/texture_rgba16f_tex3d_13f9950be71a.json,True,,pre_and_post,texture_rgba16f_tex3d,texture,0.005433645700675964,0.005423229034263611,0.0016917791782037458,21,159383552,0,5419040768,0
confirm/sharedbw_fp16_v2_op0_37b090d38e18.json,True,,pre_and_post,sharedbw_fp16_v2_op0,shared,0.005903333189208985,0.005902239439235688,8.68537943277769e-05,21,9328132096,0,327942144,18802016256
confirm/matrix_int8_8x16x32_c4_lds_3f4a25afb65a.json,True,,pre_and_post,matrix_int8_8x16x32_c4_lds,matrix,0.005124010291568756,0.005094218625629425,0.00337861866346617,21,0,692026605568,96468992,16269705216
confirm/dot8_c4_b6e82d133f56.json,True,,pre_and_post,dot8_c4,dot,0.00587755193983841,0.005877447773174286,2.2325561881584944e-05,21,0,188441690112,50331648,0
confirm/sharedbw_fp16_v2_op0_9fd9c63b5f16.json,True,,pre_and_post,sharedbw_fp16_v2_op0,shared,0.006031041519424439,0.006030312352775574,6.058354950779677e-05,21,9529458688,0,335020032,19207815168
confirm/matrix_fp16_fp32_8x16x16_c4_lds_76d9a7cdf3af.json,True,,pre_and_post,matrix_fp16_fp32_8x16x16_c4_lds,matrix,0.005860104023597718,0.005848593607212067,0.002462028885282098,21,597268889600,0,96468992,28047310848
confirm/matrix_int8_8x16x32_c2_gmem_3049b5504dd3.json,True,,pre_and_post,matrix_int8_8x16x32_c2_gmem,matrix,0.005859270690284729,0.005848489440547944,0.0009465907710630756,21,0,53418655744,2533359616,0
confirm/mem_write_v4_e198c5c99b0c.json,True,,pre_and_post,mem_write_v4,memory,0.007056458161056519,0.006974843579715729,0.008092038999298027,21,0,0,2147483648,0
confirm/matrix_fp16_fp32_8x16x16_c8_lds_fa5d1a4df6be.json,True,,pre_and_post,matrix_fp16_fp32_8x16x16_c8_lds,matrix,0.005999635270191193,0.005992864437023163,0.0007532645695626438,21,638339514368,0,130023424,15011414016
confirm/texture_rgba16f_tex3d_bdac7446d296.json,True,,pre_and_post,texture_rgba16f_tex3d,texture,0.005819947774578095,0.0058067706915664674,0.00148911788802578,21,1207959552,0,2566914048,0
confirm/texture_rgba32f_buffer_56bcd581399e.json,True,,pre_and_post,texture_rgba32f_buffer,texture,0.006075468601673127,0.006073854018379211,0.00017086977848489515,21,603979776,0,2566914048,0
confirm/matrix_fp16_fp32_8x16x16_c4_81618bc143fb.json,True,,pre_and_post,matrix_fp16_fp32_8x16x16_c4,matrix,0.005772395692405701,0.005772083192413331,0.002101541500206921,21,667598979072,0,46137344,0
confirm/matrix_fp16_8x16x16_c1_gmem_0a07bf022a6d.json,True,,pre_and_post,matrix_fp16_8x16x16_c1_gmem,matrix,0.00740093731931305,0.007390989402889252,0.0005804909136249662,21,17179869184,0,3288334336,0
confirm/mem_read_v4_5ccdbc54a6f6.json,True,,pre_and_post,mem_read_v4,memory,0.005977864437389374,0.005970156104244233,0.0009229444099042653,21,671088640,0,2688548864,0
confirm/matrix_fp16_fp32_8x16x16_c8_gmem_394c1e18f01d.json,True,,pre_and_post,matrix_fp16_fp32_8x16x16_c8_gmem,matrix,0.005199374873062134,0.005190624873275757,0.0066118808591393834,21,549755813888,0,12964593664,0
confirm/matrix_fp16_8x16x16_c4_gmem_15c736f150b3.json,True,,pre_and_post,matrix_fp16_8x16x16_c4_gmem,matrix,0.006007604019996644,0.005961354021125794,0.004643169980818602,21,412316860416,0,20031995904,0
confirm/mem_write_v4_3054f368e6ee.json,True,,pre_and_post,mem_write_v4,memory,0.005979426937351227,0.00588906235622406,0.0066650531566662475,21,0,0,2415919104,0
confirm/matrix_fp16_8x16x16_c8_lds_44a84bd5ca79.json,True,,pre_and_post,matrix_fp16_8x16x16_c8_lds,matrix,0.005947551938129425,0.005945364438182831,0.0002595743739343605,21,652835028992,0,1832910848,16257122304
confirm/sharedbw_fp16_v4_op2_29a42e6ec23c.json,True,,pre_and_post,sharedbw_fp16_v4_op2,shared,0.005109322791927338,0.005108958208602905,0.0003970020914746183,21,0,0,40894464,20958412800
confirm/matrix_int8_8x16x32_c1_gmem_33c2808c952f.json,True,,pre_and_post,matrix_int8_8x16x32_c1_gmem,matrix,0.0058702081900177,0.005856926940341949,0.0010412075010079334,21,0,27111981056,2562719744,0
confirm/alu_fp32_v2_c16_0a2e881e5233.json,True,,pre_and_post,alu_fp32_v2_c16,alu,0.005988072770473481,0.005987864437145234,2.1707278399704193e-05,21,77309411328,0,301989888,0
confirm/matrix_int8_8x16x32_c4_fe0001995f57.json,True,,pre_and_post,matrix_int8_8x16x32_c4,matrix,0.005997083186920166,0.005996458186935425,0.007821000004334888,21,0,1387274436608,46137344,0
confirm/texture_rgba32f_tex3d_a0f03e5618d3.json,True,,pre_and_post,texture_rgba32f_tex3d,texture,0.005478020699592591,0.005438124867233276,0.0029836179088089955,21,738197504,0,3137339392,0
confirm/mem_write_v4_31356d300cad.json,True,,pre_and_post,mem_write_v4,memory,0.007090260243564606,0.007000468579090119,0.007624981998852649,21,0,0,2147483648,0
confirm/matrix_fp16_8x16x16_c1_gmem_e5a19cb0ac77.json,True,,pre_and_post,matrix_fp16_8x16x16_c1_gmem,matrix,0.007400364402660371,0.007394270652809143,0.000444560982101381,21,17179869184,0,3288334336,0
confirm/sharedbw_fp16_v4_op2_b868b087ffb5.json,True,,pre_and_post,sharedbw_fp16_v4_op2,shared,0.0050686457095870975,0.005067499876281739,0.001216367452850354,21,0,0,34078720,17465344000
confirm/matrix_int8_8x16x32_c8_gmem_a3dedd790248.json,True,,pre_and_post,matrix_int8_8x16x32_c8_gmem,matrix,0.005546145697929382,0.005522187365180969,0.0030282904059614384,21,0,1099511627776,12964593664,0
confirm/mem_copy_v4_ace71568ce93.json,True,,pre_and_post,mem_copy_v4,memory,0.007014426912082672,0.0069782289962997445,0.00269626358432836,21,0,0,2684354560,0
confirm/texture_rgba16f_buffer_4ad79942be83.json,True,,pre_and_post,texture_rgba16f_buffer,texture,0.005981666520629883,0.005973333187500001,0.0005435432649329544,21,192937984,0,6559891456,0
confirm/matrix_int8_8x16x32_c4_1e88927640d1.json,True,,pre_and_post,matrix_int8_8x16x32_c4,matrix,0.005997083186920166,0.005996822770259857,0.0021081193117549186,21,0,1387274436608,46137344,0
confirm/mem_read_v4_ae9ce32f5748.json,True,,pre_and_post,mem_read_v4,memory,0.005981041520645142,0.005968229020957947,0.0010694905713184203,21,671088640,0,2688548864,0
confirm/matrix_fp16_fp32_8x16x16_c4_lds_2608f7fcac66.json,True,,pre_and_post,matrix_fp16_fp32_8x16x16_c4_lds,matrix,0.005864531106822968,0.005848020690559387,0.00680071862949885,21,597537325056,0,96468992,28059893760
confirm/alu_fp16_v4_c1_21b9865be2b8.json,True,,pre_and_post,alu_fp16_v4_c1,alu,0.005071249876190186,0.005050572793361664,0.0019536319448348193,21,137438953472,0,50331648,0
confirm/texture_rgba32f_tex2d_92930096f333.json,True,,pre_and_post,texture_rgba32f_tex2d,texture,0.0053897394517478945,0.005379635285327912,0.0009501746312694511,21,75235328,0,5116002304,0
confirm/matrix_fp16_8x16x16_c4_a79bad6dab61.json,True,,pre_and_post,matrix_fp16_8x16x16_c4,matrix,0.005382135285266877,0.005381041535293579,9.373246671888326e-05,21,601295421440,0,1027604480,0
confirm/texture_rgba16f_buffer_737ff4048da8.json,True,,pre_and_post,texture_rgba16f_buffer,texture,0.005851718607135773,0.005842447774028778,0.0004959351140064858,21,188743680,0,6417285120,0
confirm/alu_fp16_v4_c1_7af8cbaebda3.json,True,,pre_and_post,alu_fp16_v4_c1,alu,0.005861718606891633,0.005861249856903077,2.978032300122605e-05,21,159987531776,0,100663296,0
confirm/matrix_int8_8x16x32_c1_gmem_c67aa1301869.json,True,,pre_and_post,matrix_int8_8x16x32_c1_gmem,matrix,0.005897708189346314,0.005886093606296539,0.001279167476391221,21,0,27246198784,2575302656,0
confirm/dot8_c4_d8fb14a7a4a6.json,True,,pre_and_post,dot8_c4,dot,0.005996822770259857,0.005968229020957947,0.0010413445335723513,21,0,191394480128,25165824,0
confirm/matrix_fp16_fp32_8x16x16_c2_gmem_b0d8cc002f30.json,True,,pre_and_post,matrix_fp16_fp32_8x16x16_c2_gmem,matrix,0.005894583189422608,0.00588463527299881,0.0006717960210728832,21,27111981056,0,2571108352,0
confirm/texture_rgba32f_tex2d_340ad22834d4.json,True,,pre_and_post,texture_rgba32f_tex2d,texture,0.006375208177688599,0.0063604685947151185,0.001351229109931267,21,603979776,0,2566914048,0
confirm/alu_fp32_v2_c16_393aaace898b.json,True,,pre_and_post,alu_fp32_v2_c16,alu,0.0059880206871414186,0.005987812353813172,2.6875754872032744e-05,21,77309411328,0,301989888,0
confirm/alu_fp16_v4_c1_59f05c5b5998.json,True,,pre_and_post,alu_fp16_v4_c1,alu,0.005070833209533692,0.005050781126689911,0.002051865975134187,21,137438953472,0,50331648,0
confirm/sharedbw_fp32_v4_op2_dc77ba151fdc.json,True,,pre_and_post,sharedbw_fp32_v4_op2,shared,0.005883124856369019,0.005882968606372834,1.481391031079896e-05,21,0,0,1048576,36164337664
confirm/alu_fp16_v4_c1_95f419dc0abc.json,True,,pre_and_post,alu_fp16_v4_c1,alu,0.006024999852905274,0.006000572770168305,0.002091119942594791,21,163342974976,0,50331648,0
confirm/matrix_int8_8x16x32_c8_0594ecb51a51.json,True,,pre_and_post,matrix_int8_8x16x32_c8,matrix,0.005995781103618622,0.005995468603626252,0.002912219504636565,21,0,1387274436608,79691776,0
confirm/sharedbw_fp32_v4_op2_62fe3f285540.json,True,,pre_and_post,sharedbw_fp32_v4_op2,shared,0.00567307277816391,0.005672864444835663,1.4321303134700894e-05,21,0,0,1048576,34872492032
confirm/matrix_int8_8x16x32_c8_gmem_cf4fce649b6b.json,True,,pre_and_post,matrix_int8_8x16x32_c8_gmem,matrix,0.00597802068738556,0.005945989438167572,0.003983165826354817,21,0,1178968522752,13895729152,0
confirm/matrix_int8_8x16x32_c4_ff7d29b71d68.json,True,,pre_and_post,matrix_int8_8x16x32_c4,matrix,0.005876614439861298,0.005876301939868927,0.002130536959008625,21,0,1359357149184,46137344,0
confirm/matrix_fp16_8x16x16_c8_367f05f6e7d6.json,True,,pre_and_post,matrix_fp16_8x16x16_c8,matrix,0.0061686456827316286,0.006162760266208649,0.0006241728386359766,21,687194767360,0,922746880,0
confirm/matrix_fp16_fp32_8x16x16_c4_lds_5089f7d15b37.json,True,,pre_and_post,matrix_fp16_fp32_8x16x16_c4_lds,matrix,0.005948072771450043,0.0059290102719154365,0.002045117469649328,21,605590388736,0,96468992,28437381120
confirm/sharedbw_fp16_v2_op0_f2da2abb15cc.json,True,,pre_and_post,sharedbw_fp16_v2_op0,shared,0.005903541522537232,0.005902551939228058,8.29189047163317e-05,21,9328132096,0,327942144,18802016256
confirm/mem_write_v4_3ca89c83cd3f.json,True,,pre_and_post,mem_write_v4,memory,0.006012291519882203,0.005910468605701447,0.007564234110084256,21,0,0,2415919104,0
confirm/dot8_c4_911f0ab2df7c.json,True,,pre_and_post,dot8_c4,dot,0.005977864437389374,0.005977656104061127,1.8511785141911765e-05,21,0,191662915584,50331648,0
confirm/texture_rgba16f_tex3d_7914128aaa85.json,True,,pre_and_post,texture_rgba16f_tex3d,texture,0.0051740102903480535,0.005158749874053956,0.00160705008408073,21,1073741824,0,2281701376,0
confirm/sharedbw_fp32_v4_op0_6ee66b4cb86d.json,True,,pre_and_post,sharedbw_fp32_v4_op0,shared,0.0059974477702445985,0.0059809373539810185,0.0011721684301549068,21,5546967040,0,13631488,22200451072
confirm/mem_copy_v4_cec121d82c19.json,True,,pre_and_post,mem_copy_v4,memory,0.007018228995323182,0.006996249829193116,0.0019945429893052425,21,0,0,2684354560,0
confirm/texture_rgba32f_tex3d_8c8c2f12a890.json,True,,pre_and_post,texture_rgba32f_tex3d,texture,0.005992551937030793,0.005967239437648773,0.0014892219793190141,21,89128960,0,6060769280,0
confirm/matrix_int8_8x16x32_c8_lds_734bbd7a4821.json,True,,pre_and_post,matrix_int8_8x16x32_c8_lds,matrix,0.005718281110393525,0.00571432277715683,0.0005842727593260018,21,0,1180042264576,130023424,13878951936
confirm/matrix_fp16_fp32_8x16x16_c4_gmem_756a338ba847.json,True,,pre_and_post,matrix_fp16_fp32_8x16x16_c4_gmem,matrix,0.0058906248561859135,0.005862135273548127,0.0030664151515716344,21,412585295872,0,19386073088,0
confirm/matrix_fp16_8x16x16_c4_gmem_6196ef66ed4e.json,True,,pre_and_post,matrix_fp16_8x16x16_c4_gmem,matrix,0.006102864434337617,0.006087708184707642,0.0023349342304403303,21,412316860416,0,20031995904,0
confirm/matrix_int8_8x16x32_c1_gmem_49e48e39e3eb.json,True,,pre_and_post,matrix_int8_8x16x32_c1_gmem,matrix,0.005868229023399354,0.005863072773525238,0.001258986241168311,21,0,27111981056,2562719744,0
confirm/texture_rgba16f_buffer_960db6cbb9d8.json,True,,pre_and_post,texture_rgba16f_buffer,texture,0.00610296860100174,0.006098020684455872,0.0035778830145297025,21,1207959552,0,2566914048,0
confirm/mem_triad_v4_8d9e410a2e97.json,True,,pre_and_post,mem_triad_v4,memory,0.006815781083599091,0.006802135250598908,0.0015997616016407683,21,447390720,0,2684344320,0
confirm/texture_rgba32f_tex3d_ffd3805db2f8.json,True,,pre_and_post,texture_rgba32f_tex3d,texture,0.006471406092006683,0.0064378123428268435,0.0023866375130128076,21,872415232,0,3707764736,0
confirm/dot8_c4_240aff730dc8.json,True,,pre_and_post,dot8_c4,dot,0.0059968748535919195,0.005996666520263672,2.6989602373619418e-05,21,0,191394480128,25165824,0
confirm/matrix_fp16_fp32_8x16x16_c8_gmem_c1ef14c49d3b.json,True,,pre_and_post,matrix_fp16_fp32_8x16x16_c8_gmem,matrix,0.005203281122966767,0.005184999873413087,0.0015692275664428228,21,549755813888,0,12964593664,0
confirm/matrix_fp16_fp32_8x16x16_c1_gmem_2ff840557118.json,True,,pre_and_post,matrix_fp16_fp32_8x16x16_c1_gmem,matrix,0.005942187354927063,0.005927916521942139,0.0008184442500619096,21,13824425984,0,2613051392,0
confirm/sharedbw_fp32_v4_op0_620c96edb06f.json,True,,pre_and_post,sharedbw_fp32_v4_op0,shared,0.005460937366676331,0.005447135283679963,0.001060509397786609,21,5049942016,0,13631488,20212350976
confirm/sharedbw_fp16_v4_op0_c89ee69e1c47.json,True,,pre_and_post,sharedbw_fp16_v4_op0,shared,0.006037499852600098,0.006036666519287109,9.772515538105503e-05,21,10334765056,0,363331584,20831010816
confirm/matrix_int8_8x16x32_c2_gmem_1916c10dc9e2.json,True,,pre_and_post,matrix_int8_8x16x32_c2_gmem,matrix,0.005746666526367188,0.005736041526626587,0.0012751971982908024,21,0,52344913920,2483027968,0
confirm/matrix_fp16_8x16x16_c8_lds_39a40270fe1c.json,True,,pre_and_post,matrix_fp16_8x16x16_c8_lds,matrix,0.005947812354789734,0.005940364438304901,0.00034384831513343243,21,652835028992,0,1832910848,16257122304
confirm/matrix_fp16_8x16x16_c2_gmem_878f23760b19.json,True,,pre_and_post,matrix_fp16_8x16x16_c2_gmem,matrix,0.005647031112133026,0.005641770695594788,0.0005024801427014941,21,25769803776,0,2478833664,0
confirm/mem_copy_v4_02064976254c.json,True,,pre_and_post,mem_copy_v4,memory,0.007016822745357514,0.006997031079174042,0.001795877869045457,21,0,0,2684354560,0
confirm/sharedbw_fp32_v2_op0_bb2866f82c42.json,True,,pre_and_post,sharedbw_fp32_v2_op0,shared,0.007099895659996033,0.0070989581600189216,0.00015466092521725786,21,12884901888,0,3538944,51542753280
confirm/matrix_int8_8x16x32_c8_lds_e7b410f156fc.json,True,,pre_and_post,matrix_int8_8x16x32_c8_lds,matrix,0.005321926953403474,0.005316458203536987,0.0005941708537423084,21,0,1096290402304,130023424,12897484800
confirm/matrix_fp16_8x16x16_c8_gmem_a9f514978b71.json,True,,pre_and_post,matrix_fp16_8x16x16_c8_gmem,matrix,0.006099322767757417,0.006069062351829529,0.0032305705484893836,21,652835028992,0,16177430528,0
confirm/mem_read_v4_8d48dcdd4de3.json,True,,pre_and_post,mem_read_v4,memory,0.005997604020240784,0.005990312353752136,0.0006695836488516818,21,9024045056,0,36100374528,0
confirm/texture_rgba32f_tex2d_1eba82080094.json,True,,pre_and_post,texture_rgba32f_tex2d,texture,0.005395104034950257,0.005386874868484498,0.0012977027174983504,21,75235328,0,5116002304,0
confirm/matrix_int8_8x16x32_c2_gmem_963cdeb61859.json,True,,pre_and_post,matrix_int8_8x16x32_c2_gmem,matrix,0.005878906106472016,0.005866093606784821,0.0011661172117211828,21,0,53687091200,2545942528,0
confirm/texture_rgba32f_buffer_f0e3c0a91190.json,True,,pre_and_post,texture_rgba32f_buffer,texture,0.005986197770519257,0.005981874853958131,0.0005594764108302146,21,98041856,0,6666846208,0
confirm/sharedbw_fp16_v4_op0_75ccc6608a02.json,True,,pre_and_post,sharedbw_fp16_v4_op0,shared,0.0059983331868896485,0.005997395686912537,7.700930153148517e-05,21,10267656192,0,360972288,20695744512
confirm/mem_read_v4_960437b0181d.json,True,,pre_and_post,mem_read_v4,memory,0.0059853644372062685,0.005953697771312714,0.002955585755865909,21,7953973248,0,31817990144,0
confirm/dot8_c4_9bf169e931fd.json,True,,pre_and_post,dot8_c4,dot,0.005994583186981202,0.005994114436992645,2.5124311809268305e-05,21,0,192199786496,50331648,0
confirm/mem_read_v4_72e6021f018f.json,True,,pre_and_post,mem_read_v4,memory,0.005978176937381745,0.005965520687690735,0.00134173221191786,21,671088640,0,2688548864,0
confirm/texture_rgba16f_tex2d_642696a16ac4.json,True,,pre_and_post,texture_rgba16f_tex2d,texture,0.005624010279361725,0.00561765611285019,0.0006947272522227348,21,163053568,0,5543821312,0
confirm/texture_rgba32f_tex3d_2cac1d9a630c.json,True,,pre_and_post,texture_rgba32f_tex3d,texture,0.006468854008735657,0.00644390609267807,0.004363700984229664,21,872415232,0,3707764736,0
confirm/alu_fp32_v2_c16_207492b2d079.json,True,,pre_and_post,alu_fp32_v2_c16,alu,0.005991510270389557,0.0059912498537292485,2.578717625491181e-05,21,77309411328,0,150994944,0
confirm/texture_rgba32f_buffer_3b5cb772c50c.json,True,,pre_and_post,texture_rgba32f_buffer,texture,0.006076354018318177,0.006075260268344879,0.0001238360737690748,21,603979776,0,2566914048,0
confirm/sharedbw_fp16_v4_op2_f450d9b556fc.json,True,,pre_and_post,sharedbw_fp16_v4_op2,shared,0.006018645686393738,0.006002447770122528,0.0012811305183675476,21,0,0,40370176,20689715200
sustain-0/matrix_fp16_fp32_8x16x16_c8_0e88e9adff8c.json,True,,pre_and_post,matrix_fp16_fp32_8x16x16_c8,matrix,0.00589406235610199,0.00589348943944931,0.005225503651375746,19749,681826058240,0,79691776,0
sustain-0/mem_read_v4_65fdf941c90c.json,True,,pre_and_post,mem_read_v4,memory,0.005779374858901978,0.005746562359703064,0.0017146733387768795,19377,671088640,0,2688548864,0
sustain-0/alu_fp16_v4_c1_b5b5b14209ca.json,True,,pre_and_post,alu_fp16_v4_c1,alu,0.005861718606891633,0.005860729023582459,0.003333365762120972,19853,159987531776,0,100663296,0
sweep-memory/mem_copy_v4_039908ce6dde.json,True,,pre_and_post,mem_copy_v4,memory,0.007010833162170411,0.006997603995826721,0.0017962132915389638,21,0,0,2684354560,0
sweep-memory/mem_write_v4_09b775429556.json,True,,pre_and_post,mem_write_v4,memory,0.00599187485371399,0.005903333189208985,0.007118589583206269,21,0,0,2415919104,0
sweep-memory/mem_triad_v4_890d587dfa75.json,True,,pre_and_post,mem_triad_v4,memory,0.005819687357917786,0.005806718608234406,0.0014539096656582247,21,402651648,0,2415909888,0
sweep-memory/mem_triad_v4_c4b37015c0a6.json,True,,pre_and_post,mem_triad_v4,memory,0.006818281083538056,0.0068008331672973635,0.0015350438596470313,21,447390720,0,2684344320,0
sweep-memory/mem_read_v4_44161e9d27d5.json,True,,pre_and_post,mem_read_v4,memory,0.005982499853942872,0.005967499854309082,0.0013561344753697223,21,671088640,0,2688548864,0
sweep-memory/mem_copy_v4_62ceb1b69211.json,True,,pre_and_post,mem_copy_v4,memory,0.00594796860478592,0.005899010272647858,0.0034945371127739085,21,0,0,2415919104,0
sweep-memory/mem_read_v4_7e910202943f.json,True,,pre_and_post,mem_read_v4,memory,0.005778229025596619,0.005751093609592438,0.001570162914261125,21,671088640,0,2688548864,0
sweep-memory/mem_write_v4_48edf197bc7d.json,True,,pre_and_post,mem_write_v4,memory,0.007071458160690308,0.006996874829177857,0.006388522010106334,21,0,0,2147483648,0
