source,accepted,exclusion_reasons,validation_scope,name,family,median_seconds,min_seconds,cv,n,float_ops,integer_ops,logical_global_bytes,logical_shared_bytes
confirm/alu_fp16_v4_c1_42d7d95f58a6.json,True,,pre_and_post,alu_fp16_v4_c1,alu,0.0050512498766784675,0.0050506248766937255,0.002068851206934148,21,137438953472,0,50331648,0
confirm/alu_fp16_v4_c1_4d51b18d451b.json,True,,pre_and_post,alu_fp16_v4_c1,alu,0.006001718603473664,0.0060009894368247985,0.002065277265997087,21,163342974976,0,50331648,0
confirm/alu_fp16_v4_c1_5adb5f5174f7.json,True,,pre_and_post,alu_fp16_v4_c1,alu,0.005071145709526062,0.005050676960025788,0.0020512550072662645,21,137438953472,0,50331648,0
confirm/alu_fp16_v4_c1_86f0682e8842.json,True,,pre_and_post,alu_fp16_v4_c1,alu,0.005959739437831879,0.00595947902117157,3.158433025016365e-05,21,162671886336,0,100663296,0
confirm/alu_fp16_v4_c1_c72a29c36654.json,True,,pre_and_post,alu_fp16_v4_c1,alu,0.005999010270206452,0.005998749853546143,3.064851200023763e-05,21,163745628160,0,100663296,0
confirm/alu_fp16_v4_c1_cda232b3cf44.json,True,,pre_and_post,alu_fp16_v4_c1,alu,0.005999010270206452,0.0059986456868820195,3.088764815898181e-05,21,163745628160,0,100663296,0
confirm/alu_fp32_v2_c16_053e59081693.json,True,,pre_and_post,alu_fp32_v2_c16,alu,0.006153176933109284,0.0061529685997810364,3.162778057773715e-05,21,79456894976,0,301989888,0
confirm/alu_fp32_v2_c16_239f6fdda2ad.json,True,,pre_and_post,alu_fp32_v2_c16,alu,0.005659166528503418,0.0056589581951751716,2.5116119433194168e-05,21,73014444032,0,150994944,0
confirm/alu_fp32_v2_c16_c0e44324e42d.json,True,,pre_and_post,alu_fp32_v2_c16,alu,0.006074270685035706,0.0060739061017112735,2.8756332732420593e-05,21,78383153152,0,150994944,0
confirm/alu_fp32_v2_c16_dcb43b67097d.json,True,,pre_and_post,alu_fp32_v2_c16,alu,0.006153124849777222,0.006152916516448975,2.5055354227897292e-05,21,79456894976,0,301989888,0
confirm/alu_fp32_v2_c16_f0016fa072fe.json,True,,pre_and_post,alu_fp32_v2_c16,alu,0.005987551937152863,0.005987187353828431,3.191563161143385e-05,21,77309411328,0,301989888,0
confirm/alu_fp32_v2_c16_f03f3d781995.json,True,,pre_and_post,alu_fp32_v2_c16,alu,0.00516124987399292,0.005161093623996735,2.870288106846737e-05,21,66571993088,0,150994944,0
confirm/dot8_c4_27466e155909.json,True,,pre_and_post,dot8_c4,dot,0.005877812356498719,0.005877447773174286,2.954083195600141e-05,21,0,188441690112,50331648,0
confirm/dot8_c4_439a8a64f1f2.json,True,,pre_and_post,dot8_c4,dot,0.005745676943058014,0.005717968610401154,0.0014425030998357893,21,0,183341416448,25165824,0
confirm/dot8_c4_78a4dc318ca1.json,True,,pre_and_post,dot8_c4,dot,0.005846458190597535,0.00581833319128418,0.0014404073930093452,21,0,186562641920,25165824,0
confirm/dot8_c4_86f38799cf4c.json,True,,pre_and_post,dot8_c4,dot,0.005997604020240784,0.0059688540209426886,0.001046154733522768,21,0,191394480128,25165824,0
confirm/dot8_c4_cd0b51de6b42.json,True,,pre_and_post,dot8_c4,dot,0.005877812356498719,0.00587755193983841,2.4473951886594067e-05,21,0,188441690112,50331648,0
confirm/dot8_c4_eba1163d2816.json,True,,pre_and_post,dot8_c4,dot,0.006011458186569214,0.006011249853240967,2.3666992011240297e-05,21,0,192736657408,50331648,0
confirm/matrix_fp16_8x16x16_c1_gmem_2003e4d905e7.json,True,,pre_and_post,matrix_fp16_8x16x16_c1_gmem,matrix,0.007400833152648926,0.007389999819580079,0.0006365495112879198,21,17179869184,0,3288334336,0
confirm/matrix_fp16_8x16x16_c1_gmem_2b5e1dafbd6f.json,True,,pre_and_post,matrix_fp16_8x16x16_c1_gmem,matrix,0.007403437319252014,0.007394478986137391,0.00045031759431200894,21,17179869184,0,3288334336,0
confirm/matrix_fp16_8x16x16_c1_gmem_b4da6ffe89cc.json,True,,pre_and_post,matrix_fp16_8x16x16_c1_gmem,matrix,0.007400989402645112,0.007398333152709961,0.0004967428091690274,21,17179869184,0,3288334336,0
confirm/matrix_fp16_8x16x16_c2_gmem_09d17b587cba.json,True,,pre_and_post,matrix_fp16_8x16x16_c2_gmem,matrix,0.0056494790287399295,0.005643333195556641,0.0007285521521333681,21,25769803776,0,2478833664,0
confirm/matrix_fp16_8x16x16_c2_gmem_a960f533e4c2.json,True,,pre_and_post,matrix_fp16_8x16x16_c2_gmem,matrix,0.005648801945423126,0.005643697778881073,0.0005301968099097376,21,25769803776,0,2478833664,0
confirm/matrix_fp16_8x16x16_c2_gmem_f001d233b982.json,True,,pre_and_post,matrix_fp16_8x16x16_c2_gmem,matrix,0.005647812362113953,0.0056420831955871584,0.000787944785230912,21,25769803776,0,2478833664,0
confirm/matrix_fp16_8x16x16_c4_09921d91cbcf.json,True,,pre_and_post,matrix_fp16_8x16x16_c4,matrix,0.005999583186859132,0.005994687353645325,0.0004986040431499914,21,670014898176,0,1145044992,0
confirm/matrix_fp16_8x16x16_c4_900b14944935.json,True,,pre_and_post,matrix_fp16_8x16x16_c4,matrix,0.0056926040276870735,0.005688229027793885,0.0005761357589206347,21,635655159808,0,1086324736,0
confirm/matrix_fp16_8x16x16_c4_bdc30e8370b6.json,True,,pre_and_post,matrix_fp16_8x16x16_c4,matrix,0.0060001040201797485,0.00599630193693924,0.0003505596545813626,21,670014898176,0,1145044992,0
confirm/matrix_fp16_8x16x16_c4_gmem_74d04ef84a96.json,True,,pre_and_post,matrix_fp16_8x16x16_c4_gmem,matrix,0.006096249851165772,0.006089218601337433,0.0019797969532486556,21,412316860416,0,20031995904,0
confirm/matrix_fp16_8x16x16_c4_gmem_a717703a9872.json,True,,pre_and_post,matrix_fp16_8x16x16_c4_gmem,matrix,0.006095781101177216,0.006090364434642792,0.0023186991793435288,21,412316860416,0,20031995904,0
confirm/matrix_fp16_8x16x16_c4_gmem_e847eaeafc4a.json,True,,pre_and_post,matrix_fp16_8x16x16_c4_gmem,matrix,0.006094010267887116,0.006088437351356507,0.0017056140826049431,21,412316860416,0,20031995904,0
confirm/matrix_fp16_8x16x16_c8_263af7297f95.json,True,,pre_and_post,matrix_fp16_8x16x16_c8,matrix,0.006174218599262238,0.0061689581827239996,0.00043566921926434867,21,687194767360,0,922746880,0
confirm/matrix_fp16_8x16x16_c8_72d54d694957.json,True,,pre_and_post,matrix_fp16_8x16x16_c8,matrix,0.006174374849258423,0.006168749849395752,0.0004659641314093006,21,687194767360,0,922746880,0
confirm/matrix_fp16_8x16x16_c8_b02bf857ca4b.json,True,,pre_and_post,matrix_fp16_8x16x16_c8,matrix,0.006173124849288941,0.006167395682762146,0.0006731328703906631,21,687194767360,0,922746880,0
confirm/matrix_fp16_8x16x16_c8_gmem_5673212bcfa5.json,True,,pre_and_post,matrix_fp16_8x16x16_c8_gmem,matrix,0.005122239458278656,0.005084479042533875,0.0043046655520098025,21,549755813888,0,13623099392,0
confirm/matrix_fp16_8x16x16_c8_gmem_5f28abdfdd9e.json,True,,pre_and_post,matrix_fp16_8x16x16_c8_gmem,matrix,0.005420312367668152,0.005400468618152619,0.0034540439184677363,21,584115552256,0,14474543104,0
confirm/matrix_fp16_8x16x16_c8_gmem_87184776c056.json,True,,pre_and_post,matrix_fp16_8x16x16_c8_gmem,matrix,0.006399687343757629,0.006367656094539643,0.00268939421182971,21,687194767360,0,17028874240,0
confirm/matrix_fp16_8x16x16_c8_lds_480d99dc7156.json,True,,pre_and_post,matrix_fp16_8x16x16_c8_lds,matrix,0.005953541521316529,0.0059508331880493166,0.00025046748462013285,21,652835028992,0,1832910848,16257122304
confirm/matrix_fp16_8x16x16_c8_lds_716e93e8465a.json,True,,pre_and_post,matrix_fp16_8x16x16_c8_lds,matrix,0.005954687354621888,0.005949999854736329,0.00031541833882495397,21,652835028992,0,1832910848,16257122304
confirm/matrix_fp16_8x16x16_c8_lds_d73df66d728c.json,True,,pre_and_post,matrix_fp16_8x16x16_c8_lds,matrix,0.005953229021324158,0.005950520688056946,0.0002920321027974146,21,652835028992,0,1832910848,16257122304
confirm/matrix_fp16_fp32_8x16x16_c1_gmem_063469cce061.json,True,,pre_and_post,matrix_fp16_fp32_8x16x16_c1_gmem,matrix,0.005897812356010437,0.005890208189529419,0.0007902270282537906,21,13757317120,0,2600468480,0
confirm/matrix_fp16_fp32_8x16x16_c1_gmem_3de836289ff6.json,True,,pre_and_post,matrix_fp16_fp32_8x16x16_c1_gmem,matrix,0.005890572772853851,0.005881770689735413,0.0007409842790387898,21,13690208256,0,2587885568,0
confirm/matrix_fp16_fp32_8x16x16_c1_gmem_518332d41567.json,True,,pre_and_post,matrix_fp16_fp32_8x16x16_c1_gmem,matrix,0.005896354022712708,0.005885937356300355,0.0008813110104813698,21,13757317120,0,2600468480,0
confirm/matrix_fp16_fp32_8x16x16_c2_gmem_1c71a9ef8ae7.json,True,,pre_and_post,matrix_fp16_fp32_8x16x16_c2_gmem,matrix,0.005891770689491272,0.0058767706898574835,0.0009711532261851894,21,27111981056,0,2571108352,0
confirm/matrix_fp16_fp32_8x16x16_c2_gmem_b4b28034e68a.json,True,,pre_and_post,matrix_fp16_fp32_8x16x16_c2_gmem,matrix,0.005921249855438232,0.005911249855682373,0.0008552794369164292,21,27246198784,0,2583691264,0
confirm/matrix_fp16_fp32_8x16x16_c2_gmem_f31cd4d77a62.json,True,,pre_and_post,matrix_fp16_fp32_8x16x16_c2_gmem,matrix,0.005895260272739411,0.005882447773052216,0.0010825299171057104,21,27111981056,0,2571108352,0
confirm/matrix_fp16_fp32_8x16x16_c4_904a5c7121b9.json,True,,pre_and_post,matrix_fp16_fp32_8x16x16_c4,matrix,0.005876822773189545,0.0058764581898651125,3.287709409913159e-05,21,679678574592,0,46137344,0
confirm/matrix_fp16_fp32_8x16x16_c4_928c11e00250.json,True,,pre_and_post,matrix_fp16_fp32_8x16x16_c4,matrix,0.005876822773189545,0.005876614439861298,0.0021150439584647867,21,679678574592,0,46137344,0
confirm/matrix_fp16_fp32_8x16x16_c4_97182d916593.json,True,,pre_and_post,matrix_fp16_fp32_8x16x16_c4,matrix,0.005876822773189545,0.005876562356529236,0.002897726519420527,21,679678574592,0,46137344,0
confirm/matrix_fp16_fp32_8x16x16_c4_gmem_480a4a159955.json,True,,pre_and_post,matrix_fp16_fp32_8x16x16_c4_gmem,matrix,0.006014531103160858,0.005990572770412445,0.0034664409183848615,21,421712101376,0,19813892096,0
confirm/matrix_fp16_fp32_8x16x16_c4_gmem_cf72a0a63f37.json,True,,pre_and_post,matrix_fp16_fp32_8x16x16_c4_gmem,matrix,0.006129739433681489,0.006097760267795563,0.0032902734486065822,21,429228294144,0,20166213632,0
confirm/matrix_fp16_fp32_8x16x16_c4_gmem_f8d945d47d80.json,True,,pre_and_post,matrix_fp16_fp32_8x16x16_c4_gmem,matrix,0.006011666519897462,0.005981458187301636,0.003917883086960424,21,420638359552,0,19763560448,0
confirm/matrix_fp16_fp32_8x16x16_c4_lds_4284767146b2.json,True,,pre_and_post,matrix_fp16_fp32_8x16x16_c4_lds,matrix,0.005999062353538514,0.005981718603961945,0.0020401736668490228,21,611495968768,0,96468992,28714205184
confirm/matrix_fp16_fp32_8x16x16_c4_lds_cb27f082f693.json,True,,pre_and_post,matrix_fp16_fp32_8x16x16_c4_lds,matrix,0.005961354021125794,0.005950104021400452,0.002731194696125069,21,607737872384,0,96468992,28538044416
confirm/matrix_fp16_fp32_8x16x16_c4_lds_d24df10f0626.json,True,,pre_and_post,matrix_fp16_fp32_8x16x16_c4_lds,matrix,0.005858333190307617,0.005836822774166107,0.002031198828382375,21,596195147776,0,96468992,27996979200
confirm/matrix_fp16_fp32_8x16x16_c8_3fbbe5d8293c.json,True,,pre_and_post,matrix_fp16_fp32_8x16x16_c8,matrix,0.0060007290201644905,0.006000468603504182,3.6372969557861694e-05,21,694174089216,0,79691776,0
confirm/matrix_fp16_fp32_8x16x16_c8_f8bc99e1149b.json,True,,pre_and_post,matrix_fp16_fp32_8x16x16_c8,matrix,0.005787760275363922,0.0057873436087074286,0.002911026512709248,21,669478027264,0,79691776,0
confirm/matrix_fp16_fp32_8x16x16_c8_f8ee5c8face5.json,True,,pre_and_post,matrix_fp16_fp32_8x16x16_c8,matrix,0.005894270689430237,0.005893854022773743,0.002111854086636495,21,681826058240,0,79691776,0
confirm/matrix_fp16_fp32_8x16x16_c8_gmem_0a12d5431aac.json,True,,pre_and_post,matrix_fp16_fp32_8x16x16_c8_gmem,matrix,0.0059726561041831975,0.0059567186045722965,0.0024793320024696945,21,629749579776,0,14839447552,0
confirm/matrix_fp16_fp32_8x16x16_c8_gmem_1d65b6dbea57.json,True,,pre_and_post,matrix_fp16_fp32_8x16x16_c8_gmem,matrix,0.005215208206008911,0.005197864456432343,0.0014548632426424947,21,549755813888,0,12964593664,0
confirm/matrix_fp16_fp32_8x16x16_c8_gmem_e9dc268e7c34.json,True,,pre_and_post,matrix_fp16_fp32_8x16x16_c8_gmem,matrix,0.0052094269561500555,0.005185676956729889,0.001754718745288381,21,549755813888,0,12964593664,0
confirm/matrix_fp16_fp32_8x16x16_c8_lds_384addadc260.json,True,,pre_and_post,matrix_fp16_fp32_8x16x16_c8_lds,matrix,0.005169374873794556,0.0051663540405349736,0.00045693063100983003,21,549755813888,0,130023424,12935233536
confirm/matrix_fp16_fp32_8x16x16_c8_lds_4a1f3bf782b6.json,True,,pre_and_post,matrix_fp16_fp32_8x16x16_c8_lds,matrix,0.0059939061036643985,0.0059880206871414186,0.0006751723660058404,21,637802643456,0,130023424,14998831104
confirm/matrix_fp16_fp32_8x16x16_c8_lds_dcc9953884d8.json,True,,pre_and_post,matrix_fp16_fp32_8x16x16_c8_lds,matrix,0.005170208207107545,0.00516744779050827,0.0003064593109276691,21,549755813888,0,130023424,12935233536
confirm/matrix_int8_8x16x32_c1_gmem_2e5c852301b3.json,True,,pre_and_post,matrix_int8_8x16x32_c1_gmem,matrix,0.005547604031227112,0.005535624864852906,0.0013504126811649552,21,0,25635586048,2424307712,0
confirm/matrix_int8_8x16x32_c1_gmem_7f884121d234.json,True,,pre_and_post,matrix_int8_8x16x32_c1_gmem,matrix,0.005899531105968476,0.005886874856277466,0.0009500004991449357,21,0,27246198784,2575302656,0
confirm/matrix_int8_8x16x32_c1_gmem_ac86e944f016.json,True,,pre_and_post,matrix_int8_8x16x32_c1_gmem,matrix,0.005895624856063843,0.005883854023017884,0.000987198145293491,21,0,27246198784,2575302656,0
confirm/matrix_int8_8x16x32_c2_gmem_3f347e433c54.json,True,,pre_and_post,matrix_int8_8x16x32_c2_gmem,matrix,0.006065468601917267,0.006049843602298737,0.0010855479364231294,21,0,55297703936,2621440000,0
confirm/matrix_int8_8x16x32_c2_gmem_8e77a6dc701d.json,True,,pre_and_post,matrix_int8_8x16x32_c2_gmem,matrix,0.0058796873564529424,0.005867812356742859,0.001092504647694901,21,0,53687091200,2545942528,0
confirm/matrix_int8_8x16x32_c2_gmem_ffe316edb794.json,True,,pre_and_post,matrix_int8_8x16x32_c2_gmem,matrix,0.005716406110439301,0.0057061456940231325,0.0010222012246309555,21,0,52076478464,2470445056,0
confirm/matrix_int8_8x16x32_c4_02e20e8afdd2.json,True,,pre_and_post,matrix_int8_8x16x32_c4,matrix,0.005874583189910889,0.005874270689918518,0.0020987312385027847,21,0,1358820278272,46137344,0
confirm/matrix_int8_8x16x32_c4_91f91202450d.json,True,,pre_and_post,matrix_int8_8x16x32_c4,matrix,0.00556432278081894,0.005563801947498322,4.096926782687122e-05,21,0,1286879576064,46137344,0
confirm/matrix_int8_8x16x32_c4_afcb78b34dc0.json,True,,pre_and_post,matrix_int8_8x16x32_c4,matrix,0.005876874856521607,0.005876406106533051,0.0020951586427728243,21,0,1359357149184,46137344,0
confirm/matrix_int8_8x16x32_c4_gmem_6c5a1c85eb69.json,True,,pre_and_post,matrix_int8_8x16x32_c4_gmem,matrix,0.005420364451000214,0.005403854034736633,0.0024335941994692374,21,0,523449139200,12314476544,0
confirm/matrix_int8_8x16x32_c4_gmem_727a59434dec.json,True,,pre_and_post,matrix_int8_8x16x32_c4_gmem,matrix,0.005525781115093231,0.005497135282459259,0.002505257445523561,21,0,549755813888,12931039232,0
confirm/matrix_int8_8x16x32_c4_gmem_abeeb595bd7d.json,True,,pre_and_post,matrix_int8_8x16x32_c4_gmem,matrix,0.0055222915318450935,0.005500364449047089,0.0022406692626068146,21,0,549755813888,12931039232,0
confirm/matrix_int8_8x16x32_c4_lds_3e16e09d5808.json,True,,pre_and_post,matrix_int8_8x16x32_c4_lds,matrix,0.005680989444637299,0.005650156112056733,0.0046638942638742315,21,0,770409758720,96468992,18106810368
confirm/matrix_int8_8x16x32_c4_lds_c2bbf7d66b4a.json,True,,pre_and_post,matrix_int8_8x16x32_c4_lds,matrix,0.005153958207504273,0.005133333208007813,0.0036771734851559212,21,0,694710960128,96468992,16332619776
confirm/matrix_int8_8x16x32_c4_lds_e73d7458bb0a.json,True,,pre_and_post,matrix_int8_8x16x32_c4_lds,matrix,0.005160520707344056,0.005131562374717713,0.0028736871248863744,21,0,697395314688,96468992,16395534336
confirm/matrix_int8_8x16x32_c8_17b7921fd5b8.json,True,,pre_and_post,matrix_int8_8x16x32_c8,matrix,0.0059959894369468695,0.005995624853622437,3.3244637322789516e-05,21,0,1387274436608,79691776,0
confirm/matrix_int8_8x16x32_c8_36ab5114980e.json,True,,pre_and_post,matrix_int8_8x16x32_c8,matrix,0.00589406235610199,0.005893697772777558,0.0021079932922004204,21,0,1363652116480,79691776,0
confirm/matrix_int8_8x16x32_c8_af246c4cd61d.json,True,,pre_and_post,matrix_int8_8x16x32_c8,matrix,0.0058941665227661135,0.005893801939441681,2.8483739741159148e-05,21,0,1363652116480,79691776,0
confirm/matrix_int8_8x16x32_c8_gmem_07432f9e1f6a.json,True,,pre_and_post,matrix_int8_8x16x32_c8_gmem,matrix,0.005548593614536286,0.005524374865127564,0.0039084530172301245,21,0,1099511627776,12964593664,0
confirm/matrix_int8_8x16x32_c8_gmem_4716319adb77.json,True,,pre_and_post,matrix_int8_8x16x32_c8_gmem,matrix,0.0055653644474601745,0.0055299477816581726,0.003786602804401811,21,0,1099511627776,12964593664,0
confirm/matrix_int8_8x16x32_c8_gmem_679d7a0c0692.json,True,,pre_and_post,matrix_int8_8x16x32_c8_gmem,matrix,0.0059891665204467774,0.0059641144377250675,0.003239483044389768,21,0,1184337231872,13958643712,0
confirm/matrix_int8_8x16x32_c8_lds_13fe0d3288f1.json,True,,pre_and_post,matrix_int8_8x16x32_c8_lds,matrix,0.00571932277703476,0.0057126561105308536,0.0007251485814292093,21,0,1180042264576,130023424,13878951936
confirm/matrix_int8_8x16x32_c8_lds_5626aa52b543.json,True,,pre_and_post,matrix_int8_8x16x32_c8_lds,matrix,0.0058153644413566595,0.005808333191528321,0.0005727000685402294,21,0,1200443359232,130023424,14118027264
confirm/matrix_int8_8x16x32_c8_lds_f5e101a4264e.json,True,,pre_and_post,matrix_int8_8x16x32_c8_lds,matrix,0.005717447777080536,0.00571166652722168,0.0006961442963400917,21,0,1180042264576,130023424,13878951936
confirm/mem_copy_v4_0a7e4a009e6f.json,True,,pre_and_post,mem_copy_v4,memory,0.005924322772029877,0.005884583189666748,0.0026647210902575216,21,0,0,2415919104,0
confirm/mem_copy_v4_a649942e6b77.json,True,,pre_and_post,mem_copy_v4,memory,0.005918437355506898,0.005849479023857117,0.004109308988134662,21,0,0,2415919104,0
confirm/mem_copy_v4_ad73ec051b4c.json,True,,pre_and_post,mem_copy_v4,memory,0.007015208162063599,0.006984791496139527,0.002280865008702684,21,0,0,2684354560,0
confirm/mem_copy_v4_cb710c515d51.json,True,,pre_and_post,mem_copy_v4,memory,0.007022656078548432,0.0069844269128150945,0.002488685475358908,21,0,0,2684354560,0
confirm/mem_copy_v4_db13058ba9b9.json,True,,pre_and_post,mem_copy_v4,memory,0.007019687328620911,0.006993385245929719,0.0017008848555830646,21,0,0,2684354560,0
confirm/mem_copy_v4_e96e25b0d4fd.json,True,,pre_and_post,mem_copy_v4,memory,0.005901406105922699,0.005827604024391175,0.004634217826396869,21,0,0,2415919104,0
confirm/mem_read_v4_07e136688912.json,True,,pre_and_post,mem_read_v4,memory,0.005778958192245484,0.00576645819255066,0.0011253050459823772,21,671088640,0,2688548864,0
confirm/mem_read_v4_22ac85225e61.json,True,,pre_and_post,mem_read_v4,memory,0.005779166525573731,0.005754010276187897,0.0022707403795761525,21,671088640,0,2688548864,0
confirm/mem_read_v4_3646cd155962.json,True,,pre_and_post,mem_read_v4,memory,0.005891874856155396,0.005886666522949219,0.000637114396290677,21,8865710080,0,35467034624,0
confirm/mem_read_v4_54c08bc7e3f1.json,True,,pre_and_post,mem_read_v4,memory,0.005977031104076386,0.005962604021095276,0.0010408142323824821,21,671088640,0,2688548864,0
confirm/mem_read_v4_6a532fe6d459.json,True,,pre_and_post,mem_read_v4,memory,0.005978801937366486,0.005969218604267121,0.0009532434780810172,21,671088640,0,2688548864,0
confirm/mem_read_v4_731552296995.json,True,,pre_and_post,mem_read_v4,memory,0.005888645689567566,0.0058572915236663825,0.0022415592752720688,21,7829192704,0,31318867968,0
confirm/mem_read_v4_90e47d27115c.json,True,,pre_and_post,mem_read_v4,memory,0.005979843604007721,0.005971718604206085,0.0009343420867810474,21,671088640,0,2688548864,0
confirm/mem_read_v4_bbf0a38fcab2.json,True,,pre_and_post,mem_read_v4,memory,0.005994166520324707,0.005987499853820801,0.0008884947428401573,21,9020899328,0,36087791616,0
confirm/mem_read_v4_be0d2339b169.json,True,,pre_and_post,mem_read_v4,memory,0.00597979152067566,0.005947447771465302,0.0031377613230375557,21,7960264704,0,31843155968,0
confirm/mem_read_v4_c3a2e0dc4b88.json,True,,pre_and_post,mem_read_v4,memory,0.0059986456868820195,0.005991406103725434,0.0006346616230073432,21,9027190784,0,36112957440,0
confirm/mem_read_v4_c8946bf1af2a.json,True,,pre_and_post,mem_read_v4,memory,0.005992239437038422,0.005961197771129609,0.0029932198099233494,21,7974944768,0,31901876224,0
confirm/mem_read_v4_e16c947e1b1e.json,True,,pre_and_post,mem_read_v4,memory,0.005777604025611878,0.0057613540260086065,0.0013919397627265202,21,671088640,0,2688548864,0
confirm/mem_triad_v4_a57ec509baaa.json,True,,pre_and_post,mem_triad_v4,memory,0.006864114415752411,0.006839687333015442,0.0024943219278044065,21,447390720,0,2684344320,0
confirm/mem_triad_v4_d984092fe91f.json,True,,pre_and_post,mem_triad_v4,memory,0.006855468582630158,0.006833385249835969,0.004643160497403318,21,447390720,0,2684344320,0
confirm/mem_triad_v4_ec40638368d4.json,True,,pre_and_post,mem_triad_v4,memory,0.006860208165847779,0.006813906083644868,0.003875036501610913,21,447390720,0,2684344320,0
confirm/mem_write_v4_02a17a74d0c5.json,True,,pre_and_post,mem_write_v4,memory,0.006105676934268952,0.006020520686347962,0.00634030387299092,21,0,0,2415919104,0
confirm/mem_write_v4_11855cac7236.json,True,,pre_and_post,mem_write_v4,memory,0.005447447783672333,0.00539874986819458,0.005650552041892905,21,0,0,2147483648,0
confirm/mem_write_v4_7763ae5f00b8.json,True,,pre_and_post,mem_write_v4,memory,0.007133853992500306,0.007045103994667054,0.007391291172192791,21,0,0,2147483648,0
confirm/mem_write_v4_7d95df0eab56.json,True,,pre_and_post,mem_write_v4,memory,0.005457812366752625,0.005397239451564789,0.00644071706295193,21,0,0,2147483648,0
confirm/mem_write_v4_922fa82baed5.json,True,,pre_and_post,mem_write_v4,memory,0.007133124825851441,0.007019322745296479,0.006632705060728005,21,0,0,2147483648,0
confirm/mem_write_v4_a447a7673b37.json,True,,pre_and_post,mem_write_v4,memory,0.00711807274288559,0.007027812328422547,0.008820473748540367,21,0,0,2147483648,0
confirm/sharedbw_fp16_v2_op0_086acc1679c4.json,True,,pre_and_post,sharedbw_fp16_v2_op0,shared,0.005903541522537232,0.005902656105892181,6.766743933669203e-05,21,9328132096,0,327942144,18802016256
confirm/sharedbw_fp16_v2_op0_50b0f23a627f.json,True,,pre_and_post,sharedbw_fp16_v2_op0,shared,0.005903541522537232,0.005902864439220429,6.130855481664598e-05,21,9328132096,0,327942144,18802016256
confirm/sharedbw_fp16_v2_op0_c6bd0bd8f650.json,True,,pre_and_post,sharedbw_fp16_v2_op0,shared,0.005903541522537232,0.00590260402256012,7.197039048845031e-05,21,9328132096,0,327942144,18802016256
confirm/sharedbw_fp16_v4_op0_560e5a4859f8.json,True,,pre_and_post,sharedbw_fp16_v4_op0,shared,0.006037499852600098,0.006037083185943604,6.608791559128579e-05,21,10334765056,0,363331584,20831010816
confirm/sharedbw_fp16_v4_op0_7bc6114b00c1.json,True,,pre_and_post,sharedbw_fp16_v4_op0,shared,0.0060376040192642215,0.0060358331859741215,0.0001033560014559911,21,10334765056,0,363331584,20831010816
confirm/sharedbw_fp16_v4_op0_96f530ad23fa.json,True,,pre_and_post,sharedbw_fp16_v4_op0,shared,0.0059201040221328735,0.005919479022148132,7.676136999833319e-05,21,10133438464,0,356253696,20425211904
confirm/sharedbw_fp16_v4_op2_06a66f3ad16f.json,True,,pre_and_post,sharedbw_fp16_v4_op2,shared,0.005692447777690888,0.005690624861068726,0.0012698702979340492,21,0,0,38273024,19614924800
confirm/sharedbw_fp16_v4_op2_39fc64741667.json,True,,pre_and_post,sharedbw_fp16_v4_op2,shared,0.006026145686210633,0.0060257811028862004,3.652760780415149e-05,21,0,0,48234496,24720179200
confirm/sharedbw_fp16_v4_op2_3fa0e16c1dab.json,True,,pre_and_post,sharedbw_fp16_v4_op2,shared,0.006026093602878571,0.006025676936222077,3.179565523883301e-05,21,0,0,48234496,24720179200
confirm/sharedbw_fp16_v4_op2_46200e7f382f.json,True,,pre_and_post,sharedbw_fp16_v4_op2,shared,0.005895104022743226,0.005894739439418793,3.9473922787298986e-05,21,0,0,47185920,24182784000
confirm/sharedbw_fp16_v4_op2_7c6723302071.json,True,,pre_and_post,sharedbw_fp16_v4_op2,shared,0.005926354021980286,0.005926197771984101,0.0012391736933793896,21,0,0,39845888,20421017600
confirm/sharedbw_fp16_v4_op2_cabd2a9bd13d.json,True,,pre_and_post,sharedbw_fp16_v4_op2,shared,0.005887395689598084,0.005885989439632416,0.0012531179775694603,21,0,0,39583744,20286668800
confirm/sharedbw_fp32_v2_op0_60f4bcdfd47a.json,True,,pre_and_post,sharedbw_fp32_v2_op0,shared,0.007100208159988404,0.00709833316003418,0.00015038267896984517,21,12884901888,0,3538944,51542753280
confirm/sharedbw_fp32_v2_op0_6a90048683bb.json,True,,pre_and_post,sharedbw_fp32_v2_op0,shared,0.007100885243305207,0.007099426910007477,0.00012410001590232612,21,12884901888,0,3538944,51542753280
confirm/sharedbw_fp32_v2_op0_dc418375eb88.json,True,,pre_and_post,sharedbw_fp32_v2_op0,shared,0.0071006769099769594,0.007099114410015107,0.00011478802580208506,21,12884901888,0,3538944,51542753280
confirm/sharedbw_fp32_v4_op0_04748dffc33a.json,True,,pre_and_post,sharedbw_fp32_v4_op0,shared,0.005668906111598969,0.005653645695304871,0.001136015498697142,21,5242880000,0,13631488,20984102912
confirm/sharedbw_fp32_v4_op0_b5f191c154e2.json,True,,pre_and_post,sharedbw_fp32_v4_op0,shared,0.005881874856399537,0.005867395690086365,0.0009550660710040469,21,5440012288,0,13631488,21772632064
confirm/sharedbw_fp32_v4_op0_e8b2d14094d5.json,True,,pre_and_post,sharedbw_fp32_v4_op0,shared,0.005252968621753693,0.005238801955432892,0.0008543822286094935,21,4857004032,0,13631488,19440599040
confirm/sharedbw_fp32_v4_op2_2b3b683c9588.json,True,,pre_and_post,sharedbw_fp32_v4_op2,shared,0.00588052068976593,0.005880051939777375,0.0001369983323573981,21,0,0,524288,25397035008
confirm/sharedbw_fp32_v4_op2_2d0269c44b18.json,True,,pre_and_post,sharedbw_fp32_v4_op2,shared,0.00599895818687439,0.005998801936878205,1.1524308050645443e-05,21,0,0,1048576,36877369344
confirm/sharedbw_fp32_v4_op2_9e4f9e680e39.json,True,,pre_and_post,sharedbw_fp32_v4_op2,shared,0.005252968621753693,0.00525286445508957,2.0296556499144736e-05,21,0,0,1048576,32288800768
confirm/sharedbw_fp32_v4_op2_c3166c43b7c9.json,True,,pre_and_post,sharedbw_fp32_v4_op2,shared,0.0055665623640975955,0.005565468614124299,8.831539513047655e-05,21,0,0,524288,24038080512
confirm/sharedbw_fp32_v4_op2_d7be3fa94ad4.json,True,,pre_and_post,sharedbw_fp32_v4_op2,shared,0.0055662498641052245,0.005565572780788422,8.638157551323841e-05,21,0,0,524288,24038080512
confirm/sharedbw_fp32_v4_op2_ecaf21e2202d.json,True,,pre_and_post,sharedbw_fp32_v4_op2,shared,0.005778020692268372,0.005777916525604249,1.1092321840393167e-05,21,0,0,1048576,35518414848
confirm/texture_rgba16f_buffer_0e936df02fe3.json,True,,pre_and_post,texture_rgba16f_buffer,texture,0.005470468616443634,0.005463801949939728,0.0006375506113061167,21,172490752,0,5864685568,0
confirm/texture_rgba16f_buffer_18747c3be292.json,True,,pre_and_post,texture_rgba16f_buffer,texture,0.00608999985131836,0.006083124851486207,0.000508110866823499,21,1207959552,0,2566914048,0
confirm/texture_rgba16f_buffer_6f8d81830b49.json,True,,pre_and_post,texture_rgba16f_buffer,texture,0.00552161444852829,0.005516510281986237,0.0004898066024047415,21,174063616,0,5918162944,0
confirm/texture_rgba16f_buffer_7823bbbe1a2b.json,True,,pre_and_post,texture_rgba16f_buffer,texture,0.006088697768016816,0.00608322901815033,0.0006094231622056543,21,1207959552,0,2566914048,0
confirm/texture_rgba16f_buffer_7f207690dfe8.json,True,,pre_and_post,texture_rgba16f_buffer,texture,0.006088124851364136,0.0060830206848220825,0.0004431234431080497,21,1207959552,0,2566914048,0
confirm/texture_rgba16f_buffer_b290c53b4e89.json,True,,pre_and_post,texture_rgba16f_buffer,texture,0.005987031103832245,0.005980312353996277,0.0005071880024142861,21,188743680,0,6417285120,0
confirm/texture_rgba16f_tex2d_1e8f1662289f.json,True,,pre_and_post,texture_rgba16f_tex2d,texture,0.005282812371025086,0.005277239454494476,0.0006934916608811224,21,153616384,0,5222957056,0
confirm/texture_rgba16f_tex2d_61fd38506914.json,True,,pre_and_post,texture_rgba16f_tex2d,texture,0.005391718618366242,0.0053861977851676944,0.0004910254237515294,21,156762112,0,5329911808,0
confirm/texture_rgba16f_tex2d_9f54d88fcbbd.json,True,,pre_and_post,texture_rgba16f_tex2d,texture,0.005985468603870392,0.005978072770717621,0.0005344606761809955,21,174063616,0,5918162944,0
confirm/texture_rgba16f_tex2d_b2d2d89ee129.json,True,,pre_and_post,texture_rgba16f_tex2d,texture,0.006543541506912232,0.00650901025775528,0.0036160213981050703,21,805306368,0,1711276032,0
confirm/texture_rgba16f_tex2d_ba71e0f73361.json,True,,pre_and_post,texture_rgba16f_tex2d,texture,0.006549426923435212,0.006482916508392334,0.005722134670402508,21,805306368,0,1711276032,0
confirm/texture_rgba16f_tex2d_ff7abf33b17d.json,True,,pre_and_post,texture_rgba16f_tex2d,texture,0.005453124866867066,0.00540786445130539,0.004199971847867313,21,671088640,0,1426063360,0
confirm/texture_rgba16f_tex3d_13a06226bf9a.json,True,,pre_and_post,texture_rgba16f_tex3d,texture,0.006454739425746918,0.006442447759380341,0.0012073502924307461,21,1342177280,0,2852126720,0
confirm/texture_rgba16f_tex3d_461d695b2de3.json,True,,pre_and_post,texture_rgba16f_tex3d,texture,0.006454114425762177,0.0064422394260520936,0.0008666432767866656,21,1342177280,0,2852126720,0
confirm/texture_rgba16f_tex3d_92bf6d10dc41.json,True,,pre_and_post,texture_rgba16f_tex3d,texture,0.005427968617481232,0.0054160415344390875,0.001094043027838341,21,158334976,0,5383389184,0
confirm/texture_rgba16f_tex3d_9387e52f327b.json,True,,pre_and_post,texture_rgba16f_tex3d,texture,0.005982083187286377,0.005972760270847321,0.0010120974793608763,21,174587904,0,5935988736,0
confirm/texture_rgba16f_tex3d_995e034013f3.json,True,,pre_and_post,texture_rgba16f_tex3d,texture,0.006454895675743103,0.006437083176177979,0.0014226628158621108,21,1342177280,0,2852126720,0
confirm/texture_rgba16f_tex3d_aed6b4c6d53c.json,True,,pre_and_post,texture_rgba16f_tex3d,texture,0.0059641144377250675,0.005947760271457672,0.0012504582614059443,21,174063616,0,5918162944,0
confirm/texture_rgba32f_buffer_0627f8bb5167.json,True,,pre_and_post,texture_rgba32f_buffer,texture,0.005614166529602051,0.0056084373630752565,0.0005759962501571401,21,89128960,0,6060769280,0
confirm/texture_rgba32f_buffer_6dd7880bfe90.json,True,,pre_and_post,texture_rgba32f_buffer,texture,0.005976041520767212,0.005971666520874024,0.0006089153982763659,21,94896128,0,6452936704,0
confirm/texture_rgba32f_buffer_87b4a90905ce.json,True,,pre_and_post,texture_rgba32f_buffer,texture,0.006066874851882935,0.006064531101940156,0.00021061635331047807,21,603979776,0,2566914048,0
confirm/texture_rgba32f_buffer_890e79187735.json,True,,pre_and_post,texture_rgba32f_buffer,texture,0.0060668227685508735,0.0060635415186309815,0.00021083990798559,21,603979776,0,2566914048,0
confirm/texture_rgba32f_buffer_b25df93095ca.json,True,,pre_and_post,texture_rgba32f_buffer,texture,0.005975989437435151,0.005970937354225159,0.000639641246369208,21,94896128,0,6452936704,0
confirm/texture_rgba32f_buffer_ead56b703762.json,True,,pre_and_post,texture_rgba32f_buffer,texture,0.0060668227685508735,0.006063906101955415,0.0002093895737374319,21,603979776,0,2566914048,0
confirm/texture_rgba32f_tex2d_216882e1df2c.json,True,,pre_and_post,texture_rgba32f_tex2d,texture,0.005357708202529908,0.005349687369392396,0.0007138071855034249,21,76283904,0,5187305472,0
confirm/texture_rgba32f_tex2d_3429b51eaf12.json,True,,pre_and_post,texture_rgba32f_tex2d,texture,0.005027291543930054,0.005009687377693177,0.0022169074904963,21,469762048,0,1996488704,0
confirm/texture_rgba32f_tex2d_534788dc919e.json,True,,pre_and_post,texture_rgba32f_tex2d,texture,0.00574703110969162,0.005723906110256196,0.0022390655307921396,21,536870912,0,2281701376,0
confirm/texture_rgba32f_tex2d_625ed9c59f54.json,True,,pre_and_post,texture_rgba32f_tex2d,texture,0.005750676942935944,0.005730781110088349,0.001790719524811746,21,536870912,0,2281701376,0
confirm/texture_rgba32f_tex2d_6876284ef9f7.json,True,,pre_and_post,texture_rgba32f_tex2d,texture,0.005893645689445496,0.0058844269396705635,0.0007064240167776423,21,83886080,0,5704253440,0
confirm/texture_rgba32f_tex2d_ab4b7b012b2e.json,True,,pre_and_post,texture_rgba32f_tex2d,texture,0.005468176949832916,0.005460729033348084,0.0009296337526920229,21,77856768,0,5294260224,0
confirm/texture_rgba32f_tex3d_2c783678abd5.json,True,,pre_and_post,texture_rgba32f_tex3d,texture,0.005983489437252045,0.005968333187622071,0.0013856231145416562,21,88866816,0,6042943488,0
confirm/texture_rgba32f_tex3d_3f0bd2e748b2.json,True,,pre_and_post,texture_rgba32f_tex3d,texture,0.0064779685918464665,0.006460468592273712,0.0019856874928048007,21,872415232,0,3707764736,0
confirm/texture_rgba32f_tex3d_76ef7b579a9e.json,True,,pre_and_post,texture_rgba32f_tex3d,texture,0.005485416532745362,0.005458749866729736,0.002669291338862338,21,738197504,0,3137339392,0
confirm/texture_rgba32f_tex3d_809c5720770e.json,True,,pre_and_post,texture_rgba32f_tex3d,texture,0.005485468616077424,0.005455468616809845,0.002203043503998716,21,738197504,0,3137339392,0
confirm/texture_rgba32f_tex3d_81ac44943abc.json,True,,pre_and_post,texture_rgba32f_tex3d,texture,0.0059806248539886475,0.0059699998542480474,0.001242272863815496,21,88866816,0,6042943488,0
confirm/texture_rgba32f_tex3d_e7ec7272b275.json,True,,pre_and_post,texture_rgba32f_tex3d,texture,0.005981718603961945,0.0059697915209198,0.0010230555819685497,21,88866816,0,6042943488,0
latency-capacity/pchase_24b949e426c2.json,True,,pre_and_post,pchase,latency,0.010889635150806428,0.010668593489536285,0.006779849306267866,9,0,0,0,0
latency-capacity/pchase_252b420978b5.json,True,,pre_and_post,pchase,latency,0.005332551953144074,0.0053324998698120124,0.007155582769778196,9,0,0,0,0
latency-capacity/pchase_331a89ee5cc4.json,True,,pre_and_post,pchase,latency,0.3119186903014641,0.3112913465667801,0.0006916324166869615,9,0,0,0,0
latency-capacity/pchase_35fed581e2d5.json,True,short,pre_and_post,pchase,latency,0.001649062459739685,0.001649062459739685,0.0006197856901582358,9,0,0,0,0
latency-capacity/pchase_739158f20adf.json,True,,pre_and_post,pchase,latency,0.27250832668029784,0.2717003579500237,0.0026618055821733128,9,0,0,0,0
latency-capacity/pchase_98272062bb74.json,True,short,pre_and_post,pchase,latency,0.0015920312111320496,0.0015920312111320496,8.655297405995508e-05,9,0,0,0,0
latency-capacity/pchase_dcd4d5ac1302.json,True,,pre_and_post,pchase,latency,0.05254656121712494,0.05254130080058671,0.004389093893824662,9,0,0,0,0
latency-capacity/pchase_e3b904de2780.json,True,short;fixed_cost,pre_and_post,pchase,latency,0.0018248437054481507,0.0018248437054481507,0.0014905802620925745,9,0,0,0,0
latency-capacity/pchase_e867898d2411.json,True,short,pre_and_post,pchase,latency,0.0015951562110557557,0.0015951562110557557,4.353378221502058e-05,9,0,0,0,0
latency-capacity/pchase_faf75061037b.json,True,short,pre_and_post,pchase,latency,0.001606979127433777,0.0016052082941436768,0.0003661740069979582,9,0,0,0,0
probe/alu_fp32_v4_c16_16c582598ab7.json,True,,pre_and_post,alu_fp32_v4_c16,alu,0.005998176936893464,0.005997812353569031,3.744863222827756e-05,21,70061654016,0,37748736,0
probe/alu_fp32_v4_c16_32742be5169f.json,True,,pre_and_post,alu_fp32_v4_c16,alu,0.0059986456868820195,0.00599807277022934,5.989667329919112e-05,21,70061654016,0,37748736,0
probe/alu_fp32_v4_c16_384aa598630a.json,True,,pre_and_post,alu_fp32_v4_c16,alu,0.005998749853546143,0.005998385270221711,3.842871267008808e-05,21,70061654016,0,37748736,0
probe/alu_fp32_v4_c16_3b1d3bc64489.json,True,,pre_and_post,alu_fp32_v4_c16,alu,0.005998801936878205,0.005998281103557587,4.679390922603219e-05,21,70061654016,0,37748736,0
probe/alu_fp32_v4_c16_403d0afdc031.json,True,,pre_and_post,alu_fp32_v4_c16,alu,0.005998749853546143,0.005998281103557587,4.049829926776931e-05,21,70061654016,0,37748736,0
probe/alu_fp32_v4_c16_4698144c18fa.json,True,,pre_and_post,alu_fp32_v4_c16,alu,0.005998854020210266,0.0059983331868896485,5.197270592409187e-05,21,70061654016,0,37748736,0
probe/alu_fp32_v4_c16_4f1562c82358.json,True,,pre_and_post,alu_fp32_v4_c16,alu,0.005998749853546143,0.005998385270221711,3.9719819113343414e-05,21,70061654016,0,37748736,0
probe/alu_fp32_v4_c16_510dc0fc4099.json,True,,pre_and_post,alu_fp32_v4_c16,alu,0.005998749853546143,0.0059983331868896485,5.5315478038715656e-05,21,70061654016,0,37748736,0
probe/alu_fp32_v4_c16_5d5020111971.json,True,,pre_and_post,alu_fp32_v4_c16,alu,0.005998749853546143,0.005998229020225525,5.125992615074258e-05,21,70061654016,0,37748736,0
probe/alu_fp32_v4_c16_602c7fbac42c.json,True,,pre_and_post,alu_fp32_v4_c16,alu,0.005998854020210266,0.005998281103557587,4.8289071547136486e-05,21,70061654016,0,37748736,0
probe/alu_fp32_v4_c16_605c76a7ce17.json,True,,pre_and_post,alu_fp32_v4_c16,alu,0.0059986456868820195,0.005998124853561402,5.126510180180811e-05,21,70061654016,0,37748736,0
probe/alu_fp32_v4_c16_609ba569c9b1.json,True,,pre_and_post,alu_fp32_v4_c16,alu,0.005998749853546143,0.005998176936893464,4.3490395592309214e-05,21,70061654016,0,37748736,0
probe/alu_fp32_v4_c16_6a36c98b0522.json,True,,pre_and_post,alu_fp32_v4_c16,alu,0.005998697770214081,0.005998124853561402,5.2622709511660204e-05,21,70061654016,0,37748736,0
probe/alu_fp32_v4_c16_72ffc10a12f6.json,True,,pre_and_post,alu_fp32_v4_c16,alu,0.005998801936878205,0.005998281103557587,3.553159675581861e-05,21,70061654016,0,37748736,0
probe/alu_fp32_v4_c16_768e72d27a7e.json,True,,pre_and_post,alu_fp32_v4_c16,alu,0.005998854020210266,0.005998385270221711,4.2487685517837084e-05,21,70061654016,0,37748736,0
probe/alu_fp32_v4_c16_7782b4f75436.json,True,,pre_and_post,alu_fp32_v4_c16,alu,0.005998697770214081,0.005998437353553773,3.457910132402021e-05,21,70061654016,0,37748736,0
probe/alu_fp32_v4_c16_78cd9d57a0d7.json,True,,pre_and_post,alu_fp32_v4_c16,alu,0.0059986456868820195,0.005998281103557587,4.059201675953935e-05,21,70061654016,0,37748736,0
probe/alu_fp32_v4_c16_8142fa7fad01.json,True,,pre_and_post,alu_fp32_v4_c16,alu,0.005998801936878205,0.005998437353553773,3.5007290894595486e-05,21,70061654016,0,37748736,0
probe/alu_fp32_v4_c16_858c4bdecd86.json,True,,pre_and_post,alu_fp32_v4_c16,alu,0.005998801936878205,0.005998229020225525,4.933689588133443e-05,21,70061654016,0,37748736,0
probe/alu_fp32_v4_c16_88e2e297a528.json,True,,pre_and_post,alu_fp32_v4_c16,alu,0.005998176936893464,0.005997499853576661,5.46062047998525e-05,21,70061654016,0,37748736,0
probe/alu_fp32_v4_c16_8d4378b976e2.json,True,,pre_and_post,alu_fp32_v4_c16,alu,0.0059986456868820195,0.005998229020225525,3.689507952301597e-05,21,70061654016,0,37748736,0
probe/alu_fp32_v4_c16_9c473b33118b.json,True,,pre_and_post,alu_fp32_v4_c16,alu,0.005998801936878205,0.005998020686897278,4.9442608843828075e-05,21,70061654016,0,37748736,0
probe/alu_fp32_v4_c16_a17d32aef502.json,True,,pre_and_post,alu_fp32_v4_c16,alu,0.005998749853546143,0.0059983331868896485,3.525782392088585e-05,21,70061654016,0,37748736,0
probe/alu_fp32_v4_c16_b163942f2f3a.json,True,,pre_and_post,alu_fp32_v4_c16,alu,0.0059986456868820195,0.005998229020225525,4.861148095118694e-05,21,70061654016,0,37748736,0
probe/alu_fp32_v4_c16_c685a91e3925.json,True,,pre_and_post,alu_fp32_v4_c16,alu,0.005998854020210266,0.005998281103557587,3.9369882057076856e-05,21,70061654016,0,37748736,0
probe/alu_fp32_v4_c16_c8d7165dc942.json,True,,pre_and_post,alu_fp32_v4_c16,alu,0.0059986456868820195,0.005998385270221711,2.592305201437443e-05,21,70061654016,0,37748736,0
probe/alu_fp32_v4_c16_c96da3e7f361.json,True,,pre_and_post,alu_fp32_v4_c16,alu,0.005998854020210266,0.005998437353553773,4.162972601436975e-05,21,70061654016,0,37748736,0
probe/alu_fp32_v4_c16_d218d76f2346.json,True,,pre_and_post,alu_fp32_v4_c16,alu,0.005998749853546143,0.005998281103557587,3.805827090538894e-05,21,70061654016,0,37748736,0
probe/alu_fp32_v4_c16_e3bb7bbafca8.json,True,,pre_and_post,alu_fp32_v4_c16,alu,0.005998854020210266,0.005998437353553773,2.947959049303728e-05,21,70061654016,0,37748736,0
probe/alu_fp32_v4_c16_ea40cb10b867.json,True,,pre_and_post,alu_fp32_v4_c16,alu,0.005998801936878205,0.005998281103557587,4.3638065403864546e-05,21,70061654016,0,37748736,0
probe/alu_fp32_v4_c16_f2283e754d0a.json,True,,pre_and_post,alu_fp32_v4_c16,alu,0.005998854020210266,0.0059983331868896485,4.578923053039714e-05,21,70061654016,0,37748736,0
probe/alu_fp32_v4_c16_f6a97ab24d8d.json,True,,pre_and_post,alu_fp32_v4_c16,alu,0.005998906103542328,0.005998489436885834,5.007269568568768e-05,21,70061654016,0,37748736,0
probe/alu_fp32_v4_c16_f82d48c73e7c.json,True,,pre_and_post,alu_fp32_v4_c16,alu,0.005998697770214081,0.0059983331868896485,4.276637406624747e-05,21,70061654016,0,37748736,0
probe/alu_fp32_v4_c16_f831dcee8992.json,True,,pre_and_post,alu_fp32_v4_c16,alu,0.0059986456868820195,0.005998176936893464,5.636725237340581e-05,21,70061654016,0,37748736,0
sustain-0/alu_fp16_v4_c1_8163d82e4b6b.json,True,,pre_and_post,alu_fp16_v4_c1,alu,0.005999062353538514,0.005998385270221711,0.003228029024944701,19683,163745628160,0,100663296,0
sustain-0/matrix_fp16_fp32_8x16x16_c8_39fcb8556afc.json,True,,pre_and_post,matrix_fp16_fp32_8x16x16_c8,matrix,0.005894218606098176,0.005893645689445496,0.002075536394064552,20013,681826058240,0,79691776,0
sustain-0/mem_read_v4_08093e909918.json,True,,pre_and_post,mem_read_v4,memory,0.005778437358924866,0.005736093609958649,0.0014859411254142761,20422,671088640,0,2688548864,0
sustain-preflight-0/alu_fp16_v4_c1_779c21b92c16.json,True,noisy_median,pre_and_post,alu_fp16_v4_c1,alu,0.0059992186035346985,0.00599895818687439,0.25949926442072113,5,163745628160,0,100663296,0
sustain-preflight-0/matrix_fp16_fp32_8x16x16_c8_1de0a12a02d1.json,True,noisy_median;fixed_cost,pre_and_post,matrix_fp16_fp32_8x16x16_c8,matrix,0.006239531097667695,0.005894270689430237,0.4418653705117904,5,681826058240,0,79691776,0
sustain-preflight-0/mem_read_v4_c3abe1a2e65a.json,True,,pre_and_post,mem_read_v4,memory,0.005862083190216065,0.005814322774715424,0.006243559465227857,5,671088640,0,2688548864,0
sweep-cache/mem_read_v4_09bbec75bfff.json,True,,pre_and_post,mem_read_v4,memory,0.005892447772808076,0.0058879686062507635,0.000576096008089733,21,8868855808,0,35479617536,0
sweep-cache/mem_read_v4_48655b907bba.json,True,,pre_and_post,mem_read_v4,memory,0.005832864440929413,0.005824114441143036,0.0010015529010533218,21,671088640,0,2692743168,0
sweep-cache/mem_read_v4_58edd9139ba9.json,True,,pre_and_post,mem_read_v4,memory,0.0060346352693367005,0.0059549477712821965,0.010102446886485868,21,8942256128,0,35777413120,0
sweep-cache/mem_read_v4_6c745e9485ec.json,True,fixed_cost;warmup_unsteady;drifting,pre_and_post,mem_read_v4,memory,0.048807238391750336,0.04523562389561463,0.04016766752432487,21,16575889408,0,66311946240,0
sweep-cache/mem_read_v4_711526d354ef.json,True,,pre_and_post,mem_read_v4,memory,0.0058876561062583925,0.005875468606555939,0.0015462561155452357,21,12943622144,0,51782877184,0
sweep-cache/mem_read_v4_8d62fc8c843a.json,True,,pre_and_post,mem_read_v4,memory,0.005821145691215515,0.00581833319128418,0.0002872450438517201,21,11475615744,0,45910851584,0
sweep-cache/mem_read_v4_952ab6fd70a8.json,True,,pre_and_post,mem_read_v4,memory,0.006560260256504059,0.006558645673210145,0.0001383212715717195,21,8589934592,0,34361835520,0
sweep-cache/mem_read_v4_9abebcf2bf89.json,True,,pre_and_post,mem_read_v4,memory,0.005892551939472199,0.005867447773418427,0.002048332190600378,21,7835484160,0,31344033792,0
sweep-cache/mem_read_v4_a4759a7c6e3e.json,True,,pre_and_post,mem_read_v4,memory,0.006511093591037751,0.0065086456744308475,0.0001472685701408216,21,8589934592,0,34361835520,0
sweep-cache/mem_read_v4_a6f5665b2424.json,True,,pre_and_post,mem_read_v4,memory,0.006559010256534577,0.0065523435900306706,0.000643720250200439,21,8589934592,0,34361835520,0
sweep-cache/mem_read_v4_a833eebe4839.json,True,,pre_and_post,mem_read_v4,memory,0.006560833173156738,0.0065591144231987005,0.0001375121563818543,21,8589934592,0,34361835520,0
sweep-cache/mem_read_v4_ae4453826631.json,True,,pre_and_post,mem_read_v4,memory,0.005633333195800782,0.005630208195877075,0.0003919094636044308,21,8956936192,0,35836133376,0
sweep-cache/mem_read_v4_b8521ba31340.json,True,,pre_and_post,mem_read_v4,memory,0.0059579165212097175,0.005886354022956848,0.005991328655884623,21,4462739456,0,17859346432,0
sweep-cache/mem_read_v4_bf4bccce43d5.json,True,,pre_and_post,mem_read_v4,memory,0.006560520673164368,0.006558749839874268,0.00014357523564646808,21,8589934592,0,34361835520,0
sweep-cache/mem_read_v4_caf69d1f8c74.json,True,,pre_and_post,mem_read_v4,memory,0.006495104008094788,0.00649369775812912,0.0001274689575968773,21,8589934592,0,34361835520,0
sweep-cache/mem_read_v4_d9c8a43fd61b.json,True,,pre_and_post,mem_read_v4,memory,0.006510885257709503,0.0065095310910758975,0.00012974392660026004,21,8589934592,0,34361835520,0
sweep-cache/mem_read_v4_dae4c13d1bce.json,True,,pre_and_post,mem_read_v4,memory,0.006569479006278992,0.006567239423000336,0.00015273234278116718,21,8589934592,0,34361835520,0
sweep-cache/mem_read_v4_e7568462eae4.json,True,,pre_and_post,mem_read_v4,memory,0.006495468591419221,0.006493854008125305,0.0001271362264738099,21,8589934592,0,34361835520,0
sweep-compute/alu_fp16_v1_c16_1ab7a85329e2.json,True,,pre_and_post,alu_fp16_v1_c16,alu,0.005853333190429688,0.005852083190460205,0.00013447031206107325,21,137438953472,0,37748736,0
sweep-compute/alu_fp16_v1_c16_30091acc79f9.json,True,,pre_and_post,alu_fp16_v1_c16,alu,0.005820781107891083,0.005820156107906342,6.36660803010362e-05,21,135023034368,0,18874368,0
sweep-compute/alu_fp16_v1_c16_315ca9442ee5.json,True,,pre_and_post,alu_fp16_v1_c16,alu,0.005801406108364105,0.0058008852750434875,3.762299318937673e-05,21,137438953472,0,150994944,0
sweep-compute/alu_fp16_v1_c16_f430ee557924.json,True,,pre_and_post,alu_fp16_v1_c16,alu,0.005671822778194428,0.005670051944904328,0.00017094345064560612,21,134217728000,0,75497472,0
sweep-compute/alu_fp16_v1_c1_1c3a9cbf18a9.json,True,,pre_and_post,alu_fp16_v1_c1,alu,0.00592411443870163,0.0059156769389076234,0.0015594802691781644,21,95009374208,0,3145728,0
sweep-compute/alu_fp16_v1_c1_8b390f8eb6ff.json,True,,pre_and_post,alu_fp16_v1_c1,alu,0.005861822773555756,0.005850416523834229,0.02303559997854968,21,101049171968,0,6291456,0
sweep-compute/alu_fp16_v1_c1_9c2224896f4d.json,True,,pre_and_post,alu_fp16_v1_c1,alu,0.00588229152305603,0.00587755193983841,0.00039036265851020416,21,101737037824,0,25165824,0
sweep-compute/alu_fp16_v1_c1_d520124c2c2c.json,True,,pre_and_post,alu_fp16_v1_c1,alu,0.00587697902318573,0.005868385273395539,0.013029753560230093,21,101166612480,0,12582912,0
sweep-compute/alu_fp16_v1_c2_1ca5ef9d9f0f.json,True,,pre_and_post,alu_fp16_v1_c2,alu,0.005895885272724152,0.0058950519394111636,7.982745937319597e-05,21,114286395392,0,16777216,0
sweep-compute/alu_fp16_v1_c2_4ab550c5bcbb.json,True,,pre_and_post,alu_fp16_v1_c2,alu,0.005858385273639679,0.005857656106990815,5.681062082575002e-05,21,113950851072,0,33554432,0
sweep-compute/alu_fp16_v1_c2_65a7f375fd61.json,True,,pre_and_post,alu_fp16_v1_c2,alu,0.005884843606327057,0.0058838019396858215,9.401893842206887e-05,21,112709337088,0,8388608,0
sweep-compute/alu_fp16_v1_c2_68f724d4d84f.json,True,,pre_and_post,alu_fp16_v1_c2,alu,0.005999426936862946,0.005998593603549957,9.234791353762187e-05,21,112373792768,0,4194304,0
sweep-compute/alu_fp16_v1_c4_6ba88ae38ffc.json,True,,pre_and_post,alu_fp16_v1_c4,alu,0.005998229020225525,0.005997968603565216,2.920683111203725e-05,21,118111600640,0,50331648,0
sweep-compute/alu_fp16_v1_c4_a7d7d464944f.json,True,,pre_and_post,alu_fp16_v1_c4,alu,0.005116562375083924,0.005116249875091553,5.3697953441275656e-05,21,100529078272,0,25165824,0
sweep-compute/alu_fp16_v1_c4_b954ff95d59a.json,True,,pre_and_post,alu_fp16_v1_c4,alu,0.0058861977729606635,0.005885937356300355,4.13714703481164e-05,21,113380425728,0,6291456,0
sweep-compute/alu_fp16_v1_c4_d0ea90759736.json,True,,pre_and_post,alu_fp16_v1_c4,alu,0.005894114439434052,0.005893072772792817,8.0040687917643e-05,21,114957484032,0,12582912,0
sweep-compute/alu_fp16_v1_c8_90855381c801.json,True,,pre_and_post,alu_fp16_v1_c8,alu,0.005833541524246216,0.005832135274280548,0.0001240634744536524,21,132607115264,0,20971520,0
sweep-compute/alu_fp16_v1_c8_b3e106a9c0bd.json,True,,pre_and_post,alu_fp16_v1_c8,alu,0.005867083190093995,0.005866354023445129,0.0009136747283658392,21,134486163456,0,41943040,0
sweep-compute/alu_fp16_v1_c8_be3d1f2ca9fd.json,True,,pre_and_post,alu_fp16_v1_c8,alu,0.006000208186843873,0.005999999853515625,3.0146343587621254e-05,21,134486163456,0,10485760,0
sweep-compute/alu_fp16_v1_c8_fb9cb9ff9d2e.json,True,,pre_and_post,alu_fp16_v1_c8,alu,0.005052083209991455,0.0050516144600029,6.517067343687777e-05,21,115964116992,0,83886080,0
sweep-compute/alu_fp16_v2_c16_36f86b0491d1.json,True,,pre_and_post,alu_fp16_v2_c16,alu,0.0060998436010780335,0.006099479017753601,3.355886812982493e-05,21,70866960384,0,301989888,0
sweep-compute/alu_fp16_v2_c16_81b8a0286802.json,True,,pre_and_post,alu_fp16_v2_c16,alu,0.006011718603229523,0.006011406103237153,3.008293255625816e-05,21,69793218560,0,150994944,0
sweep-compute/alu_fp16_v2_c16_e6b3e4d3840f.json,True,,pre_and_post,alu_fp16_v2_c16,alu,0.005903124855880738,0.00590291652255249,2.7620147770876783e-05,21,67914170368,0,37748736,0
sweep-compute/alu_fp16_v2_c16_f604c91d6ff9.json,True,,pre_and_post,alu_fp16_v2_c16,alu,0.0059546352712898255,0.005954270687965393,3.01246170708014e-05,21,68719476736,0,75497472,0
sweep-compute/alu_fp16_v2_c1_1ec07890c8ec.json,True,,pre_and_post,alu_fp16_v2_c1,alu,0.005855156107051849,0.0058490102738685615,0.0005065005308331741,21,146532204544,0,12582912,0
sweep-compute/alu_fp16_v2_c1_73d118f29e65.json,True,,pre_and_post,alu_fp16_v2_c1,alu,0.005664374861709595,0.005657968611865997,0.0012907002802380893,21,137438953472,0,6291456,0
sweep-compute/alu_fp16_v2_c1_88208d8bd2dc.json,True,,pre_and_post,alu_fp16_v2_c1,alu,0.005397656118221283,0.005394635284961701,0.0005219667893282181,21,137438953472,0,50331648,0
sweep-compute/alu_fp16_v2_c1_8e0503a979b5.json,True,,pre_and_post,alu_fp16_v2_c1,alu,0.005983697770580292,0.005977656104061127,0.0011110306367596793,21,151867359232,0,25165824,0
sweep-compute/alu_fp16_v2_c2_a7d618950eea.json,True,,pre_and_post,alu_fp16_v2_c2,alu,0.005137291541244507,0.005136770707923889,5.908364463086961e-05,21,125694902272,0,16777216,0
sweep-compute/alu_fp16_v2_c2_b798f4d2c859.json,True,,pre_and_post,alu_fp16_v2_c2,alu,0.0058820311063957215,0.005881718606403351,3.155537199486127e-05,21,141431930880,0,8388608,0
sweep-compute/alu_fp16_v2_c2_df9dd59612c9.json,True,,pre_and_post,alu_fp16_v2_c2,alu,0.005657343611881256,0.005657083195220947,2.6462093592913142e-05,21,140123308032,0,67108864,0
sweep-compute/alu_fp16_v2_c2_f226dcd1cf24.json,True,,pre_and_post,alu_fp16_v2_c2,alu,0.0055849477803154,0.005561770697547913,0.0016424134394685717,21,137438953472,0,33554432,0
sweep-compute/alu_fp16_v2_c4_1e7136f54241.json,True,,pre_and_post,alu_fp16_v2_c4,alu,0.005998489436885834,0.0059968748535919195,0.0001074664999047318,21,148847460352,0,25165824,0
sweep-compute/alu_fp16_v2_c4_302dbfc6f6e0.json,True,,pre_and_post,alu_fp16_v2_c4,alu,0.006012083186553955,0.006011718603229523,4.838164846237276e-05,21,150860726272,0,100663296,0
sweep-compute/alu_fp16_v2_c4_545bdf526f01.json,True,,pre_and_post,alu_fp16_v2_c4,alu,0.005573697780590058,0.005573281113933563,0.00012590567127686918,21,136163885056,0,12582912,0
sweep-compute/alu_fp16_v2_c4_7a6ee2958470.json,True,,pre_and_post,alu_fp16_v2_c4,alu,0.005863020690193177,0.005862343606876374,8.323200967267194e-05,21,146834194432,0,50331648,0
sweep-compute/alu_fp16_v2_c8_032d4781e8f8.json,True,,pre_and_post,alu_fp16_v2_c8,alu,0.006016614436443329,0.0060160415197906495,5.5640883608534576e-05,21,150323855360,0,83886080,0
sweep-compute/alu_fp16_v2_c8_115c6034189e.json,True,,pre_and_post,alu_fp16_v2_c8,alu,0.005630676945865632,0.005630156112545014,3.8842098062833493e-05,21,137438953472,0,20971520,0
sweep-compute/alu_fp16_v2_c8_6ba01ad5a494.json,True,,pre_and_post,alu_fp16_v2_c8,alu,0.005496354032478333,0.0054959894491539004,4.142859061663386e-05,21,137438953472,0,167772160,0
sweep-compute/alu_fp16_v2_c8_95afabe8f08f.json,True,,pre_and_post,alu_fp16_v2_c8,alu,0.005852760273777008,0.005852031107128144,7.922378265348775e-05,21,144955146240,0,41943040,0
sweep-compute/alu_fp16_v4_c16_3363be2fd0dd.json,True,,pre_and_post,alu_fp16_v4_c16,alu,0.00611947901726532,0.006118906100612641,5.010902811614696e-05,21,68719476736,0,603979776,0
sweep-compute/alu_fp16_v4_c16_73d14b5c024f.json,True,,pre_and_post,alu_fp16_v4_c16,alu,0.006161718599567414,0.00616072901625824,0.00010264344647323807,21,68719476736,0,75497472,0
sweep-compute/alu_fp16_v4_c16_b419b2b8ed34.json,True,,pre_and_post,alu_fp16_v4_c16,alu,0.006109114434185029,0.00610828110087204,4.4944085689764036e-05,21,68719476736,0,301989888,0
sweep-compute/alu_fp16_v4_c16_ed8cb42be726.json,True,,pre_and_post,alu_fp16_v4_c16,alu,0.006047187352363587,0.006046874852371216,5.690095556404828e-05,21,67645734912,0,150994944,0
sweep-compute/alu_fp16_v4_c1_38b856abfe8d.json,True,,pre_and_post,alu_fp16_v4_c1,alu,0.005877812356498719,0.005877291523178101,5.0381721353463315e-05,21,155256356864,0,12582912,0
sweep-compute/alu_fp16_v4_c1_d00405d9ca87.json,True,,pre_and_post,alu_fp16_v4_c1,alu,0.006001041520156861,0.006000520686836243,4.2510132709939e-05,21,161598144512,0,25165824,0
sweep-compute/alu_fp16_v4_c1_dba05b25b71b.json,True,,pre_and_post,alu_fp16_v4_c1,alu,0.005071093626194001,0.0050506248766937255,0.002019585631777914,21,137438953472,0,50331648,0
sweep-compute/alu_fp16_v4_c1_f7cf8321c722.json,True,,pre_and_post,alu_fp16_v4_c1,alu,0.005999114436870575,0.005998801936878205,3.1837054193299276e-05,21,163745628160,0,100663296,0
sweep-compute/alu_fp16_v4_c2_274016f21f2f.json,True,,pre_and_post,alu_fp16_v4_c2,alu,0.005997968603565216,0.0059974477702445985,5.0749665685638514e-05,21,133009768448,0,33554432,0
sweep-compute/alu_fp16_v4_c2_73adbe1f5a5a.json,True,,pre_and_post,alu_fp16_v4_c2,alu,0.0059983331868896485,0.005998176936893464,2.2047749628138586e-05,21,131130720256,0,16777216,0
sweep-compute/alu_fp16_v4_c2_a370632fab24.json,True,,pre_and_post,alu_fp16_v4_c2,alu,0.0059942186036567695,0.005993801937000275,5.1512849762096156e-05,21,134217728000,0,134217728,0
sweep-compute/alu_fp16_v4_c2_ccf45b8ef1fc.json,True,,pre_and_post,alu_fp16_v4_c2,alu,0.005870885273334504,0.005846770690589905,0.0014710648018431396,21,130728067072,0,67108864,0
sweep-compute/alu_fp16_v4_c4_12086d2bc6f2.json,True,,pre_and_post,alu_fp16_v4_c4,alu,0.005873958189926148,0.005873697773265839,3.212743808615992e-05,21,122943438848,0,50331648,0
sweep-compute/alu_fp16_v4_c4_61937b4c4945.json,True,,pre_and_post,alu_fp16_v4_c4,alu,0.006004010270084382,0.006003645686759949,4.2005171502603814e-05,21,126701535232,0,201326592,0
sweep-compute/alu_fp16_v4_c4_9b72ed46730b.json,True,,pre_and_post,alu_fp16_v4_c4,alu,0.005907083189117432,0.005906666522460938,0.0017812516515777433,21,124554051584,0,100663296,0
sweep-compute/alu_fp16_v4_c4_bbbec3cc210f.json,True,,pre_and_post,alu_fp16_v4_c4,alu,0.0059995311035270695,0.005999062353538514,3.335470772289526e-05,21,123882962944,0,25165824,0
sweep-compute/alu_fp16_v4_c8_48ca2ebef66e.json,True,,pre_and_post,alu_fp16_v4_c8,alu,0.006098281101116181,0.006097916517791749,2.3544968702041864e-05,21,53687091200,0,335544320,0
sweep-compute/alu_fp16_v4_c8_75d41e2a3242.json,True,,pre_and_post,alu_fp16_v4_c8,alu,0.006095781101177216,0.006095364434520722,3.1159839931668045e-05,21,53687091200,0,167772160,0
sweep-compute/alu_fp16_v4_c8_8ca75132ee21.json,True,,pre_and_post,alu_fp16_v4_c8,alu,0.005891458189498901,0.0058911977728385925,3.1022574149086675e-05,21,51539607552,0,41943040,0
sweep-compute/alu_fp16_v4_c8_9338a91c782f.json,True,,pre_and_post,alu_fp16_v4_c8,alu,0.006003749853424073,0.0060033852700996405,3.102561689339511e-05,21,52613349376,0,83886080,0
sweep-compute/alu_fp32_v1_c16_0cbc8c75e387.json,True,,pre_and_post,alu_fp32_v1_c16,alu,0.006682499836853028,0.006682291503524781,2.6827070410135553e-05,21,68719476736,0,75497472,0
sweep-compute/alu_fp32_v1_c16_1af49333d40d.json,True,,pre_and_post,alu_fp32_v1_c16,alu,0.0060405727691917425,0.006040416519195557,2.318935299271007e-05,21,62277025792,0,150994944,0
sweep-compute/alu_fp32_v1_c16_5bc51c0983dd.json,True,,pre_and_post,alu_fp32_v1_c16,alu,0.00588786443958664,0.005887551939594269,3.255911781700739e-05,21,59861106688,0,37748736,0
sweep-compute/alu_fp32_v1_c16_c4b65b6cde12.json,True,,pre_and_post,alu_fp32_v1_c16,alu,0.0059992186035346985,0.005999062353538514,2.794590164015714e-05,21,60800630784,0,18874368,0
sweep-compute/alu_fp32_v1_c1_1c7e5c4bfa04.json,True,,pre_and_post,alu_fp32_v1_c1,alu,0.005892916522796631,0.005887187356269837,0.0010579960430581743,21,41548775424,0,3145728,0
sweep-compute/alu_fp32_v1_c1_7f5f6ab4a964.json,True,,pre_and_post,alu_fp32_v1_c1,alu,0.005956979021232605,0.005930520688545228,0.002280494838002593,21,43050336256,0,12582912,0
sweep-compute/alu_fp32_v1_c1_e1fdcfa9e724.json,True,,pre_and_post,alu_fp32_v1_c1,alu,0.006000624853500366,0.005998176936893464,0.0006506338680358192,21,43234885632,0,6291456,0
sweep-compute/alu_fp32_v1_c1_ebeecb6d8487.json,True,,pre_and_post,alu_fp32_v1_c1,alu,0.005879895689781189,0.005879531106456757,5.949510506643281e-05,21,42748346368,0,25165824,0
sweep-compute/alu_fp32_v1_c2_220c29b1329f.json,True,,pre_and_post,alu_fp32_v1_c2,alu,0.0054124998678588875,0.0054109894512290955,0.00019301401443884384,21,47143976960,0,8388608,0
sweep-compute/alu_fp32_v1_c2_4daf32a4f52f.json,True,,pre_and_post,alu_fp32_v1_c2,alu,0.005883906106349946,0.005881041523086548,0.0002704295167581567,21,50532974592,0,4194304,0
sweep-compute/alu_fp32_v1_c2_641517ef046f.json,True,,pre_and_post,alu_fp32_v1_c2,alu,0.006003124853439332,0.005992812353691102,0.0017360015604935648,21,52546240512,0,16777216,0
sweep-compute/alu_fp32_v1_c2_fa66d2086967.json,True,,pre_and_post,alu_fp32_v1_c2,alu,0.005813437358070374,0.005811406108119965,0.00041148523968904217,21,50868518912,0,33554432,0
sweep-compute/alu_fp32_v1_c4_03e84bbc3203.json,True,,pre_and_post,alu_fp32_v1_c4,alu,0.005916979022209168,0.0059165623555526735,3.678262490211258e-05,21,53955526656,0,50331648,0
sweep-compute/alu_fp32_v1_c4_1027e4c445c2.json,True,,pre_and_post,alu_fp32_v1_c4,alu,0.005862499856872559,0.005862083190216065,0.0019478022422933087,21,53418655744,0,25165824,0
sweep-compute/alu_fp32_v1_c4_51d3e94d6985.json,True,,pre_and_post,alu_fp32_v1_c4,alu,0.005998593603549957,0.005998385270221711,1.889009414510202e-05,21,53653536768,0,6291456,0
sweep-compute/alu_fp32_v1_c4_ef84d10168a2.json,True,,pre_and_post,alu_fp32_v1_c4,alu,0.005978489437374115,0.005978124854049683,2.0598477367973396e-05,21,54156853248,0,12582912,0
sweep-compute/alu_fp32_v1_c8_11a03631a196.json,True,,pre_and_post,alu_fp32_v1_c8,alu,0.005999010270206452,0.0059986456868820195,3.0277445854559766e-05,21,65498251264,0,41943040,0
sweep-compute/alu_fp32_v1_c8_6071bcd9c904.json,True,,pre_and_post,alu_fp32_v1_c8,alu,0.006286354013191223,0.006286041513198853,0.00014181249926142783,21,68719476736,0,83886080,0
sweep-compute/alu_fp32_v1_c8_89cf77648a2c.json,True,,pre_and_post,alu_fp32_v1_c8,alu,0.005249999871826172,0.00524963528850174,3.224141392668925e-05,21,56774098944,0,20971520,0
sweep-compute/alu_fp32_v1_c8_a14cb81e6e1e.json,True,,pre_and_post,alu_fp32_v1_c8,alu,0.0060016144368095405,0.006001354020149232,3.474882048151736e-05,21,64088965120,0,10485760,0
sweep-compute/alu_fp32_v2_c16_097f93d7c3ba.json,True,,pre_and_post,alu_fp32_v2_c16,alu,0.0059915623537216195,0.005991458187057495,2.0447940709082763e-05,21,77309411328,0,150994944,0
sweep-compute/alu_fp32_v2_c16_7f7856fe6ee3.json,True,,pre_and_post,alu_fp32_v2_c16,alu,0.006153229016441345,0.006152916516448975,2.211891198739575e-05,21,79456894976,0,301989888,0
sweep-compute/alu_fp32_v2_c16_d8e4c867f7d9.json,True,,pre_and_post,alu_fp32_v2_c16,alu,0.005362343619083405,0.0053620311190910345,3.1989978215787034e-05,21,68719476736,0,75497472,0
sweep-compute/alu_fp32_v2_c16_e7b4c8b34ff7.json,True,,pre_and_post,alu_fp32_v2_c16,alu,0.005466874866531373,0.005466718616535187,2.6362781432744446e-05,21,69793218560,0,37748736,0
sweep-compute/alu_fp32_v2_c1_17fbd37c30a7.json,True,,pre_and_post,alu_fp32_v2_c1,alu,0.00596124985446167,0.005960989437801362,0.002373914297703145,21,43352326144,0,25165824,0
sweep-compute/alu_fp32_v2_c1_1e4679cdbc36.json,True,,pre_and_post,alu_fp32_v2_c1,alu,0.006002656103450775,0.006002395686790466,3.1592111303630556e-05,21,43385880576,0,12582912,0
sweep-compute/alu_fp32_v2_c1_351ef2605290.json,True,,pre_and_post,alu_fp32_v2_c1,alu,0.005368124868942261,0.005367968618946076,0.0009294108980607875,21,39057358848,0,50331648,0
sweep-compute/alu_fp32_v2_c1_3e8c2b5d7393.json,True,,pre_and_post,alu_fp32_v2_c1,alu,0.005786562358726502,0.005785937358741761,5.1085924747112574e-05,21,41305505792,0,6291456,0
sweep-compute/alu_fp32_v2_c2_384237427a29.json,True,,pre_and_post,alu_fp32_v2_c2,alu,0.00589494777274704,0.005894843606082917,7.467167226590954e-06,21,42245029888,0,8388608,0
sweep-compute/alu_fp32_v2_c2_84cb4da23c70.json,True,,pre_and_post,alu_fp32_v2_c2,alu,0.006003437353431702,0.006003281103435517,0.0006543757608198568,21,43486543872,0,33554432,0
sweep-compute/alu_fp32_v2_c2_a2a8f541d5d4.json,True,,pre_and_post,alu_fp32_v2_c2,alu,0.005041822793575288,0.00504161446024704,2.2778128512508843e-05,21,36507222016,0,16777216,0
sweep-compute/alu_fp32_v2_c2_eb007ba37e38.json,True,,pre_and_post,alu_fp32_v2_c2,alu,0.005900312355949402,0.005900156105953217,4.06337415027542e-05,21,42949672960,0,67108864,0
sweep-compute/alu_fp32_v2_c4_0222349034f7.json,True,,pre_and_post,alu_fp32_v2_c4,alu,0.0058932811061210635,0.005868958190048218,0.0014706799532455024,21,54492397568,0,50331648,0
sweep-compute/alu_fp32_v2_c4_6b5dc4d7c551.json,True,,pre_and_post,alu_fp32_v2_c4,alu,0.005897864439342499,0.005897447772686005,3.136447668244174e-05,21,54760833024,0,100663296,0
sweep-compute/alu_fp32_v2_c4_bd5a8f8e8df8.json,True,,pre_and_post,alu_fp32_v2_c4,alu,0.005353697785961151,0.00535364570262909,2.340975227954805e-05,21,48989470720,0,12582912,0
sweep-compute/alu_fp32_v2_c4_de0c18fffa97.json,True,,pre_and_post,alu_fp32_v2_c4,alu,0.006001041520156861,0.006000781103496552,3.311915501653063e-05,21,55431921664,0,25165824,0
sweep-compute/alu_fp32_v2_c8_17e7522358c2.json,True,,pre_and_post,alu_fp32_v2_c8,alu,0.005900364439281464,0.00589994777262497,3.537653911541077e-05,21,41875931136,0,41943040,0
sweep-compute/alu_fp32_v2_c8_a2862c618284.json,True,,pre_and_post,alu_fp32_v2_c8,alu,0.005721041526992798,0.005720833193664551,3.914665839376677e-05,21,40802189312,0,167772160,0
sweep-compute/alu_fp32_v2_c8_a89dffdbc2e9.json,True,,pre_and_post,alu_fp32_v2_c8,alu,0.006012760269870758,0.006012447769878388,4.840932467567273e-05,21,42278584320,0,20971520,0
sweep-compute/alu_fp32_v2_c8_e54c8f310b72.json,True,,pre_and_post,alu_fp32_v2_c8,alu,0.006049843602298737,0.0060207811030082705,0.0023868094794688285,21,42949672960,0,83886080,0
sweep-compute/alu_fp32_v4_c16_00b644d633bc.json,True,,pre_and_post,alu_fp32_v4_c16,alu,0.0060263540195388795,0.006025885269550324,3.509648136975974e-05,21,73014444032,0,603979776,0
sweep-compute/alu_fp32_v4_c16_27edfaef3a0c.json,True,,pre_and_post,alu_fp32_v4_c16,alu,0.006077083184967041,0.006076510268314362,5.086825525170791e-05,21,73014444032,0,150994944,0
sweep-compute/alu_fp32_v4_c16_d57786499297.json,True,,pre_and_post,alu_fp32_v4_c16,alu,0.0057563019427986145,0.00575557277614975,6.493259181329341e-05,21,68719476736,0,75497472,0
sweep-compute/alu_fp32_v4_c16_e8ea4fe9f1fb.json,True,,pre_and_post,alu_fp32_v4_c16,alu,0.006030364436107636,0.006030051936115265,4.365449701632609e-05,21,73014444032,0,301989888,0
sweep-compute/alu_fp32_v4_c1_58c8831ed685.json,True,,pre_and_post,alu_fp32_v4_c1,alu,0.00590026027261734,0.005900104022621156,4.823661807312689e-05,21,42949672960,0,100663296,0
sweep-compute/alu_fp32_v4_c1_707bd59b5853.json,True,,pre_and_post,alu_fp32_v4_c1,alu,0.005561874864212037,0.00556140611422348,2.9949227119638855e-05,21,40265318400,0,25165824,0
sweep-compute/alu_fp32_v4_c1_755f6d9d6c4e.json,True,,pre_and_post,alu_fp32_v4_c1,alu,0.0060024998534545905,0.006002343603458405,1.2064865486198056e-05,21,43016781824,0,12582912,0
sweep-compute/alu_fp32_v4_c1_b10c0772c66a.json,True,,pre_and_post,alu_fp32_v4_c1,alu,0.006003697770092011,0.006003229020103455,3.5091250345243166e-05,21,43486543872,0,50331648,0
sweep-compute/alu_fp32_v4_c2_bb4a5e3b4433.json,True,,pre_and_post,alu_fp32_v4_c2,alu,0.005873385273273468,0.005873333189941407,1.5980455088603415e-05,21,52479131648,0,16777216,0
sweep-compute/alu_fp32_v4_c2_c1fabc9cb807.json,True,,pre_and_post,alu_fp32_v4_c2,alu,0.005975051937458039,0.005946822771480561,0.0014243277627356814,21,53955526656,0,67108864,0
sweep-compute/alu_fp32_v4_c2_ce17096e01f8.json,True,,pre_and_post,alu_fp32_v4_c2,alu,0.006034791519332886,0.006034426936008454,4.487260593692633e-05,21,54760833024,0,134217728,0
sweep-compute/alu_fp32_v4_c2_d76976e0f96c.json,True,,pre_and_post,alu_fp32_v4_c2,alu,0.005784635275440216,0.005784218608783722,3.667345548592059e-05,21,52210696192,0,33554432,0
sweep-compute/alu_fp32_v4_c4_0e749f15bb1b.json,True,,pre_and_post,alu_fp32_v4_c4,alu,0.00597713527074051,0.005976614437419892,0.0019269593260953055,21,42949672960,0,100663296,0
sweep-compute/alu_fp32_v4_c4_1e4777d7e122.json,True,,pre_and_post,alu_fp32_v4_c4,alu,0.0061253644337883,0.006124999850463868,3.914122131847279e-05,21,44023414784,0,201326592,0
sweep-compute/alu_fp32_v4_c4_3adba68ee476.json,True,,pre_and_post,alu_fp32_v4_c4,alu,0.005895885272724152,0.0058953644394035346,3.560826489174319e-05,21,41741713408,0,25165824,0
sweep-compute/alu_fp32_v4_c4_dc3d3b5ab85e.json,True,,pre_and_post,alu_fp32_v4_c4,alu,0.005894739439418793,0.005894322772762299,4.322494638941381e-05,21,42144366592,0,50331648,0
sweep-compute/alu_fp32_v4_c8_26045c36f0d3.json,True,,pre_and_post,alu_fp32_v4_c8,alu,0.0061663019327888495,0.006166041516128541,3.265566917053251e-05,21,75161927680,0,335544320,0
sweep-compute/alu_fp32_v4_c8_5debde9520d5.json,True,,pre_and_post,alu_fp32_v4_c8,alu,0.0056774998613891604,0.005677031111400605,3.189825577630793e-05,21,68719476736,0,83886080,0
sweep-compute/alu_fp32_v4_c8_8472b8131da0.json,True,,pre_and_post,alu_fp32_v4_c8,alu,0.005994479020317078,0.005994114436992645,3.541516190613383e-05,21,73014444032,0,167772160,0
sweep-compute/alu_fp32_v4_c8_906129a33e6c.json,True,,pre_and_post,alu_fp32_v4_c8,alu,0.005897447772686005,0.005896874856033326,3.250646907616756e-05,21,71135395840,0,41943040,0
sweep-compute/dot8_c1_70e645b539b0.json,True,,pre_and_post,dot8_c1,dot,0.005821197774547577,0.005820364441234589,8.61743996114128e-05,21,0,135157252096,25165824,0
sweep-compute/dot8_c1_834e4b99aec4.json,True,,pre_and_post,dot8_c1,dot,0.0059986456868820195,0.005997916520233155,0.00010823085889749569,21,0,137875161088,6291456,0
sweep-compute/dot8_c1_9a0973307a3c.json,True,,pre_and_post,dot8_c1,dot,0.005863229023521424,0.005861718606891633,0.0022016914958148297,21,0,135895449600,12582912,0
sweep-compute/dot8_c1_cfb0fdbb98ce.json,True,,pre_and_post,dot8_c1,dot,0.005978541520706177,0.005974322770809174,0.00046653930100186934,21,0,134804930560,3145728,0
sweep-compute/dot8_c2_08d881f7b64d.json,True,,pre_and_post,dot8_c2,dot,0.005998489436885834,0.005996041520278931,0.00016962649769279638,21,0,181428813824,4194304,0
sweep-compute/dot8_c2_0d15c3800834.json,True,,pre_and_post,dot8_c2,dot,0.005970156104244233,0.0059697394375877386,4.6202012506926026e-05,21,0,184817811456,16777216,0
sweep-compute/dot8_c2_219c6e397c17.json,True,,pre_and_post,dot8_c2,dot,0.005995729020286561,0.005995468603626252,2.07999779889039e-05,21,0,185757335552,33554432,0
sweep-compute/dot8_c2_810b00e1d678.json,True,,pre_and_post,dot8_c2,dot,0.005887239439601898,0.0058861977729606635,6.0948128560290085e-05,21,0,180858388480,8388608,0
sweep-compute/dot8_c4_0248526f3693.json,True,,pre_and_post,dot8_c4,dot,0.0058879686062507635,0.00588786443958664,6.932939096993894e-06,21,0,185623117824,6291456,0
sweep-compute/dot8_c4_1b95e74dbcb2.json,True,,pre_and_post,dot8_c4,dot,0.005877812356498719,0.00587755193983841,2.8790857042804666e-05,21,0,188441690112,50331648,0
sweep-compute/dot8_c4_80c09753fd53.json,True,,pre_and_post,dot8_c4,dot,0.005871406106655121,0.005843281107341767,0.0014397130702983076,21,0,187367948288,25165824,0
sweep-compute/dot8_c4_9d7ef8af24a3.json,True,,pre_and_post,dot8_c4,dot,0.005949218604755402,0.005948958188095093,1.8960573328844345e-05,21,0,189783867392,12582912,0
sweep-compute/dot8_c8_2b6f291d6f8e.json,True,,pre_and_post,dot8_c8,dot,0.006029374852798463,0.006029114436138154,2.482924596062627e-05,21,0,168577466368,83886080,0
sweep-compute/dot8_c8_2bd0ed50bca3.json,True,,pre_and_post,dot8_c8,dot,0.005882239439723969,0.005882083189727784,1.4549160808188894e-05,21,0,163745628160,41943040,0
sweep-compute/dot8_c8_d032be72e12e.json,True,,pre_and_post,dot8_c8,dot,0.005862968606861115,0.005862604023536683,2.7014543125131945e-05,21,0,163208757248,20971520,0
sweep-compute/dot8_c8_db3d525b996f.json,True,,pre_and_post,dot8_c8,dot,0.005998906103542328,0.005998906103542328,6.424859502203998e-06,21,0,165356240896,10485760,0
sweep-compute/matrix_fp16_8x16x16_c4_321a09c840a6.json,True,short;fixed_cost,pre_and_post,matrix_fp16_8x16x16_c4,matrix,4.35416656036377e-05,4.218749897003174e-05,0.009109824572914812,21,4294967296,0,7340032,0
sweep-compute/matrix_fp16_8x16x16_c4_bd9592572c81.json,True,,pre_and_post,matrix_fp16_8x16x16_c4,matrix,0.00599984360351944,0.005996197770275116,0.0004501979249802872,21,670014898176,0,1145044992,0
sweep-compute/matrix_fp16_8x16x16_c8_87cf5167f0eb.json,True,,pre_and_post,matrix_fp16_8x16x16_c8,matrix,0.006173020682624817,0.00617104151600647,0.0004376608597091462,21,687194767360,0,922746880,0
sweep-compute/matrix_fp16_8x16x16_c8_e2a82d0892c3.json,True,,pre_and_post,matrix_fp16_8x16x16_c8,matrix,0.005124322791561127,0.005101614458782196,0.002477700164260283,21,549755813888,0,738197504,0
sweep-compute/matrix_fp16_fp32_8x16x16_c4_3057f6efb219.json,True,,pre_and_post,matrix_fp16_fp32_8x16x16_c4,matrix,0.005999062353538514,0.0057781769422645575,0.014916819312400286,21,660485439488,0,11534336,0
sweep-compute/matrix_fp16_fp32_8x16x16_c4_3a5e6ee49003.json,True,,pre_and_post,matrix_fp16_fp32_8x16x16_c4,matrix,0.005980989437313081,0.005980729020652772,0.0021057511636766615,21,691758170112,0,46137344,0
sweep-compute/matrix_fp16_fp32_8x16x16_c8_b7edafb8a254.json,True,,pre_and_post,matrix_fp16_fp32_8x16x16_c8,matrix,0.006000624853500366,0.006000312353507996,0.0021057515824713527,21,694174089216,0,79691776,0
sweep-compute/matrix_fp16_fp32_8x16x16_c8_f4825accc3c4.json,True,,pre_and_post,matrix_fp16_fp32_8x16x16_c8,matrix,0.005869635273365021,0.0056533331953125005,0.01801568371829042,21,646795231232,0,19922944,0
sweep-compute/matrix_int8_8x16x32_c4_97dcea5c04c4.json,True,,pre_and_post,matrix_int8_8x16x32_c4,matrix,0.005998020686897278,0.005997968603565216,4.6800062245876314e-06,21,0,1320970878976,11534336,0
sweep-compute/matrix_int8_8x16x32_c4_9a20758fb908.json,True,,pre_and_post,matrix_int8_8x16x32_c4,matrix,0.005876874856521607,0.005876718606525421,2.9734480714936756e-05,21,0,1359357149184,46137344,0
sweep-compute/matrix_int8_8x16x32_c8_9be4e872574d.json,True,,pre_and_post,matrix_int8_8x16x32_c8,matrix,0.005970937354225159,0.005750781109600068,0.018028784190871956,21,0,1316139040768,19922944,0
sweep-compute/matrix_int8_8x16x32_c8_d6eadde03862.json,True,,pre_and_post,matrix_int8_8x16x32_c8,matrix,0.005996041520278931,0.005995781103618622,3.12327293428152e-05,21,0,1387274436608,79691776,0
sweep-matrix-feed/matrix_fp16_8x16x16_c1_gmem_09f8bc1cfb5c.json,True,,pre_and_post,matrix_fp16_8x16x16_c1_gmem,matrix,0.007404583152557373,0.007393593569492341,0.0006579511736101597,21,17179869184,0,3288334336,0
sweep-matrix-feed/matrix_fp16_8x16x16_c1_gmem_ef28e9d923e7.json,True,,pre_and_post,matrix_fp16_8x16x16_c1_gmem,matrix,0.005266301954761505,0.005261874871536255,0.0005636245280624164,21,94489280512,0,18085838848,0
sweep-matrix-feed/matrix_fp16_8x16x16_c1_lds_c4e9f815c12b.json,True,short;fixed_cost,pre_and_post,matrix_fp16_8x16x16_c1_lds,matrix,0.0001817187455635071,0.00018151041223526002,0.0006776318268866201,21,4294967296,0,67108864,855638016
sweep-matrix-feed/matrix_fp16_8x16x16_c2_gmem_5841815ac9b0.json,True,,pre_and_post,matrix_fp16_8x16x16_c2_gmem,matrix,0.006073593601718903,0.006067343601871491,0.0005535450563631095,21,214748364800,0,20656947200,0
sweep-matrix-feed/matrix_fp16_8x16x16_c2_gmem_7767cdb87717.json,True,,pre_and_post,matrix_fp16_8x16x16_c2_gmem,matrix,0.0056497915287323005,0.005644999862182617,0.0006323117523429311,21,25769803776,0,2478833664,0
sweep-matrix-feed/matrix_fp16_8x16x16_c2_lds_bd0a998824a0.json,True,short;fixed_cost,pre_and_post,matrix_fp16_8x16x16_c2_lds,matrix,0.00018286457886886598,0.00018255207887649537,0.0007764756838687596,21,8589934592,0,71303168,855638016
sweep-matrix-feed/matrix_fp16_8x16x16_c4_gmem_91403e55adb6.json,True,,pre_and_post,matrix_fp16_8x16x16_c4_gmem,matrix,0.005793541525222779,0.005788437358680725,0.0006517271360940188,21,51539607552,0,2503999488,0
sweep-matrix-feed/matrix_fp16_8x16x16_c4_gmem_946a6baa6a88.json,True,,pre_and_post,matrix_fp16_8x16x16_c4_gmem,matrix,0.005843489440670014,0.005834583190887452,0.0025283431416559298,21,395136991232,0,19197329408,0
sweep-matrix-feed/matrix_fp16_8x16x16_c4_lds_a21ba5b758b4.json,True,short;fixed_cost,pre_and_post,matrix_fp16_8x16x16_c4_lds,matrix,0.00018963541203689577,0.0001887499953918457,0.002197198571820936,21,17179869184,0,79691776,855638016
sweep-matrix-feed/matrix_fp16_8x16x16_c8_gmem_02b3f42c106f.json,True,,pre_and_post,matrix_fp16_8x16x16_c8_gmem,matrix,0.0060116144365653995,0.006007812353324891,0.0004969515950357665,21,103079215104,0,2554331136,0
sweep-matrix-feed/matrix_fp16_8x16x16_c8_gmem_19b5dcfc0fe1.json,True,,pre_and_post,matrix_fp16_8x16x16_c8_gmem,matrix,0.006399010260440827,0.006364062344627381,0.0027737903080284013,21,687194767360,0,17028874240,0
sweep-matrix-feed/matrix_fp16_8x16x16_c8_lds_ba0b06f7e6dc.json,True,,pre_and_post,matrix_fp16_8x16x16_c8_lds,matrix,0.005954010271305084,0.00594531235485077,0.00045976864307057026,21,652835028992,0,1832910848,16257122304
sweep-matrix-feed/matrix_fp16_fp32_8x16x16_c1_gmem_349f5d89e407.json,True,,pre_and_post,matrix_fp16_fp32_8x16x16_c1_gmem,matrix,0.005928281105266571,0.005915416522247315,0.0011477508648095212,21,109722992640,0,20594032640,0
sweep-matrix-feed/matrix_fp16_fp32_8x16x16_c1_gmem_faccf8eab4ff.json,True,,pre_and_post,matrix_fp16_fp32_8x16x16_c1_gmem,matrix,0.005848229023887635,0.005837968607471466,0.0007499475721323791,21,13623099392,0,2575302656,0
sweep-matrix-feed/matrix_fp16_fp32_8x16x16_c1_lds_3ab71d849b30.json,True,,pre_and_post,matrix_fp16_fp32_8x16x16_c1_lds,matrix,0.005992343603702545,0.005985156103878022,0.0006919657878135003,21,164886478848,0,71303168,30966546432
sweep-matrix-feed/matrix_fp16_fp32_8x16x16_c2_gmem_6fd04aab4e50.json,True,,pre_and_post,matrix_fp16_fp32_8x16x16_c2_gmem,matrix,0.00589406235610199,0.005882135273059846,0.0008690173611197558,21,27111981056,0,2571108352,0
sweep-matrix-feed/matrix_fp16_fp32_8x16x16_c2_gmem_b4371aed181e.json,True,,pre_and_post,matrix_fp16_fp32_8x16x16_c2_gmem,matrix,0.00591145818901062,0.0059030206892166145,0.0009099129432533248,21,216224759808,0,20300431360,0
sweep-matrix-feed/matrix_fp16_fp32_8x16x16_c2_lds_b6dd6a3aba48.json,True,,pre_and_post,matrix_fp16_fp32_8x16x16_c2_lds,matrix,0.005859374856948853,0.005853749857086182,0.0008965924997856202,21,313801048064,0,79691776,29469179904
sweep-matrix-feed/matrix_fp16_fp32_8x16x16_c4_gmem_197667a4adee.json,True,,pre_and_post,matrix_fp16_fp32_8x16x16_c4_gmem,matrix,0.005829374857681275,0.005820572774562836,0.0010479829268567095,21,52613349376,0,2512388096,0
sweep-matrix-feed/matrix_fp16_fp32_8x16x16_c4_gmem_963ad3f7a9a3.json,True,,pre_and_post,matrix_fp16_fp32_8x16x16_c4_gmem,matrix,0.0060225519362983706,0.0059968748535919195,0.00317324239757864,21,421175230464,0,19788726272,0
sweep-matrix-feed/matrix_fp16_fp32_8x16x16_c4_lds_c0dcc67d66f4.json,True,,pre_and_post,matrix_fp16_fp32_8x16x16_c4_lds,matrix,0.005854374857070924,0.005844218607318878,0.0028839221283244215,21,596732018688,0,96468992,28022145024
sweep-matrix-feed/matrix_fp16_fp32_8x16x16_c8_gmem_155eb70bcd83.json,True,,pre_and_post,matrix_fp16_fp32_8x16x16_c8_gmem,matrix,0.005215781122661591,0.0051855207067337036,0.0020361458172399216,21,549755813888,0,12964593664,0
sweep-matrix-feed/matrix_fp16_fp32_8x16x16_c8_gmem_53e519703845.json,True,,pre_and_post,matrix_fp16_fp32_8x16x16_c8_gmem,matrix,0.006102499851013184,0.00609119776795578,0.0016485609665520616,21,103079215104,0,2495610880,0
sweep-matrix-feed/matrix_fp16_fp32_8x16x16_c8_lds_6b708f39b199.json,True,,pre_and_post,matrix_fp16_fp32_8x16x16_c8_lds,matrix,0.005080468625965119,0.005077291542709351,0.00036859647314291775,21,540092137472,0,130023424,12708741120
sweep-matrix-feed/matrix_int8_8x16x32_c1_gmem_4f9242594a2a.json,True,,pre_and_post,matrix_int8_8x16x32_c1_gmem,matrix,0.005712708193862916,0.005696562360923767,0.0009823451969374138,21,0,26440892416,2499805184,0
sweep-matrix-feed/matrix_int8_8x16x32_c1_gmem_5de62e733a6e.json,True,,pre_and_post,matrix_int8_8x16x32_c1_gmem,matrix,0.0053909373683853155,0.005362395702415467,0.0020899282276083367,21,0,137438953472,12905873408,0
sweep-matrix-feed/matrix_int8_8x16x32_c1_lds_1135547feb05.json,True,,pre_and_post,matrix_int8_8x16x32_c1_lds,matrix,0.005932708188491822,0.005924583188690186,0.0009228167809583264,21,0,204279382016,71303168,19201523712
sweep-matrix-feed/matrix_int8_8x16x32_c2_gmem_806e5ff40e82.json,True,,pre_and_post,matrix_int8_8x16x32_c2_gmem,matrix,0.005714947777141571,0.0057079165273132325,0.0010511188542533224,21,0,52076478464,2470445056,0
sweep-matrix-feed/matrix_int8_8x16x32_c2_gmem_b38b892f649b.json,True,,pre_and_post,matrix_int8_8x16x32_c2_gmem,matrix,0.005814322774715424,0.00580093735837555,0.001965211020364917,21,0,288568115200,13555990528,0
sweep-matrix-feed/matrix_int8_8x16x32_c2_lds_ba2397c6ffec.json,True,,pre_and_post,matrix_int8_8x16x32_c2_lds,matrix,0.005933645688468933,0.0059201040221328735,0.0012522756485404268,21,0,432986390528,79691776,20346568704
sweep-matrix-feed/matrix_int8_8x16x32_c4_gmem_73010c26ba1d.json,True,,pre_and_post,matrix_int8_8x16x32_c4_gmem,matrix,0.005524114448467255,0.00549833319909668,0.002151896185467332,21,0,549755813888,12931039232,0
sweep-matrix-feed/matrix_int8_8x16x32_c4_gmem_84c0f028ff97.json,True,,pre_and_post,matrix_int8_8x16x32_c4_gmem,matrix,0.005697760277561188,0.005687395694480896,0.0011440322537346224,21,0,102005473280,2436890624,0
sweep-matrix-feed/matrix_int8_8x16x32_c4_lds_0ff31e8b2b01.json,True,,pre_and_post,matrix_int8_8x16x32_c4_lds,matrix,0.005549218614521027,0.005521458198532105,0.004292167022901412,21,0,751082405888,96468992,17653825536
sweep-matrix-feed/matrix_int8_8x16x32_c8_gmem_28497decae3e.json,True,,pre_and_post,matrix_int8_8x16x32_c8_gmem,matrix,0.005425989450862885,0.0053587498691711425,0.006098926989856128,21,0,191126044672,2319450112,0
sweep-matrix-feed/matrix_int8_8x16x32_c8_gmem_cc9823c3f27a.json,True,,pre_and_post,matrix_int8_8x16x32_c8_gmem,matrix,0.0055603644475822455,0.0055405727813987735,0.0028935413184126486,21,0,1099511627776,12964593664,0
sweep-matrix-feed/matrix_int8_8x16x32_c8_lds_424ad78bbce6.json,True,,pre_and_post,matrix_int8_8x16x32_c8_lds,matrix,0.005321301953418732,0.005314426953586578,0.0006546927543010877,21,0,1096290402304,130023424,12897484800
sweep-memory/mem_copy_v4_7a9b3a25078a.json,True,,pre_and_post,mem_copy_v4,memory,0.007018281078655243,0.00698135399622345,0.002160523145947934,21,0,0,2684354560,0
sweep-memory/mem_copy_v4_bd8eef6020de.json,True,,pre_and_post,mem_copy_v4,memory,0.005914166522277832,0.00586401027350235,0.0033812499594481093,21,0,0,2415919104,0
sweep-memory/mem_read_v4_bef03d3c17ce.json,True,,pre_and_post,mem_read_v4,memory,0.005780051942218781,0.005765156109249115,0.0012603418636615274,21,671088640,0,2688548864,0
sweep-memory/mem_read_v4_e71d66e7e285.json,True,,pre_and_post,mem_read_v4,memory,0.005976979020744324,0.0059708852708930974,0.0011299095085298915,21,671088640,0,2688548864,0
sweep-memory/mem_triad_v4_624bd4b5423c.json,True,,pre_and_post,mem_triad_v4,memory,0.005818801941272736,0.0057991144417533875,0.0018411057407548218,21,402651648,0,2415909888,0
sweep-memory/mem_triad_v4_673c81353755.json,True,,pre_and_post,mem_triad_v4,memory,0.006862760249118805,0.006830156083248139,0.003496912667574609,21,447390720,0,2684344320,0
sweep-memory/mem_write_v4_a6b4119463d6.json,True,,pre_and_post,mem_write_v4,memory,0.007109687326423646,0.007011822745479584,0.009679426558874271,21,0,0,2147483648,0
sweep-memory/mem_write_v4_bd27f26d260d.json,True,,pre_and_post,mem_write_v4,memory,0.0061013540177078255,0.006048906102321625,0.006239586831577452,21,0,0,2415919104,0
sweep-shared/sharedbw_fp16_v2_op0_0ee4e12487e7.json,True,short;fixed_cost,pre_and_post,sharedbw_fp16_v2_op0,shared,0.00036062499119567874,0.00036046874119949346,0.00021167052875108573,21,33554432,0,25296896,79691776
sweep-shared/sharedbw_fp16_v2_op0_2acab9600a5a.json,True,,pre_and_post,sharedbw_fp16_v2_op0,shared,0.00590348943920517,0.005902864439220429,5.755430894722977e-05,21,9328132096,0,327942144,18802016256
sweep-shared/sharedbw_fp16_v2_op0_71529d151b8d.json,True,short;fixed_cost,pre_and_post,sharedbw_fp16_v2_op0,shared,0.0003632291577987671,0.0003631249911346436,0.00035213864908612566,21,33554432,0,25296896,79691776
sweep-shared/sharedbw_fp16_v2_op0_8f8e4f51c893.json,True,short;fixed_cost,pre_and_post,sharedbw_fp16_v2_op0,shared,0.00025192707718276977,0.00025104166053771976,0.0011392930621501405,21,134217728,0,25690112,281018368
sweep-shared/sharedbw_fp16_v2_op0_9ed049bcec0a.json,True,short;fixed_cost,pre_and_post,sharedbw_fp16_v2_op0,shared,0.0003323437418861389,0.0003322916585540772,8.785250115451646e-05,21,33554432,0,25296896,79691776
sweep-shared/sharedbw_fp16_v2_op0_acc32_229442a3ce53.json,True,short;fixed_cost,pre_and_post,sharedbw_fp16_v2_op0_acc32,shared,0.0006543229006919861,0.0006541666506958008,8.579961151463846e-05,21,134217728,0,25296896,281018368
sweep-shared/sharedbw_fp16_v2_op0_acc32_2cd534d9cc1e.json,True,,pre_and_post,sharedbw_fp16_v2_op0_acc32,shared,0.006147187349922181,0.0061459373499526985,0.00013128513082565914,21,2684354560,0,254279680,5494538240
sweep-shared/sharedbw_fp16_v2_op0_acc32_2fac15ea493d.json,True,,pre_and_post,sharedbw_fp16_v2_op0_acc32,shared,0.0053368748697052,0.005334531119762421,0.00020071016247754321,21,4294967296,0,205520896,8690597888
sweep-shared/sharedbw_fp16_v2_op0_acc32_c8d38dc0eb00.json,True,short;fixed_cost,pre_and_post,sharedbw_fp16_v2_op0_acc32,shared,0.0006450520675849915,0.0006448437342567445,0.0001640585546170342,21,134217728,0,25296896,281018368
sweep-shared/sharedbw_fp16_v2_op0_acc32_f227fe9003e9.json,True,short;fixed_cost,pre_and_post,sharedbw_fp16_v2_op0_acc32,shared,0.0006611979005241394,0.0006609895671958924,0.0001710273122032973,21,134217728,0,25296896,281018368
sweep-shared/sharedbw_fp16_v2_op0_cc196721c17a.json,True,short;fixed_cost,pre_and_post,sharedbw_fp16_v2_op0,shared,2.838541597366333e-05,2.8333332641601565e-05,0.0019722211206932012,21,33554432,0,2228224,68157440
sweep-shared/sharedbw_fp16_v2_op0_efef557aedfb.json,True,short;fixed_cost,pre_and_post,sharedbw_fp16_v2_op0,shared,0.0002738020766487122,0.0002737499933166504,0.00010983201062583981,21,67108864,0,25427968,146800640
sweep-shared/sharedbw_fp16_v2_op2_6da347d4a3e2.json,True,,pre_and_post,sharedbw_fp16_v2_op2,shared,0.0059089061057395935,0.005908281105754852,3.348171640413581e-05,21,0,0,22675456,11621171200
sweep-shared/sharedbw_fp16_v2_op2_841a099ba378.json,True,,pre_and_post,sharedbw_fp16_v2_op2,shared,0.006076301934986115,0.006076301934986115,3.740923925588513e-06,21,0,0,17039360,8732672000
sweep-shared/sharedbw_fp16_v2_op2_a566633bccdd.json,True,,pre_and_post,sharedbw_fp16_v2_op2,shared,0.005905104022499085,0.005904687355842591,2.7131021720012506e-05,21,0,0,27262976,13972275200
sweep-shared/sharedbw_fp16_v2_op2_c7aa3e0579e7.json,True,,pre_and_post,sharedbw_fp16_v2_op2,shared,0.005964010271060944,0.005964010271060944,4.042554688854967e-06,21,0,0,8388608,4299161600
sweep-shared/sharedbw_fp16_v2_op2_f3d3fd93257a.json,True,,pre_and_post,sharedbw_fp16_v2_op2,shared,0.006017031103099824,0.0060169269364356995,6.20754403028333e-06,21,0,0,28049408,14375321600
sweep-shared/sharedbw_fp16_v4_op0_33c0d6d99301.json,True,short;fixed_cost,pre_and_post,sharedbw_fp16_v4_op0,shared,0.00032312499211120606,0.0003230729087791443,0.00010783982063742095,21,67108864,0,25427968,146800640
sweep-shared/sharedbw_fp16_v4_op0_390dbec14e15.json,True,,pre_and_post,sharedbw_fp16_v4_op0,shared,0.00568515611120224,0.0056836977779045105,0.00010306023377523087,21,9730785280,0,342097920,19613614080
sweep-shared/sharedbw_fp16_v4_op0_7de744138fb6.json,True,short;fixed_cost,pre_and_post,sharedbw_fp16_v4_op0,shared,0.0002912499928894043,0.00029114582622528077,0.00020611718231136294,21,134217728,0,25690112,281018368
sweep-shared/sharedbw_fp16_v4_op0_9dcfa61a570f.json,True,short;fixed_cost,pre_and_post,sharedbw_fp16_v4_op0,shared,0.0003707812409477234,0.0003704687409553528,0.0007372435125869829,21,67108864,0,25427968,146800640
sweep-shared/sharedbw_fp16_v4_op0_acc32_17fe34e507ae.json,True,,pre_and_post,sharedbw_fp16_v4_op0_acc32,shared,0.006577239422756196,0.006569322756282807,0.0003545318424970474,21,2147483648,0,102760448,4345298944
sweep-shared/sharedbw_fp16_v4_op0_acc32_5d0af95924eb.json,True,,pre_and_post,sharedbw_fp16_v4_op0_acc32,shared,0.0065561456732711795,0.006552187340034485,0.0003396142337661717,21,1073741824,0,101711872,2197815296
sweep-shared/sharedbw_fp16_v4_op0_acc32_6a2fb7621f33.json,True,,pre_and_post,sharedbw_fp16_v4_op0_acc32,shared,0.006971614413127899,0.006967708163223267,0.00041738435866654457,21,1073741824,0,101711872,2197815296
sweep-shared/sharedbw_fp16_v4_op0_acc32_939211482827.json,True,,pre_and_post,sharedbw_fp16_v4_op0_acc32,shared,0.005235572788845062,0.005233385288898469,0.00035621454846269197,21,805306368,0,76283904,1648361472
sweep-shared/sharedbw_fp16_v4_op0_be05a60d5da4.json,True,,pre_and_post,sharedbw_fp16_v4_op0,shared,0.0061730727659568795,0.006172812349296571,2.8403863503908912e-05,21,6174015488,0,602931200,12637437952
sweep-shared/sharedbw_fp16_v4_op0_f0ac9005a579.json,True,short;fixed_cost,pre_and_post,sharedbw_fp16_v4_op0,shared,0.00037067707428359986,0.0003701562409629822,0.0012422431744180825,21,67108864,0,25427968,146800640
sweep-shared/sharedbw_fp16_v4_op2_2c13dd5ac885.json,True,,pre_and_post,sharedbw_fp16_v4_op2,shared,0.006026145686210633,0.006025624852890015,0.00034995581706782626,21,0,0,48234496,24720179200
sweep-shared/sharedbw_fp16_v4_op2_39651e168a85.json,True,,pre_and_post,sharedbw_fp16_v4_op2,shared,0.005692343611026765,0.005690624861068726,0.000998429177689881,21,0,0,38273024,19614924800
sweep-shared/sharedbw_fp16_v4_op2_4dc771ba1fe9.json,True,,pre_and_post,sharedbw_fp16_v4_op2,shared,0.006035468602649689,0.006035468602649689,3.094278965118839e-06,21,0,0,15728640,8060928000
sweep-shared/sharedbw_fp16_v4_op2_530b8490a324.json,True,,pre_and_post,sharedbw_fp16_v4_op2,shared,0.006063020685310365,0.006063020685310365,4.149510423200342e-06,21,0,0,31457280,16121856000
sweep-shared/sharedbw_fp32_v2_op0_39409b816d82.json,True,,pre_and_post,sharedbw_fp32_v2_op0,shared,0.00578062485887146,0.005777916525604249,0.0008887330228301311,21,797704192,0,12713984,3203399680
sweep-shared/sharedbw_fp32_v2_op0_568e910c6bdd.json,True,,pre_and_post,sharedbw_fp32_v2_op0,shared,0.005755676942813873,0.005755520692817689,1.2628618820011997e-05,21,1817706496,0,12845056,7283408896
sweep-shared/sharedbw_fp32_v2_op0_5f293ed50fc6.json,True,,pre_and_post,sharedbw_fp32_v2_op0,shared,0.005762083192657471,0.005760416526031494,0.00018563301217630534,21,793247744,0,12713984,3185573888
sweep-shared/sharedbw_fp32_v2_op0_acc32_2067a27e6317.json,True,,pre_and_post,sharedbw_fp32_v2_op0_acc32,shared,0.005994374853652954,0.005993801937000275,5.308853381861817e-05,21,2413821952,0,12845056,9667870720
sweep-shared/sharedbw_fp32_v2_op0_acc32_342ee4820124.json,True,,pre_and_post,sharedbw_fp32_v2_op0_acc32,shared,0.005485156116085053,0.005478124866256714,0.0005950086877487561,21,925892608,0,12713984,3716153344
sweep-shared/sharedbw_fp32_v2_op0_acc32_dd28d7554cfd.json,True,,pre_and_post,sharedbw_fp32_v2_op0_acc32,shared,0.005980468603992463,0.005975104020790101,0.001532592071897869,21,1017118720,0,12713984,4081057792
sweep-shared/sharedbw_fp32_v2_op0_acc32_ff2dd157685c.json,True,,pre_and_post,sharedbw_fp32_v2_op0_acc32,shared,0.005292864454113007,0.0052926561207847595,7.523763021132795e-05,21,1073741824,0,12713984,4307550208
sweep-shared/sharedbw_fp32_v2_op0_e102e90f9656.json,True,,pre_and_post,sharedbw_fp32_v2_op0,shared,0.005965416521026612,0.0059653123543624885,3.1599925039461846e-05,21,938213376,0,12713984,3765436416
sweep-shared/sharedbw_fp32_v2_op0_ec5f60fdc385.json,True,,pre_and_post,sharedbw_fp32_v2_op0,shared,0.005990676937076569,0.005969270687599183,0.0011546061350710846,21,4063232000,0,13107200,16265510912
sweep-shared/sharedbw_fp32_v2_op0_f5406da576b5.json,True,,pre_and_post,sharedbw_fp32_v2_op0,shared,0.007100781076641083,0.007099166493347168,0.00012606110300613293,21,12884901888,0,3538944,51542753280
sweep-shared/sharedbw_fp32_v2_op2_03e2c90b6ed0.json,True,,pre_and_post,sharedbw_fp32_v2_op2,shared,0.005999739436855316,0.005997968603565216,8.476910544169135e-05,21,0,0,524288,24184881152
sweep-shared/sharedbw_fp32_v2_op2_b18a41e48e12.json,True,,pre_and_post,sharedbw_fp32_v2_op2,shared,0.005877760273166657,0.005877760273166657,4.101874809931472e-06,21,0,0,131072,8360427520
sweep-shared/sharedbw_fp32_v2_op2_d011fd24b722.json,True,,pre_and_post,sharedbw_fp32_v2_op2,shared,0.008588645623649598,0.008586458123703003,9.330229599217787e-05,21,0,0,262144,34360000512
sweep-shared/sharedbw_fp32_v2_op2_dded7ec359b4.json,True,,pre_and_post,sharedbw_fp32_v2_op2,shared,0.005882708189712525,0.005880833189758301,0.00019561127157461116,21,0,0,262144,16697786368
sweep-shared/sharedbw_fp32_v4_op0_2b1d2db9acda.json,True,,pre_and_post,sharedbw_fp32_v4_op0,shared,0.00574348944311142,0.00574026027652359,0.0007535050932373432,21,1223688192,0,12845056,4907335680
sweep-shared/sharedbw_fp32_v4_op0_2ef9edbefdfd.json,True,,pre_and_post,sharedbw_fp32_v4_op0,shared,0.005982083187286377,0.0059120311056633,0.006483061585604284,21,1274544128,0,12845056,5110759424
sweep-shared/sharedbw_fp32_v4_op0_69061cbf1718.json,True,,pre_and_post,sharedbw_fp32_v4_op0,shared,0.005778437358924866,0.005761770692665101,0.0011537450814654996,21,5343543296,0,13631488,21386756096
sweep-shared/sharedbw_fp32_v4_op0_814a279f2796.json,True,,pre_and_post,sharedbw_fp32_v4_op0,shared,0.00576999985913086,0.005769062359153748,0.00010867574047191187,21,2749366272,0,13107200,11010048000
sweep-shared/sharedbw_fp32_v4_op0_a3ae0619dd6a.json,True,,pre_and_post,sharedbw_fp32_v4_op0,shared,0.005836926940830231,0.005810104024818421,0.0037017407284328937,21,1385168896,0,12845056,5553258496
sweep-shared/sharedbw_fp32_v4_op0_acc32_0add7160433a.json,True,,pre_and_post,sharedbw_fp32_v4_op0_acc32,shared,0.005704635277393341,0.005702135277454377,0.0004374931003134168,21,994050048,0,12845056,3988783104
sweep-shared/sharedbw_fp32_v4_op0_acc32_6b3b8b88b606.json,True,,pre_and_post,sharedbw_fp32_v4_op0_acc32,shared,0.00571078111057663,0.005705104027381897,0.0006309436408661526,21,985661440,0,12845056,3955228672
sweep-shared/sharedbw_fp32_v4_op0_acc32_93bb250412cd.json,True,,pre_and_post,sharedbw_fp32_v4_op0_acc32,shared,0.005807812358207703,0.005805104024940491,0.0003336841216521174,21,1069547520,0,12845056,4290772992
sweep-shared/sharedbw_fp32_v4_op2_9ea9c39410a2.json,True,,pre_and_post,sharedbw_fp32_v4_op2,shared,0.005883124856369019,0.005882968606372834,1.7387022059068983e-05,21,0,0,1048576,36164337664
sweep-shared/sharedbw_fp32_v4_op2_c82c67b4920a.json,True,,pre_and_post,sharedbw_fp32_v4_op2,shared,0.005881510273075104,0.005881510273075104,4.4065678356342614e-06,21,0,0,262144,12706906112
sweep-shared/sharedbw_fp32_v4_op2_d14b7938f9d1.json,True,,pre_and_post,sharedbw_fp32_v4_op2,shared,0.005986197770519257,0.005985885270526886,2.2909598624305593e-05,21,0,0,524288,25850019840
sweep-texture/texture_rgba16f_buffer_83b27fdc5a20.json,True,,pre_and_post,texture_rgba16f_buffer,texture,0.006089739434658051,0.006085156101436616,0.0004016090990343036,21,1207959552,0,2566914048,0
sweep-texture/texture_rgba16f_buffer_eea5660bbf0a.json,True,,pre_and_post,texture_rgba16f_buffer,texture,0.005986406103847504,0.00597802068738556,0.0008021471732682477,21,188743680,0,6417285120,0
sweep-texture/texture_rgba16f_tex2d_0ef88fcaf1d2.json,True,,pre_and_post,texture_rgba16f_tex2d,texture,0.005458072783412934,0.005410885284564972,0.00554087841423068,21,671088640,0,1426063360,0
sweep-texture/texture_rgba16f_tex2d_26d1c106e7ea.json,True,,pre_and_post,texture_rgba16f_tex2d,texture,0.0052826040376968385,0.005275989454524994,0.0004923730600420412,21,153616384,0,5222957056,0
sweep-texture/texture_rgba16f_tex3d_0a2bf60cecee.json,True,,pre_and_post,texture_rgba16f_tex3d,texture,0.006453854009101868,0.006435260259555817,0.0011158409087744304,21,1342177280,0,2852126720,0
sweep-texture/texture_rgba16f_tex3d_7db3c88b3393.json,True,,pre_and_post,texture_rgba16f_tex3d,texture,0.005496666532470704,0.005486926949375153,0.0013005584152795454,21,160432128,0,5454692352,0
sweep-texture/texture_rgba32f_buffer_130d3267e539.json,True,,pre_and_post,texture_rgba32f_buffer,texture,0.006066093601902008,0.0060641665186157235,0.00024332506848155446,21,603979776,0,2566914048,0
sweep-texture/texture_rgba32f_buffer_b8e5ac115ffa.json,True,,pre_and_post,texture_rgba32f_buffer,texture,0.005979322770687104,0.005971510270877839,0.000553251142161523,21,94896128,0,6452936704,0
sweep-texture/texture_rgba32f_tex2d_535017f905e1.json,True,,pre_and_post,texture_rgba32f_tex2d,texture,0.005031770710487366,0.00502276029404068,0.0009397576718580505,21,469762048,0,1996488704,0
sweep-texture/texture_rgba32f_tex2d_d966d1328fd2.json,True,,pre_and_post,texture_rgba32f_tex2d,texture,0.005472760283054352,0.005462916533294678,0.0008113348342448058,21,77856768,0,5294260224,0
sweep-texture/texture_rgba32f_tex3d_5ddf294a5f29.json,True,,pre_and_post,texture_rgba32f_tex3d,texture,0.005963437354408264,0.005954270687965393,0.0013654541156636706,21,88604672,0,6025117696,0
sweep-texture/texture_rgba32f_tex3d_6987d49a25ad.json,True,,pre_and_post,texture_rgba32f_tex3d,texture,0.006476822758541108,0.006450260259189606,0.0026066030295716627,21,872415232,0,3707764736,0
validate/alu_fp16_v2_c4_1a4cc789e732.json,True,short;fixed_cost,pre_and_post,alu_fp16_v2_c4,alu,1.531249962615967e-05,1.52604162940979e-05,0.0019660054569454635,3,16777216,0,98304,0
validate/alu_fp32_v1_c4_379725f589e9.json,True,short;fixed_cost,pre_and_post,alu_fp32_v1_c4,alu,1.3072916347503663e-05,1.3072916347503663e-05,0.004588214059785083,3,8388608,0,49152,0
validate/alu_fp32_v4_c4_fa27e446abad.json,True,short;fixed_cost,pre_and_post,alu_fp32_v4_c4,alu,3.43749991607666e-05,3.43749991607666e-05,0.0,3,33554432,0,196608,0
validate/dot8_c4_464d07a352a2.json,True,short;fixed_cost,pre_and_post,dot8_c4,dot,9.68749976348877e-06,9.635416431427002e-06,0.008197809829974667,3,0,16777216,49152,0
validate/ert_f1_3c18b151d6d5.json,True,short;fixed_cost,pre_and_post,ert_f1,ert,1.8177082889556884e-05,1.8177082889556884e-05,0.001652720236229917,3,262144,0,1048576,0
validate/ert_f64_0098b4bdc9fe.json,True,short,pre_and_post,ert_f64,ert,0.00012895833018493653,0.00012895833018493653,0.0,3,16777216,0,1048576,0
validate/matrix_fp16_8x16x16_c1_9b8f613e0cec.json,True,short;fixed_cost,pre_and_post,matrix_fp16_8x16x16_c1,matrix,7.083333160400391e-06,7.083333160400391e-06,0.0,3,4194304,0,32768,0
validate/matrix_fp16_8x16x16_c1_gmem_561cf22bc99f.json,True,short;fixed_cost,pre_and_post,matrix_fp16_8x16x16_c1_gmem,matrix,1.8697916210174563e-05,1.8593749546051026e-05,0.003222420107104925,3,4194304,0,819200,0
validate/matrix_fp16_8x16x16_c1_lds_a0e517664bb9.json,True,short;fixed_cost,pre_and_post,matrix_fp16_8x16x16_c1_lds,matrix,1.2447916362762451e-05,1.2447916362762451e-05,0.002412327030040247,3,4194304,0,131072,884736
validate/matrix_fp16_fp32_8x16x16_c1_daf92f2d7ec9.json,True,short;fixed_cost,pre_and_post,matrix_fp16_fp32_8x16x16_c1,matrix,7.083333160400391e-06,7.083333160400391e-06,0.004234843050290633,3,4194304,0,40960,0
validate/matrix_fp16_fp32_8x16x16_c1_gmem_138f99e8e68e.json,True,short;fixed_cost,pre_and_post,matrix_fp16_fp32_8x16x16_c1_gmem,matrix,1.874999954223633e-05,1.874999954223633e-05,0.0032015726572438025,3,4194304,0,827392,0
validate/matrix_fp16_fp32_8x16x16_c1_lds_c07d0d9439bb.json,True,short;fixed_cost,pre_and_post,matrix_fp16_fp32_8x16x16_c1_lds,matrix,1.249999969482422e-05,1.249999969482422e-05,0.002402289608278637,3,4194304,0,139264,884736
validate/matrix_int8_8x16x32_c1_954a8bd30098.json,True,short;fixed_cost,pre_and_post,matrix_int8_8x16x32_c1,matrix,7.1354164924621586e-06,7.1354164924621586e-06,0.0,3,0,8388608,40960,0
validate/matrix_int8_8x16x32_c1_gmem_921098d11215.json,True,short;fixed_cost,pre_and_post,matrix_int8_8x16x32_c1_gmem,matrix,2.499999938964844e-05,2.499999938964844e-05,0.0,3,0,8388608,827392,0
validate/matrix_int8_8x16x32_c1_lds_6b6de18bc5c0.json,True,short;fixed_cost,pre_and_post,matrix_int8_8x16x32_c1_lds,matrix,2.6562499351501467e-05,2.6562499351501467e-05,0.0011313199265635798,3,0,8388608,139264,884736
validate/mem_add_v4_55003eabba79.json,True,short;fixed_cost,pre_and_post,mem_add_v4,memory,1.2760416355133057e-05,1.2760416355133057e-05,0.0,3,131072,0,1572864,0
validate/mem_copy_v4_93af5e702c81.json,True,short;fixed_cost,pre_and_post,mem_copy_v4,memory,1.1666666381835939e-05,1.1666666381835939e-05,0.0,3,0,0,1048576,0
validate/mem_copy_v4_ad2930ad49d2.json,True,short;fixed_cost,pre_and_post,mem_copy_v4,memory,9.999999755859376e-06,9.999999755859376e-06,0.0,3,0,0,1048576,0
validate/mem_copy_v4_volatile_dd45b0759591.json,True,short;fixed_cost,pre_and_post,mem_copy_v4_volatile,memory,1.682291625595093e-05,1.6770832923889162e-05,0.0017893086855050005,3,0,0,1048576,0
validate/mem_dot_v4_97b4b781fdd7.json,True,short;fixed_cost,pre_and_post,mem_dot_v4,memory,1.442708298110962e-05,1.442708298110962e-05,0.002081791836020309,3,262144,0,1048576,0
validate/mem_read_v4_58d702307377.json,True,short;fixed_cost,pre_and_post,mem_read_v4,memory,5.520833198547364e-06,5.520833198547364e-06,0.0,3,131072,0,540672,0
validate/mem_scale_v4_260eb2ec067c.json,True,short;fixed_cost,pre_and_post,mem_scale_v4,memory,1.2187499702453614e-05,1.2135416370391846e-05,0.0024708285414677565,3,131072,0,1048576,0
validate/mem_triad_v4_ee6049f2f059.json,True,short;fixed_cost,pre_and_post,mem_triad_v4,memory,1.2812499687194825e-05,1.2760416355133057e-05,0.0023501367809618686,3,262144,0,1572864,0
validate/mem_write_v4_e6c4974971b1.json,True,short;fixed_cost,pre_and_post,mem_write_v4,memory,6.510416507720948e-06,6.510416507720948e-06,0.0,3,0,0,524288,0
validate/pchase_39de9bc79487.json,True,short,pre_and_post,pchase,latency,0.00010546874742507935,0.00010276041415786744,0.01495378415965159,3,0,0,0,0
validate/shared_fp32_v4_op0_xlanes_volatile_06e1e5e2a2ae.json,True,short;fixed_cost,pre_and_post,shared_fp32_v4_op0_xlanes_volatile,shared,1.0885416400909425e-05,1.0833333068847657e-05,0.0047846889952153655,3,262144,0,557056,1572864
validate/shared_fp32_v4_op1_xlanes_volatile_dca32f2a0822.json,True,short;fixed_cost,pre_and_post,shared_fp32_v4_op1_xlanes_volatile,shared,1.4270832984924317e-05,1.4218749652862549e-05,0.0021096842966734437,3,0,0,557056,2654208
validate/sharedbw_fp16_v1_op2_389719d37f73.json,True,short;fixed_cost,pre_and_post,sharedbw_fp16_v1_op2,shared,1.098958306503296e-05,1.098958306503296e-05,0.0,3,0,0,8192,1052672
validate/sharedbw_fp16_v4_op0_3351fb44b319.json,True,short;fixed_cost,pre_and_post,sharedbw_fp16_v4_op0,shared,1.828124955368042e-05,1.8229166221618654e-05,0.0016464361288677193,3,2097152,0,557056,4456448
validate/sharedbw_fp32_v4_op0_c730a7ac8e91.json,True,short;fixed_cost,pre_and_post,sharedbw_fp32_v4_op0,shared,2.6666666015625e-05,2.6562499351501467e-05,0.002258214872971109,3,2097152,0,557056,8912896
validate/sharedbw_fp32_v4_op2_c5dd6a69a29e.json,True,short;fixed_cost,pre_and_post,sharedbw_fp32_v4_op2,shared,1.51041662979126e-05,1.51041662979126e-05,0.0,3,0,0,32768,8421376
