gpu,model,scheme,build,kernel,M,N,K,ms,tflops
b580,1b,4w,cand,sarc_linear_q4gsw_coopmat_t128x128k16g44s16m8fli_texture3d_texture2d_half,2048,2048,2048,0.4105,41.852
b580,1b,4w,cand,sarc_linear_q4gsw_coopmat_t128x128k16g44s16m8fli_texture3d_texture2d_half,2048,512,2048,0.1411,30.444
b580,1b,4w,cand,sarc_linear_q4gsw_coopmat_t128x128k16g44s16m8fli_texture3d_texture2d_half,2048,512,2048,0.1307,32.867
b580,1b,4w,cand,sarc_linear_q4gsw_coopmat_t128x128k16g44s16m8fli_texture3d_texture2d_half,2048,2048,2048,0.4208,40.828
b580,1b,4w,cand,sarc_linear_q4gsw_coopmat_t128x128k16g44s16m8fli_texture3d_texture2d_half,2048,8192,2048,1.4328,47.961
b580,1b,4w,cand,sarc_linear_q4gsw_coopmat_t128x128k16g44s16m8fli_texture3d_texture2d_half,2048,8192,2048,1.4403,47.71
b580,1b,4w,cand,sarc_linear_q4gsw_coopmat_t128x128k16g44s16m8fli_texture3d_texture2d_half,2048,2048,8192,1.5593,44.07
b580,1b,4w,cand,sarc_linear_q4gsw_coopmat_t128x128k16g44s16m8fli_texture3d_texture2d_half,2048,2048,2048,0.3918,43.846
b580,1b,4w,cand,sarc_linear_q4gsw_coopmat_t128x128k16g44s16m8fli_texture3d_texture2d_half,2048,512,2048,0.1413,30.388
b580,1b,4w,cand,sarc_linear_q4gsw_coopmat_t128x128k16g44s16m8fli_texture3d_texture2d_half,2048,512,2048,0.1297,33.118
b580,1b,4w,cand,sarc_linear_q4gsw_coopmat_t128x128k16g44s16m8fli_texture3d_texture2d_half,2048,2048,2048,0.3894,44.116
b580,1b,4w,cand,sarc_linear_q4gsw_coopmat_t128x128k16g44s16m8fli_texture3d_texture2d_half,2048,8192,2048,1.4409,47.691
b580,1b,4w,cand,sarc_linear_q4gsw_coopmat_t128x128k16g44s16m8fli_texture3d_texture2d_half,2048,8192,2048,1.4353,47.88
b580,1b,4w,cand,sarc_linear_q4gsw_coopmat_t128x128k16g44s16m8fli_texture3d_texture2d_half,2048,2048,8192,1.5747,43.639
b580,1b,4w,cand,sarc_linear_q4gsw_coopmat_t128x128k16g44s16m8fli_texture3d_texture2d_half,2048,2048,2048,0.3901,44.045
b580,1b,4w,cand,sarc_linear_q4gsw_coopmat_t128x128k16g44s16m8fli_texture3d_texture2d_half,2048,512,2048,0.1418,30.288
b580,1b,4w,cand,sarc_linear_q4gsw_coopmat_t128x128k16g44s16m8fli_texture3d_texture2d_half,2048,512,2048,0.1303,32.972
b580,1b,4w,cand,sarc_linear_q4gsw_coopmat_t128x128k16g44s16m8fli_texture3d_texture2d_half,2048,2048,2048,0.3901,44.039
b580,1b,4w,cand,sarc_linear_q4gsw_coopmat_t128x128k16g44s16m8fli_texture3d_texture2d_half,2048,8192,2048,1.434,47.923
b580,1b,4w,cand,sarc_linear_q4gsw_coopmat_t128x128k16g44s16m8fli_texture3d_texture2d_half,2048,8192,2048,1.436,47.854
b580,1b,4w,cand,sarc_linear_q4gsw_coopmat_t128x128k16g44s16m8fli_texture3d_texture2d_half,2048,2048,8192,1.5665,43.868
b580,1b,4w,cand,sarc_linear_q4gsw_coopmat_t128x128k16g44s16m8fli_texture3d_texture2d_half,2048,2048,2048,0.3922,43.8
b580,1b,4w,cand,sarc_linear_q4gsw_coopmat_t128x128k16g44s16m8fli_texture3d_texture2d_half,2048,512,2048,0.1394,30.808
b580,1b,4w,cand,sarc_linear_q4gsw_coopmat_t128x128k16g44s16m8fli_texture3d_texture2d_half,2048,512,2048,0.1304,32.946
b580,1b,4w,cand,sarc_linear_q4gsw_coopmat_t128x128k16g44s16m8fli_texture3d_texture2d_half,2048,2048,2048,0.3899,44.057
b580,1b,4w,cand,sarc_linear_q4gsw_coopmat_t128x128k16g44s16m8fli_texture3d_texture2d_half,2048,8192,2048,1.4342,47.916
b580,1b,4w,cand,sarc_linear_q4gsw_coopmat_t128x128k16g44s16m8fli_texture3d_texture2d_half,2048,8192,2048,1.4438,47.595
b580,1b,4w,cand,sarc_linear_q4gsw_coopmat_t128x128k16g44s16m8fli_texture3d_texture2d_half,2048,2048,8192,1.5646,43.921
b580,1b,4w,cand,sarc_linear_q4gsw_coopmat_t128x128k16g44s16m8fli_texture3d_texture2d_half,2048,2048,2048,0.3916,43.875
b580,1b,4w,cand,sarc_linear_q4gsw_coopmat_t128x128k16g44s16m8fli_texture3d_texture2d_half,2048,512,2048,0.1389,30.923
b580,1b,4w,cand,sarc_linear_q4gsw_coopmat_t128x128k16g44s16m8fli_texture3d_texture2d_half,2048,512,2048,0.1302,32.999
b580,1b,4w,cand,sarc_linear_q4gsw_coopmat_t128x128k16g44s16m8fli_texture3d_texture2d_half,2048,2048,2048,0.3891,44.151
b580,1b,4w,cand,sarc_linear_q4gsw_coopmat_t128x128k16g44s16m8fli_texture3d_texture2d_half,2048,8192,2048,1.4545,47.246
b580,1b,4w,cand,sarc_linear_q4gsw_coopmat_t128x128k16g44s16m8fli_texture3d_texture2d_half,2048,8192,2048,1.4532,47.287
b580,1b,4w,cand,sarc_linear_q4gsw_coopmat_t128x128k16g44s16m8fli_texture3d_texture2d_half,2048,2048,8192,1.5689,43.801
b580,1b,4w,cand,sarc_linear_q4gsw_coopmat_t128x128k16g44s16m8fli_texture3d_texture2d_half,2048,2048,2048,0.3915,43.887
b580,1b,4w,cand,sarc_linear_q4gsw_coopmat_t128x128k16g44s16m8fli_texture3d_texture2d_half,2048,512,2048,0.1574,27.286
b580,1b,4w,cand,sarc_linear_q4gsw_coopmat_t128x128k16g44s16m8fli_texture3d_texture2d_half,2048,512,2048,0.1303,32.972
b580,1b,4w,cand,sarc_linear_q4gsw_coopmat_t128x128k16g44s16m8fli_texture3d_texture2d_half,2048,2048,2048,0.3915,43.881
b580,1b,4w,cand,sarc_linear_q4gsw_coopmat_t128x128k16g44s16m8fli_texture3d_texture2d_half,2048,8192,2048,1.4568,47.172
b580,1b,4w,cand,sarc_linear_q4gsw_coopmat_t128x128k16g44s16m8fli_texture3d_texture2d_half,2048,8192,2048,1.4322,47.981
b580,1b,4w,cand,sarc_linear_q4gsw_coopmat_t128x128k16g44s16m8fli_texture3d_texture2d_half,2048,2048,8192,1.5628,43.972
b580,1b,4w,cand,sarc_linear_q4gsw_coopmat_t128x128k16g44s16m8fli_texture3d_texture2d_half,2048,2048,2048,0.4127,41.631
b580,1b,4w,cand,sarc_linear_q4gsw_coopmat_t128x128k16g44s16m8fli_texture3d_texture2d_half,2048,512,2048,0.1398,30.728
b580,1b,4w,cand,sarc_linear_q4gsw_coopmat_t128x128k16g44s16m8fli_texture3d_texture2d_half,2048,512,2048,0.1305,32.907
b580,1b,4w,cand,sarc_linear_q4gsw_coopmat_t128x128k16g44s16m8fli_texture3d_texture2d_half,2048,2048,2048,0.4058,42.335
b580,1b,4w,cand,sarc_linear_q4gsw_coopmat_t128x128k16g44s16m8fli_texture3d_texture2d_half,2048,8192,2048,1.4334,47.942
b580,1b,4w,cand,sarc_linear_q4gsw_coopmat_t128x128k16g44s16m8fli_texture3d_texture2d_half,2048,8192,2048,1.4463,47.513
b580,1b,4w,cand,sarc_linear_q4gsw_coopmat_t128x128k16g44s16m8fli_texture3d_texture2d_half,2048,2048,8192,1.5688,43.804
b580,1b,4w,cand,sarc_linear_q4gsw_coopmat_t128x128k16g44s16m8fli_texture3d_texture2d_half,2048,2048,2048,0.3927,43.753
b580,1b,4w,cand,sarc_linear_q4gsw_coopmat_t128x128k16g44s16m8fli_texture3d_texture2d_half,2048,512,2048,0.1381,31.098
b580,1b,4w,cand,sarc_linear_q4gsw_coopmat_t128x128k16g44s16m8fli_texture3d_texture2d_half,2048,512,2048,0.1303,32.972
b580,1b,4w,cand,sarc_linear_q4gsw_coopmat_t128x128k16g44s16m8fli_texture3d_texture2d_half,2048,2048,2048,0.3904,44.01
b580,1b,4w,cand,sarc_linear_q4gsw_coopmat_t128x128k16g44s16m8fli_texture3d_texture2d_half,2048,8192,2048,1.458,47.133
b580,1b,4w,cand,sarc_linear_q4gsw_coopmat_t128x128k16g44s16m8fli_texture3d_texture2d_half,2048,8192,2048,1.4356,47.868
b580,1b,4w,cand,sarc_linear_q4gsw_coopmat_t128x128k16g44s16m8fli_texture3d_texture2d_half,2048,2048,8192,1.5831,43.407
b580,1b,4w,cand,sarc_linear_q4gsw_coopmat_t128x128k16g44s16m8fli_texture3d_texture2d_half,2048,2048,2048,0.3918,43.846
b580,1b,4w,cand,sarc_linear_q4gsw_coopmat_t128x128k16g44s16m8fli_texture3d_texture2d_half,2048,512,2048,0.1407,30.534
b580,1b,4w,cand,sarc_linear_q4gsw_coopmat_t128x128k16g44s16m8fli_texture3d_texture2d_half,2048,512,2048,0.1305,32.92
b580,1b,4w,cand,sarc_linear_q4gsw_coopmat_t128x128k16g44s16m8fli_texture3d_texture2d_half,2048,2048,2048,0.3909,43.945
b580,1b,4w,cand,sarc_linear_q4gsw_coopmat_t128x128k16g44s16m8fli_texture3d_texture2d_half,2048,8192,2048,1.4492,47.419
b580,1b,4w,cand,sarc_linear_q4gsw_coopmat_t128x128k16g44s16m8fli_texture3d_texture2d_half,2048,8192,2048,1.4405,47.707
b580,1b,4w,cand,sarc_linear_q4gsw_coopmat_t128x128k16g44s16m8fli_texture3d_texture2d_half,2048,2048,8192,1.5647,43.919
b580,1b,4w,cand,sarc_linear_q4gsw_coopmat_t128x128k16g44s16m8fli_texture3d_texture2d_half,2048,2048,2048,0.3914,43.893
b580,1b,4w,cand,sarc_linear_q4gsw_coopmat_t128x128k16g44s16m8fli_texture3d_texture2d_half,2048,512,2048,0.1384,31.039
b580,1b,4w,cand,sarc_linear_q4gsw_coopmat_t128x128k16g44s16m8fli_texture3d_texture2d_half,2048,512,2048,0.1313,32.711
b580,1b,4w,cand,sarc_linear_q4gsw_coopmat_t128x128k16g44s16m8fli_texture3d_texture2d_half,2048,2048,2048,0.3925,43.765
b580,1b,4w,cand,sarc_linear_q4gsw_coopmat_t128x128k16g44s16m8fli_texture3d_texture2d_half,2048,8192,2048,1.4505,47.377
b580,1b,4w,cand,sarc_linear_q4gsw_coopmat_t128x128k16g44s16m8fli_texture3d_texture2d_half,2048,8192,2048,1.4537,47.273
b580,1b,4w,cand,sarc_linear_q4gsw_coopmat_t128x128k16g44s16m8fli_texture3d_texture2d_half,2048,2048,8192,1.5869,43.303
b580,1b,4w,cand,sarc_linear_q4gsw_coopmat_t128x128k16g44s16m8fli_texture3d_texture2d_half,2048,2048,2048,0.395,43.494
b580,1b,4w,cand,sarc_linear_q4gsw_coopmat_t128x128k16g44s16m8fli_texture3d_texture2d_half,2048,512,2048,0.142,30.255
b580,1b,4w,cand,sarc_linear_q4gsw_coopmat_t128x128k16g44s16m8fli_texture3d_texture2d_half,2048,512,2048,0.1311,32.763
b580,1b,4w,cand,sarc_linear_q4gsw_coopmat_t128x128k16g44s16m8fli_texture3d_texture2d_half,2048,2048,2048,0.3924,43.782
b580,1b,4w,cand,sarc_linear_q4gsw_coopmat_t128x128k16g44s16m8fli_texture3d_texture2d_half,2048,8192,2048,1.4626,46.986
b580,1b,4w,cand,sarc_linear_q4gsw_coopmat_t128x128k16g44s16m8fli_texture3d_texture2d_half,2048,8192,2048,1.4346,47.902
b580,1b,4w,cand,sarc_linear_q4gsw_coopmat_t128x128k16g44s16m8fli_texture3d_texture2d_half,2048,2048,8192,1.5922,43.16
b580,1b,4w,cand,sarc_linear_q4gsw_coopmat_t128x128k16g44s16m8fli_texture3d_texture2d_half,2048,2048,2048,0.3925,43.771
b580,1b,4w,cand,sarc_linear_q4gsw_coopmat_t128x128k16g44s16m8fli_texture3d_texture2d_half,2048,512,2048,0.1408,30.512
b580,1b,4w,cand,sarc_linear_q4gsw_coopmat_t128x128k16g44s16m8fli_texture3d_texture2d_half,2048,512,2048,0.1309,32.815
b580,1b,4w,cand,sarc_linear_q4gsw_coopmat_t128x128k16g44s16m8fli_texture3d_texture2d_half,2048,2048,2048,0.3915,43.881
b580,1b,4w,cand,sarc_linear_q4gsw_coopmat_t128x128k16g44s16m8fli_texture3d_texture2d_half,2048,8192,2048,1.4483,47.45
b580,1b,4w,cand,sarc_linear_q4gsw_coopmat_t128x128k16g44s16m8fli_texture3d_texture2d_half,2048,8192,2048,1.4372,47.816
b580,1b,4w,cand,sarc_linear_q4gsw_coopmat_t128x128k16g44s16m8fli_texture3d_texture2d_half,2048,2048,8192,1.5714,43.73
b580,1b,4w,cand,sarc_linear_q4gsw_coopmat_t128x128k16g44s16m8fli_texture3d_texture2d_half,2048,2048,2048,0.392,43.823
b580,1b,4w,cand,sarc_linear_q4gsw_coopmat_t128x128k16g44s16m8fli_texture3d_texture2d_half,2048,512,2048,0.1394,30.819
b580,1b,4w,cand,sarc_linear_q4gsw_coopmat_t128x128k16g44s16m8fli_texture3d_texture2d_half,2048,512,2048,0.1306,32.893
b580,1b,4w,cand,sarc_linear_q4gsw_coopmat_t128x128k16g44s16m8fli_texture3d_texture2d_half,2048,2048,2048,0.4099,41.911
b580,1b,4w,cand,sarc_linear_q4gsw_coopmat_t128x128k16g44s16m8fli_texture3d_texture2d_half,2048,8192,2048,1.4451,47.554
b580,1b,4w,cand,sarc_linear_q4gsw_coopmat_t128x128k16g44s16m8fli_texture3d_texture2d_half,2048,8192,2048,1.4406,47.702
b580,1b,4w,cand,sarc_linear_q4gsw_coopmat_t128x128k16g44s16m8fli_texture3d_texture2d_half,2048,2048,8192,1.5673,43.846
b580,1b,4w,cand,sarc_linear_q4gsw_coopmat_t128x128k16g44s16m8fli_texture3d_texture2d_half,2048,2048,2048,0.3936,43.649
b580,1b,4w,cand,sarc_linear_q4gsw_coopmat_t128x128k16g44s16m8fli_texture3d_texture2d_half,2048,512,2048,0.1399,30.693
b580,1b,4w,cand,sarc_linear_q4gsw_coopmat_t128x128k16g44s16m8fli_texture3d_texture2d_half,2048,512,2048,0.1306,32.893
b580,1b,4w,cand,sarc_linear_q4gsw_coopmat_t128x128k16g44s16m8fli_texture3d_texture2d_half,2048,2048,2048,0.3906,43.981
b580,1b,4w,cand,sarc_linear_q4gsw_coopmat_t128x128k16g44s16m8fli_texture3d_texture2d_half,2048,8192,2048,1.4602,47.061
b580,1b,4w,cand,sarc_linear_q4gsw_coopmat_t128x128k16g44s16m8fli_texture3d_texture2d_half,2048,8192,2048,1.4508,47.367
b580,1b,4w,cand,sarc_linear_q4gsw_coopmat_t128x128k16g44s16m8fli_texture3d_texture2d_half,2048,2048,8192,1.6031,42.868
b580,1b,4w,cand,sarc_linear_q4gsw_coopmat_t128x128k16g44s16m8fli_texture3d_texture2d_half,2048,2048,2048,0.3945,43.546
b580,1b,4w,cand,sarc_linear_q4gsw_coopmat_t128x128k16g44s16m8fli_texture3d_texture2d_half,2048,512,2048,0.1404,30.591
b580,1b,4w,cand,sarc_linear_q4gsw_coopmat_t128x128k16g44s16m8fli_texture3d_texture2d_half,2048,512,2048,0.1311,32.763
b580,1b,4w,cand,sarc_linear_q4gsw_coopmat_t128x128k16g44s16m8fli_texture3d_texture2d_half,2048,2048,2048,0.3927,43.748
b580,1b,4w,cand,sarc_linear_q4gsw_coopmat_t128x128k16g44s16m8fli_texture3d_texture2d_half,2048,8192,2048,1.4472,47.486
b580,1b,4w,cand,sarc_linear_q4gsw_coopmat_t128x128k16g44s16m8fli_texture3d_texture2d_half,2048,8192,2048,1.4481,47.455
b580,1b,4w,cand,sarc_linear_q4gsw_coopmat_t128x128k16g44s16m8fli_texture3d_texture2d_half,2048,2048,8192,1.5758,43.61
b580,1b,4w,cand,sarc_linear_q4gsw_coopmat_t128x128k16g44s16m8fli_texture3d_texture2d_half,2048,2048,2048,0.3909,43.951
b580,1b,4w,cand,sarc_linear_q4gsw_coopmat_t128x128k16g44s16m8fli_texture3d_texture2d_half,2048,512,2048,0.1414,30.366
b580,1b,4w,cand,sarc_linear_q4gsw_coopmat_t128x128k16g44s16m8fli_texture3d_texture2d_half,2048,512,2048,0.1498,28.679
b580,1b,4w,cand,sarc_linear_q4gsw_coopmat_t128x128k16g44s16m8fli_texture3d_texture2d_half,2048,2048,2048,0.3904,44.004
b580,1b,4w,cand,sarc_linear_q4gsw_coopmat_t128x128k16g44s16m8fli_texture3d_texture2d_half,2048,8192,2048,1.4603,47.06
b580,1b,4w,cand,sarc_linear_q4gsw_coopmat_t128x128k16g44s16m8fli_texture3d_texture2d_half,2048,8192,2048,1.455,47.231
b580,1b,4w,cand,sarc_linear_q4gsw_coopmat_t128x128k16g44s16m8fli_texture3d_texture2d_half,2048,2048,8192,1.5959,43.059
b580,1b,4w,parent,sarc_linear_q4gsw_coopmat_t128x128k16g44s16m8fli_texture3d_texture2d_half,2048,2048,2048,0.3912,43.916
b580,1b,4w,parent,sarc_linear_q4gsw_coopmat_t128x128k16g44s16m8fli_texture3d_texture2d_half,2048,512,2048,0.1427,30.089
b580,1b,4w,parent,sarc_linear_q4gsw_coopmat_t128x128k16g44s16m8fli_texture3d_texture2d_half,2048,512,2048,0.1303,32.959
b580,1b,4w,parent,sarc_linear_q4gsw_coopmat_t128x128k16g44s16m8fli_texture3d_texture2d_half,2048,2048,2048,0.392,43.823
b580,1b,4w,parent,sarc_linear_q4gsw_coopmat_t128x128k16g44s16m8fli_texture3d_texture2d_half,2048,8192,2048,1.4342,47.916
b580,1b,4w,parent,sarc_linear_q4gsw_coopmat_t128x128k16g44s16m8fli_texture3d_texture2d_half,2048,8192,2048,1.4619,47.006
b580,1b,4w,parent,sarc_linear_q4gsw_coopmat_t128x128k16g44s16m8fli_texture3d_texture2d_half,2048,2048,8192,1.5613,44.014
b580,1b,4w,parent,sarc_linear_q4gsw_coopmat_t128x128k16g44s16m8fli_texture3d_texture2d_half,2048,2048,2048,0.3922,43.8
b580,1b,4w,parent,sarc_linear_q4gsw_coopmat_t128x128k16g44s16m8fli_texture3d_texture2d_half,2048,512,2048,0.1402,30.636
b580,1b,4w,parent,sarc_linear_q4gsw_coopmat_t128x128k16g44s16m8fli_texture3d_texture2d_half,2048,512,2048,0.1304,32.933
b580,1b,4w,parent,sarc_linear_q4gsw_coopmat_t128x128k16g44s16m8fli_texture3d_texture2d_half,2048,2048,2048,0.3906,43.981
b580,1b,4w,parent,sarc_linear_q4gsw_coopmat_t128x128k16g44s16m8fli_texture3d_texture2d_half,2048,8192,2048,1.4398,47.729
b580,1b,4w,parent,sarc_linear_q4gsw_coopmat_t128x128k16g44s16m8fli_texture3d_texture2d_half,2048,8192,2048,1.4436,47.604
b580,1b,4w,parent,sarc_linear_q4gsw_coopmat_t128x128k16g44s16m8fli_texture3d_texture2d_half,2048,2048,8192,1.5654,43.899
b580,1b,4w,parent,sarc_linear_q4gsw_coopmat_t128x128k16g44s16m8fli_texture3d_texture2d_half,2048,2048,2048,0.3914,43.893
b580,1b,4w,parent,sarc_linear_q4gsw_coopmat_t128x128k16g44s16m8fli_texture3d_texture2d_half,2048,512,2048,0.1399,30.693
b580,1b,4w,parent,sarc_linear_q4gsw_coopmat_t128x128k16g44s16m8fli_texture3d_texture2d_half,2048,512,2048,0.1304,32.946
b580,1b,4w,parent,sarc_linear_q4gsw_coopmat_t128x128k16g44s16m8fli_texture3d_texture2d_half,2048,2048,2048,0.3899,44.057
b580,1b,4w,parent,sarc_linear_q4gsw_coopmat_t128x128k16g44s16m8fli_texture3d_texture2d_half,2048,8192,2048,1.439,47.753
b580,1b,4w,parent,sarc_linear_q4gsw_coopmat_t128x128k16g44s16m8fli_texture3d_texture2d_half,2048,8192,2048,1.4403,47.712
b580,1b,4w,parent,sarc_linear_q4gsw_coopmat_t128x128k16g44s16m8fli_texture3d_texture2d_half,2048,2048,8192,1.561,44.022
b580,1b,4w,parent,sarc_linear_q4gsw_coopmat_t128x128k16g44s16m8fli_texture3d_texture2d_half,2048,2048,2048,0.3905,43.998
b580,1b,4w,parent,sarc_linear_q4gsw_coopmat_t128x128k16g44s16m8fli_texture3d_texture2d_half,2048,512,2048,0.1384,31.039
b580,1b,4w,parent,sarc_linear_q4gsw_coopmat_t128x128k16g44s16m8fli_texture3d_texture2d_half,2048,512,2048,0.1306,32.893
b580,1b,4w,parent,sarc_linear_q4gsw_coopmat_t128x128k16g44s16m8fli_texture3d_texture2d_half,2048,2048,2048,0.3891,44.151
b580,1b,4w,parent,sarc_linear_q4gsw_coopmat_t128x128k16g44s16m8fli_texture3d_texture2d_half,2048,8192,2048,1.434,47.923
b580,1b,4w,parent,sarc_linear_q4gsw_coopmat_t128x128k16g44s16m8fli_texture3d_texture2d_half,2048,8192,2048,1.4386,47.767
b580,1b,4w,parent,sarc_linear_q4gsw_coopmat_t128x128k16g44s16m8fli_texture3d_texture2d_half,2048,2048,8192,1.564,43.938
b580,1b,4w,parent,sarc_linear_q4gsw_coopmat_t128x128k16g44s16m8fli_texture3d_texture2d_half,2048,2048,2048,0.3909,43.945
b580,1b,4w,parent,sarc_linear_q4gsw_coopmat_t128x128k16g44s16m8fli_texture3d_texture2d_half,2048,512,2048,0.1404,30.591
b580,1b,4w,parent,sarc_linear_q4gsw_coopmat_t128x128k16g44s16m8fli_texture3d_texture2d_half,2048,512,2048,0.1309,32.815
b580,1b,4w,parent,sarc_linear_q4gsw_coopmat_t128x128k16g44s16m8fli_texture3d_texture2d_half,2048,2048,2048,0.3928,43.736
b580,1b,4w,parent,sarc_linear_q4gsw_coopmat_t128x128k16g44s16m8fli_texture3d_texture2d_half,2048,8192,2048,1.4418,47.662
b580,1b,4w,parent,sarc_linear_q4gsw_coopmat_t128x128k16g44s16m8fli_texture3d_texture2d_half,2048,8192,2048,1.4355,47.873
b580,1b,4w,parent,sarc_linear_q4gsw_coopmat_t128x128k16g44s16m8fli_texture3d_texture2d_half,2048,2048,8192,1.5622,43.988
b580,1b,4w,parent,sarc_linear_q4gsw_coopmat_t128x128k16g44s16m8fli_texture3d_texture2d_half,2048,2048,2048,0.3942,43.586
b580,1b,4w,parent,sarc_linear_q4gsw_coopmat_t128x128k16g44s16m8fli_texture3d_texture2d_half,2048,512,2048,0.1408,30.501
b580,1b,4w,parent,sarc_linear_q4gsw_coopmat_t128x128k16g44s16m8fli_texture3d_texture2d_half,2048,512,2048,0.1301,33.012
b580,1b,4w,parent,sarc_linear_q4gsw_coopmat_t128x128k16g44s16m8fli_texture3d_texture2d_half,2048,2048,2048,0.3904,44.004
b580,1b,4w,parent,sarc_linear_q4gsw_coopmat_t128x128k16g44s16m8fli_texture3d_texture2d_half,2048,8192,2048,1.4724,46.672
b580,1b,4w,parent,sarc_linear_q4gsw_coopmat_t128x128k16g44s16m8fli_texture3d_texture2d_half,2048,8192,2048,1.4381,47.786
b580,1b,4w,parent,sarc_linear_q4gsw_coopmat_t128x128k16g44s16m8fli_texture3d_texture2d_half,2048,2048,8192,1.5675,43.841
b580,1b,4w,parent,sarc_linear_q4gsw_coopmat_t128x128k16g44s16m8fli_texture3d_texture2d_half,2048,2048,2048,0.3894,44.116
b580,1b,4w,parent,sarc_linear_q4gsw_coopmat_t128x128k16g44s16m8fli_texture3d_texture2d_half,2048,512,2048,0.1404,30.591
b580,1b,4w,parent,sarc_linear_q4gsw_coopmat_t128x128k16g44s16m8fli_texture3d_texture2d_half,2048,512,2048,0.1307,32.867
b580,1b,4w,parent,sarc_linear_q4gsw_coopmat_t128x128k16g44s16m8fli_texture3d_texture2d_half,2048,2048,2048,0.3905,43.998
b580,1b,4w,parent,sarc_linear_q4gsw_coopmat_t128x128k16g44s16m8fli_texture3d_texture2d_half,2048,8192,2048,1.4695,46.765
b580,1b,4w,parent,sarc_linear_q4gsw_coopmat_t128x128k16g44s16m8fli_texture3d_texture2d_half,2048,8192,2048,1.4478,47.464
b580,1b,4w,parent,sarc_linear_q4gsw_coopmat_t128x128k16g44s16m8fli_texture3d_texture2d_half,2048,2048,8192,1.5711,43.739
b580,1b,4w,parent,sarc_linear_q4gsw_coopmat_t128x128k16g44s16m8fli_texture3d_texture2d_half,2048,2048,2048,0.3911,43.922
b580,1b,4w,parent,sarc_linear_q4gsw_coopmat_t128x128k16g44s16m8fli_texture3d_texture2d_half,2048,512,2048,0.1409,30.489
b580,1b,4w,parent,sarc_linear_q4gsw_coopmat_t128x128k16g44s16m8fli_texture3d_texture2d_half,2048,512,2048,0.1297,33.104
b580,1b,4w,parent,sarc_linear_q4gsw_coopmat_t128x128k16g44s16m8fli_texture3d_texture2d_half,2048,2048,2048,0.3929,43.73
b580,1b,4w,parent,sarc_linear_q4gsw_coopmat_t128x128k16g44s16m8fli_texture3d_texture2d_half,2048,8192,2048,1.4678,46.818
b580,1b,4w,parent,sarc_linear_q4gsw_coopmat_t128x128k16g44s16m8fli_texture3d_texture2d_half,2048,8192,2048,1.4358,47.862
b580,1b,4w,parent,sarc_linear_q4gsw_coopmat_t128x128k16g44s16m8fli_texture3d_texture2d_half,2048,2048,8192,1.569,43.797
b580,1b,4w,parent,sarc_linear_q4gsw_coopmat_t128x128k16g44s16m8fli_texture3d_texture2d_half,2048,2048,2048,0.3893,44.127
b580,1b,4w,parent,sarc_linear_q4gsw_coopmat_t128x128k16g44s16m8fli_texture3d_texture2d_half,2048,512,2048,0.1405,30.568
b580,1b,4w,parent,sarc_linear_q4gsw_coopmat_t128x128k16g44s16m8fli_texture3d_texture2d_half,2048,512,2048,0.1299,33.051
b580,1b,4w,parent,sarc_linear_q4gsw_coopmat_t128x128k16g44s16m8fli_texture3d_texture2d_half,2048,2048,2048,0.3917,43.858
b580,1b,4w,parent,sarc_linear_q4gsw_coopmat_t128x128k16g44s16m8fli_texture3d_texture2d_half,2048,8192,2048,1.4418,47.664
b580,1b,4w,parent,sarc_linear_q4gsw_coopmat_t128x128k16g44s16m8fli_texture3d_texture2d_half,2048,8192,2048,1.437,47.823
b580,1b,4w,parent,sarc_linear_q4gsw_coopmat_t128x128k16g44s16m8fli_texture3d_texture2d_half,2048,2048,8192,1.5648,43.916
b580,1b,4w,parent,sarc_linear_q4gsw_coopmat_t128x128k16g44s16m8fli_texture3d_texture2d_half,2048,2048,2048,0.3926,43.759
b580,1b,4w,parent,sarc_linear_q4gsw_coopmat_t128x128k16g44s16m8fli_texture3d_texture2d_half,2048,512,2048,0.1398,30.728
b580,1b,4w,parent,sarc_linear_q4gsw_coopmat_t128x128k16g44s16m8fli_texture3d_texture2d_half,2048,512,2048,0.1309,32.815
b580,1b,4w,parent,sarc_linear_q4gsw_coopmat_t128x128k16g44s16m8fli_texture3d_texture2d_half,2048,2048,2048,0.4082,42.087
b580,1b,4w,parent,sarc_linear_q4gsw_coopmat_t128x128k16g44s16m8fli_texture3d_texture2d_half,2048,8192,2048,1.4675,46.828
b580,1b,4w,parent,sarc_linear_q4gsw_coopmat_t128x128k16g44s16m8fli_texture3d_texture2d_half,2048,8192,2048,1.4433,47.612
b580,1b,4w,parent,sarc_linear_q4gsw_coopmat_t128x128k16g44s16m8fli_texture3d_texture2d_half,2048,2048,8192,1.5679,43.83
b580,1b,4w,parent,sarc_linear_q4gsw_coopmat_t128x128k16g44s16m8fli_texture3d_texture2d_half,2048,2048,2048,0.39,44.051
b580,1b,4w,parent,sarc_linear_q4gsw_coopmat_t128x128k16g44s16m8fli_texture3d_texture2d_half,2048,512,2048,0.1393,30.831
b580,1b,4w,parent,sarc_linear_q4gsw_coopmat_t128x128k16g44s16m8fli_texture3d_texture2d_half,2048,512,2048,0.1304,32.946
b580,1b,4w,parent,sarc_linear_q4gsw_coopmat_t128x128k16g44s16m8fli_texture3d_texture2d_half,2048,2048,2048,0.3895,44.104
b580,1b,4w,parent,sarc_linear_q4gsw_coopmat_t128x128k16g44s16m8fli_texture3d_texture2d_half,2048,8192,2048,1.4406,47.702
b580,1b,4w,parent,sarc_linear_q4gsw_coopmat_t128x128k16g44s16m8fli_texture3d_texture2d_half,2048,8192,2048,1.4357,47.864
b580,1b,4w,parent,sarc_linear_q4gsw_coopmat_t128x128k16g44s16m8fli_texture3d_texture2d_half,2048,2048,8192,1.5625,43.979
b580,1b,4w,parent,sarc_linear_q4gsw_coopmat_t128x128k16g44s16m8fli_texture3d_texture2d_half,2048,2048,2048,0.3923,43.788
b580,1b,4w,parent,sarc_linear_q4gsw_coopmat_t128x128k16g44s16m8fli_texture3d_texture2d_half,2048,512,2048,0.1396,30.773
b580,1b,4w,parent,sarc_linear_q4gsw_coopmat_t128x128k16g44s16m8fli_texture3d_texture2d_half,2048,512,2048,0.1294,33.198
b580,1b,4w,parent,sarc_linear_q4gsw_coopmat_t128x128k16g44s16m8fli_texture3d_texture2d_half,2048,2048,2048,0.3934,43.672
b580,1b,4w,parent,sarc_linear_q4gsw_coopmat_t128x128k16g44s16m8fli_texture3d_texture2d_half,2048,8192,2048,1.4394,47.741
b580,1b,4w,parent,sarc_linear_q4gsw_coopmat_t128x128k16g44s16m8fli_texture3d_texture2d_half,2048,8192,2048,1.4306,48.036
b580,1b,4w,parent,sarc_linear_q4gsw_coopmat_t128x128k16g44s16m8fli_texture3d_texture2d_half,2048,2048,8192,1.5637,43.945
b580,1b,4w,parent,sarc_linear_q4gsw_coopmat_t128x128k16g44s16m8fli_texture3d_texture2d_half,2048,2048,2048,0.4217,40.743
b580,1b,4w,parent,sarc_linear_q4gsw_coopmat_t128x128k16g44s16m8fli_texture3d_texture2d_half,2048,512,2048,0.1392,30.854
b580,1b,4w,parent,sarc_linear_q4gsw_coopmat_t128x128k16g44s16m8fli_texture3d_texture2d_half,2048,512,2048,0.1304,32.946
b580,1b,4w,parent,sarc_linear_q4gsw_coopmat_t128x128k16g44s16m8fli_texture3d_texture2d_half,2048,2048,2048,0.3903,44.022
b580,1b,4w,parent,sarc_linear_q4gsw_coopmat_t128x128k16g44s16m8fli_texture3d_texture2d_half,2048,8192,2048,1.4748,46.597
b580,1b,4w,parent,sarc_linear_q4gsw_coopmat_t128x128k16g44s16m8fli_texture3d_texture2d_half,2048,8192,2048,1.4438,47.595
b580,1b,4w,parent,sarc_linear_q4gsw_coopmat_t128x128k16g44s16m8fli_texture3d_texture2d_half,2048,2048,8192,1.5656,43.893
b580,1b,4w,parent,sarc_linear_q4gsw_coopmat_t128x128k16g44s16m8fli_texture3d_texture2d_half,2048,2048,2048,0.3918,43.846
b580,1b,4w,parent,sarc_linear_q4gsw_coopmat_t128x128k16g44s16m8fli_texture3d_texture2d_half,2048,512,2048,0.1707,25.159
b580,1b,4w,parent,sarc_linear_q4gsw_coopmat_t128x128k16g44s16m8fli_texture3d_texture2d_half,2048,512,2048,0.1309,32.815
b580,1b,4w,parent,sarc_linear_q4gsw_coopmat_t128x128k16g44s16m8fli_texture3d_texture2d_half,2048,2048,2048,0.3903,44.016
b580,1b,4w,parent,sarc_linear_q4gsw_coopmat_t128x128k16g44s16m8fli_texture3d_texture2d_half,2048,8192,2048,1.4686,46.793
b580,1b,4w,parent,sarc_linear_q4gsw_coopmat_t128x128k16g44s16m8fli_texture3d_texture2d_half,2048,8192,2048,1.4422,47.65
b580,1b,4w,parent,sarc_linear_q4gsw_coopmat_t128x128k16g44s16m8fli_texture3d_texture2d_half,2048,2048,8192,1.5689,43.8
b580,1b,4w,parent,sarc_linear_q4gsw_coopmat_t128x128k16g44s16m8fli_texture3d_texture2d_half,2048,2048,2048,0.3916,43.875
b580,1b,4w,parent,sarc_linear_q4gsw_coopmat_t128x128k16g44s16m8fli_texture3d_texture2d_half,2048,512,2048,0.1401,30.659
b580,1b,4w,parent,sarc_linear_q4gsw_coopmat_t128x128k16g44s16m8fli_texture3d_texture2d_half,2048,512,2048,0.1311,32.763
b580,1b,4w,parent,sarc_linear_q4gsw_coopmat_t128x128k16g44s16m8fli_texture3d_texture2d_half,2048,2048,2048,0.3914,43.899
b580,1b,4w,parent,sarc_linear_q4gsw_coopmat_t128x128k16g44s16m8fli_texture3d_texture2d_half,2048,8192,2048,1.4357,47.866
b580,1b,4w,parent,sarc_linear_q4gsw_coopmat_t128x128k16g44s16m8fli_texture3d_texture2d_half,2048,8192,2048,1.4344,47.909
b580,1b,4w,parent,sarc_linear_q4gsw_coopmat_t128x128k16g44s16m8fli_texture3d_texture2d_half,2048,2048,8192,1.5932,43.132
b580,1b,4w,parent,sarc_linear_q4gsw_coopmat_t128x128k16g44s16m8fli_texture3d_texture2d_half,2048,2048,2048,0.3915,43.887
b580,1b,4w,parent,sarc_linear_q4gsw_coopmat_t128x128k16g44s16m8fli_texture3d_texture2d_half,2048,512,2048,0.1429,30.046
b580,1b,4w,parent,sarc_linear_q4gsw_coopmat_t128x128k16g44s16m8fli_texture3d_texture2d_half,2048,512,2048,0.1306,32.893
b580,1b,4w,parent,sarc_linear_q4gsw_coopmat_t128x128k16g44s16m8fli_texture3d_texture2d_half,2048,2048,2048,0.3906,43.981
b580,1b,4w,parent,sarc_linear_q4gsw_coopmat_t128x128k16g44s16m8fli_texture3d_texture2d_half,2048,8192,2048,1.4565,47.181
b580,1b,4w,parent,sarc_linear_q4gsw_coopmat_t128x128k16g44s16m8fli_texture3d_texture2d_half,2048,8192,2048,1.4648,46.913
b580,1b,4w,parent,sarc_linear_q4gsw_coopmat_t128x128k16g44s16m8fli_texture3d_texture2d_half,2048,2048,8192,1.605,42.816
b580,1b,8da4w,cand,sarc_dev_linear_dq8ca_coopmat_zpg_xe2bt_t128x128k64g84s16m8_texture3d_texture2d_half,2048,2048,2048,0.2391,71.853
b580,1b,8da4w,cand,sarc_dev_linear_dq8ca_coopmat_zpg_xe2bt_t128x128k64g84s16m8_texture3d_texture2d_half,2048,512,2048,0.0857,50.119
b580,1b,8da4w,cand,sarc_dev_linear_dq8ca_coopmat_zpg_xe2bt_t128x128k64g84s16m8_texture3d_texture2d_half,2048,512,2048,0.0802,53.529
b580,1b,8da4w,cand,sarc_dev_linear_dq8ca_coopmat_zpg_xe2bt_t128x128k64g84s16m8_texture3d_texture2d_half,2048,2048,2048,0.2475,69.423
b580,1b,8da4w,cand,sarc_dev_linear_dq8ca_coopmat_zpg_xe2bt_t128x128k64g84s16m8_texture3d_texture2d_half,2048,8192,2048,0.9317,73.754
b580,1b,8da4w,cand,sarc_dev_linear_dq8ca_coopmat_zpg_xe2bt_t128x128k64g84s16m8_texture3d_texture2d_half,2048,8192,2048,0.9365,73.382
b580,1b,8da4w,cand,sarc_dev_linear_dq8ca_coopmat_zpg_xe2bt_t128x128k64g84s16m8_texture3d_texture2d_half,2048,2048,8192,1.087,63.219
b580,1b,8da4w,cand,sarc_dev_linear_dq8ca_coopmat_zpg_xe2bt_t128x128k64g84s16m8_texture3d_texture2d_half,2048,2048,2048,0.2431,70.67
b580,1b,8da4w,cand,sarc_dev_linear_dq8ca_coopmat_zpg_xe2bt_t128x128k64g84s16m8_texture3d_texture2d_half,2048,512,2048,0.0825,52.045
b580,1b,8da4w,cand,sarc_dev_linear_dq8ca_coopmat_zpg_xe2bt_t128x128k64g84s16m8_texture3d_texture2d_half,2048,512,2048,0.0813,52.844
b580,1b,8da4w,cand,sarc_dev_linear_dq8ca_coopmat_zpg_xe2bt_t128x128k64g84s16m8_texture3d_texture2d_half,2048,2048,2048,0.2471,69.539
b580,1b,8da4w,cand,sarc_dev_linear_dq8ca_coopmat_zpg_xe2bt_t128x128k64g84s16m8_texture3d_texture2d_half,2048,8192,2048,0.9415,72.992
b580,1b,8da4w,cand,sarc_dev_linear_dq8ca_coopmat_zpg_xe2bt_t128x128k64g84s16m8_texture3d_texture2d_half,2048,8192,2048,0.9335,73.615
b580,1b,8da4w,cand,sarc_dev_linear_dq8ca_coopmat_zpg_xe2bt_t128x128k64g84s16m8_texture3d_texture2d_half,2048,2048,8192,1.0722,64.093
b580,1b,8da4w,cand,sarc_dev_linear_dq8ca_coopmat_zpg_xe2bt_t128x128k64g84s16m8_texture3d_texture2d_half,2048,2048,2048,0.2388,71.932
b580,1b,8da4w,cand,sarc_dev_linear_dq8ca_coopmat_zpg_xe2bt_t128x128k64g84s16m8_texture3d_texture2d_half,2048,512,2048,0.0823,52.21
b580,1b,8da4w,cand,sarc_dev_linear_dq8ca_coopmat_zpg_xe2bt_t128x128k64g84s16m8_texture3d_texture2d_half,2048,512,2048,0.0797,53.914
b580,1b,8da4w,cand,sarc_dev_linear_dq8ca_coopmat_zpg_xe2bt_t128x128k64g84s16m8_texture3d_texture2d_half,2048,2048,2048,0.2474,69.452
b580,1b,8da4w,cand,sarc_dev_linear_dq8ca_coopmat_zpg_xe2bt_t128x128k64g84s16m8_texture3d_texture2d_half,2048,8192,2048,0.9394,73.154
b580,1b,8da4w,cand,sarc_dev_linear_dq8ca_coopmat_zpg_xe2bt_t128x128k64g84s16m8_texture3d_texture2d_half,2048,8192,2048,0.9478,72.508
b580,1b,8da4w,cand,sarc_dev_linear_dq8ca_coopmat_zpg_xe2bt_t128x128k64g84s16m8_texture3d_texture2d_half,2048,2048,8192,1.0899,63.053
b580,1b,8da4w,cand,sarc_dev_linear_dq8ca_coopmat_zpg_xe2bt_t128x128k64g84s16m8_texture3d_texture2d_half,2048,2048,2048,0.238,72.183
b580,1b,8da4w,cand,sarc_dev_linear_dq8ca_coopmat_zpg_xe2bt_t128x128k64g84s16m8_texture3d_texture2d_half,2048,512,2048,0.0818,52.475
b580,1b,8da4w,cand,sarc_dev_linear_dq8ca_coopmat_zpg_xe2bt_t128x128k64g84s16m8_texture3d_texture2d_half,2048,512,2048,0.0801,53.633
b580,1b,8da4w,cand,sarc_dev_linear_dq8ca_coopmat_zpg_xe2bt_t128x128k64g84s16m8_texture3d_texture2d_half,2048,2048,2048,0.2459,69.863
b580,1b,8da4w,cand,sarc_dev_linear_dq8ca_coopmat_zpg_xe2bt_t128x128k64g84s16m8_texture3d_texture2d_half,2048,8192,2048,0.939,73.186
b580,1b,8da4w,cand,sarc_dev_linear_dq8ca_coopmat_zpg_xe2bt_t128x128k64g84s16m8_texture3d_texture2d_half,2048,8192,2048,0.9425,72.912
b580,1b,8da4w,cand,sarc_dev_linear_dq8ca_coopmat_zpg_xe2bt_t128x128k64g84s16m8_texture3d_texture2d_half,2048,2048,8192,1.0625,64.676
b580,1b,8da4w,cand,sarc_dev_linear_dq8ca_coopmat_zpg_xe2bt_t128x128k64g84s16m8_texture3d_texture2d_half,2048,2048,2048,0.2401,71.558
b580,1b,8da4w,cand,sarc_dev_linear_dq8ca_coopmat_zpg_xe2bt_t128x128k64g84s16m8_texture3d_texture2d_half,2048,512,2048,0.0808,53.15
b580,1b,8da4w,cand,sarc_dev_linear_dq8ca_coopmat_zpg_xe2bt_t128x128k64g84s16m8_texture3d_texture2d_half,2048,512,2048,0.0789,54.447
b580,1b,8da4w,cand,sarc_dev_linear_dq8ca_coopmat_zpg_xe2bt_t128x128k64g84s16m8_texture3d_texture2d_half,2048,2048,2048,0.2463,69.745
b580,1b,8da4w,cand,sarc_dev_linear_dq8ca_coopmat_zpg_xe2bt_t128x128k64g84s16m8_texture3d_texture2d_half,2048,8192,2048,0.9277,74.077
b580,1b,8da4w,cand,sarc_dev_linear_dq8ca_coopmat_zpg_xe2bt_t128x128k64g84s16m8_texture3d_texture2d_half,2048,8192,2048,0.9451,72.711
b580,1b,8da4w,cand,sarc_dev_linear_dq8ca_coopmat_zpg_xe2bt_t128x128k64g84s16m8_texture3d_texture2d_half,2048,2048,8192,1.0699,64.23
b580,1b,8da4w,cand,sarc_dev_linear_dq8ca_coopmat_zpg_xe2bt_t128x128k64g84s16m8_texture3d_texture2d_half,2048,2048,2048,0.2419,71.035
b580,1b,8da4w,cand,sarc_dev_linear_dq8ca_coopmat_zpg_xe2bt_t128x128k64g84s16m8_texture3d_texture2d_half,2048,512,2048,0.0822,52.276
b580,1b,8da4w,cand,sarc_dev_linear_dq8ca_coopmat_zpg_xe2bt_t128x128k64g84s16m8_texture3d_texture2d_half,2048,512,2048,0.0804,53.391
b580,1b,8da4w,cand,sarc_dev_linear_dq8ca_coopmat_zpg_xe2bt_t128x128k64g84s16m8_texture3d_texture2d_half,2048,2048,2048,0.2423,70.897
b580,1b,8da4w,cand,sarc_dev_linear_dq8ca_coopmat_zpg_xe2bt_t128x128k64g84s16m8_texture3d_texture2d_half,2048,8192,2048,0.9348,73.516
b580,1b,8da4w,cand,sarc_dev_linear_dq8ca_coopmat_zpg_xe2bt_t128x128k64g84s16m8_texture3d_texture2d_half,2048,8192,2048,0.9353,73.471
b580,1b,8da4w,cand,sarc_dev_linear_dq8ca_coopmat_zpg_xe2bt_t128x128k64g84s16m8_texture3d_texture2d_half,2048,2048,8192,1.0709,64.171
b580,1b,8da4w,cand,sarc_dev_linear_dq8ca_coopmat_zpg_xe2bt_t128x128k64g84s16m8_texture3d_texture2d_half,2048,2048,2048,0.2385,72.041
b580,1b,8da4w,cand,sarc_dev_linear_dq8ca_coopmat_zpg_xe2bt_t128x128k64g84s16m8_texture3d_texture2d_half,2048,512,2048,0.0825,52.078
b580,1b,8da4w,cand,sarc_dev_linear_dq8ca_coopmat_zpg_xe2bt_t128x128k64g84s16m8_texture3d_texture2d_half,2048,512,2048,0.0799,53.738
b580,1b,8da4w,cand,sarc_dev_linear_dq8ca_coopmat_zpg_xe2bt_t128x128k64g84s16m8_texture3d_texture2d_half,2048,2048,2048,0.2411,71.249
b580,1b,8da4w,cand,sarc_dev_linear_dq8ca_coopmat_zpg_xe2bt_t128x128k64g84s16m8_texture3d_texture2d_half,2048,8192,2048,0.9426,72.904
b580,1b,8da4w,cand,sarc_dev_linear_dq8ca_coopmat_zpg_xe2bt_t128x128k64g84s16m8_texture3d_texture2d_half,2048,8192,2048,0.9322,73.717
b580,1b,8da4w,cand,sarc_dev_linear_dq8ca_coopmat_zpg_xe2bt_t128x128k64g84s16m8_texture3d_texture2d_half,2048,2048,8192,1.07,64.227
b580,1b,8da4w,cand,sarc_dev_linear_dq8ca_coopmat_zpg_xe2bt_t128x128k64g84s16m8_texture3d_texture2d_half,2048,2048,2048,0.2403,71.496
b580,1b,8da4w,cand,sarc_dev_linear_dq8ca_coopmat_zpg_xe2bt_t128x128k64g84s16m8_texture3d_texture2d_half,2048,512,2048,0.085,50.517
b580,1b,8da4w,cand,sarc_dev_linear_dq8ca_coopmat_zpg_xe2bt_t128x128k64g84s16m8_texture3d_texture2d_half,2048,512,2048,0.079,54.375
b580,1b,8da4w,cand,sarc_dev_linear_dq8ca_coopmat_zpg_xe2bt_t128x128k64g84s16m8_texture3d_texture2d_half,2048,2048,2048,0.249,68.988
b580,1b,8da4w,cand,sarc_dev_linear_dq8ca_coopmat_zpg_xe2bt_t128x128k64g84s16m8_texture3d_texture2d_half,2048,8192,2048,0.9275,74.093
b580,1b,8da4w,cand,sarc_dev_linear_dq8ca_coopmat_zpg_xe2bt_t128x128k64g84s16m8_texture3d_texture2d_half,2048,8192,2048,0.9362,73.402
b580,1b,8da4w,cand,sarc_dev_linear_dq8ca_coopmat_zpg_xe2bt_t128x128k64g84s16m8_texture3d_texture2d_half,2048,2048,8192,1.0674,64.383
b580,1b,8da4w,cand,sarc_dev_linear_dq8ca_coopmat_zpg_xe2bt_t128x128k64g84s16m8_texture3d_texture2d_half,2048,2048,2048,0.2419,71.019
b580,1b,8da4w,cand,sarc_dev_linear_dq8ca_coopmat_zpg_xe2bt_t128x128k64g84s16m8_texture3d_texture2d_half,2048,512,2048,0.0831,51.654
b580,1b,8da4w,cand,sarc_dev_linear_dq8ca_coopmat_zpg_xe2bt_t128x128k64g84s16m8_texture3d_texture2d_half,2048,512,2048,0.0831,51.687
b580,1b,8da4w,cand,sarc_dev_linear_dq8ca_coopmat_zpg_xe2bt_t128x128k64g84s16m8_texture3d_texture2d_half,2048,2048,2048,0.2417,71.08
b580,1b,8da4w,cand,sarc_dev_linear_dq8ca_coopmat_zpg_xe2bt_t128x128k64g84s16m8_texture3d_texture2d_half,2048,8192,2048,0.9375,73.304
b580,1b,8da4w,cand,sarc_dev_linear_dq8ca_coopmat_zpg_xe2bt_t128x128k64g84s16m8_texture3d_texture2d_half,2048,8192,2048,0.9398,73.118
b580,1b,8da4w,cand,sarc_dev_linear_dq8ca_coopmat_zpg_xe2bt_t128x128k64g84s16m8_texture3d_texture2d_half,2048,2048,8192,1.0701,64.22
b580,1b,8da4w,cand,sarc_dev_linear_dq8ca_coopmat_zpg_xe2bt_t128x128k64g84s16m8_texture3d_texture2d_half,2048,2048,2048,0.2399,71.604
b580,1b,8da4w,cand,sarc_dev_linear_dq8ca_coopmat_zpg_xe2bt_t128x128k64g84s16m8_texture3d_texture2d_half,2048,512,2048,0.0818,52.475
b580,1b,8da4w,cand,sarc_dev_linear_dq8ca_coopmat_zpg_xe2bt_t128x128k64g84s16m8_texture3d_texture2d_half,2048,512,2048,0.0831,51.654
b580,1b,8da4w,cand,sarc_dev_linear_dq8ca_coopmat_zpg_xe2bt_t128x128k64g84s16m8_texture3d_texture2d_half,2048,2048,2048,0.2432,70.64
b580,1b,8da4w,cand,sarc_dev_linear_dq8ca_coopmat_zpg_xe2bt_t128x128k64g84s16m8_texture3d_texture2d_half,2048,8192,2048,0.9408,73.045
b580,1b,8da4w,cand,sarc_dev_linear_dq8ca_coopmat_zpg_xe2bt_t128x128k64g84s16m8_texture3d_texture2d_half,2048,8192,2048,0.9411,73.021
b580,1b,8da4w,cand,sarc_dev_linear_dq8ca_coopmat_zpg_xe2bt_t128x128k64g84s16m8_texture3d_texture2d_half,2048,2048,8192,1.0692,64.27
b580,1b,8da4w,cand,sarc_dev_linear_dq8ca_coopmat_zpg_xe2bt_t128x128k64g84s16m8_texture3d_texture2d_half,2048,2048,2048,0.2433,70.61
b580,1b,8da4w,cand,sarc_dev_linear_dq8ca_coopmat_zpg_xe2bt_t128x128k64g84s16m8_texture3d_texture2d_half,2048,512,2048,0.0822,52.243
b580,1b,8da4w,cand,sarc_dev_linear_dq8ca_coopmat_zpg_xe2bt_t128x128k64g84s16m8_texture3d_texture2d_half,2048,512,2048,0.0814,52.777
b580,1b,8da4w,cand,sarc_dev_linear_dq8ca_coopmat_zpg_xe2bt_t128x128k64g84s16m8_texture3d_texture2d_half,2048,2048,2048,0.248,69.277
b580,1b,8da4w,cand,sarc_dev_linear_dq8ca_coopmat_zpg_xe2bt_t128x128k64g84s16m8_texture3d_texture2d_half,2048,8192,2048,0.931,73.812
b580,1b,8da4w,cand,sarc_dev_linear_dq8ca_coopmat_zpg_xe2bt_t128x128k64g84s16m8_texture3d_texture2d_half,2048,8192,2048,0.9358,73.43
b580,1b,8da4w,cand,sarc_dev_linear_dq8ca_coopmat_zpg_xe2bt_t128x128k64g84s16m8_texture3d_texture2d_half,2048,2048,8192,1.0693,64.267
b580,1b,8da4w,cand,sarc_dev_linear_dq8ca_coopmat_zpg_xe2bt_t128x128k64g84s16m8_texture3d_texture2d_half,2048,2048,2048,0.2401,71.542
b580,1b,8da4w,cand,sarc_dev_linear_dq8ca_coopmat_zpg_xe2bt_t128x128k64g84s16m8_texture3d_texture2d_half,2048,512,2048,0.0826,52.012
b580,1b,8da4w,cand,sarc_dev_linear_dq8ca_coopmat_zpg_xe2bt_t128x128k64g84s16m8_texture3d_texture2d_half,2048,512,2048,0.0812,52.912
b580,1b,8da4w,cand,sarc_dev_linear_dq8ca_coopmat_zpg_xe2bt_t128x128k64g84s16m8_texture3d_texture2d_half,2048,2048,2048,0.2417,71.065
b580,1b,8da4w,cand,sarc_dev_linear_dq8ca_coopmat_zpg_xe2bt_t128x128k64g84s16m8_texture3d_texture2d_half,2048,8192,2048,0.9424,72.916
b580,1b,8da4w,cand,sarc_dev_linear_dq8ca_coopmat_zpg_xe2bt_t128x128k64g84s16m8_texture3d_texture2d_half,2048,8192,2048,0.936,73.418
b580,1b,8da4w,cand,sarc_dev_linear_dq8ca_coopmat_zpg_xe2bt_t128x128k64g84s16m8_texture3d_texture2d_half,2048,2048,8192,1.0749,63.932
b580,1b,8da4w,cand,sarc_dev_linear_dq8ca_coopmat_zpg_xe2bt_t128x128k64g84s16m8_texture3d_texture2d_half,2048,2048,2048,0.2378,72.23
b580,1b,8da4w,cand,sarc_dev_linear_dq8ca_coopmat_zpg_xe2bt_t128x128k64g84s16m8_texture3d_texture2d_half,2048,512,2048,0.0829,51.817
b580,1b,8da4w,cand,sarc_dev_linear_dq8ca_coopmat_zpg_xe2bt_t128x128k64g84s16m8_texture3d_texture2d_half,2048,512,2048,0.081,53.048
b580,1b,8da4w,cand,sarc_dev_linear_dq8ca_coopmat_zpg_xe2bt_t128x128k64g84s16m8_texture3d_texture2d_half,2048,2048,2048,0.2478,69.321
b580,1b,8da4w,cand,sarc_dev_linear_dq8ca_coopmat_zpg_xe2bt_t128x128k64g84s16m8_texture3d_texture2d_half,2048,8192,2048,0.9402,73.089
b580,1b,8da4w,cand,sarc_dev_linear_dq8ca_coopmat_zpg_xe2bt_t128x128k64g84s16m8_texture3d_texture2d_half,2048,8192,2048,0.9311,73.804
b580,1b,8da4w,cand,sarc_dev_linear_dq8ca_coopmat_zpg_xe2bt_t128x128k64g84s16m8_texture3d_texture2d_half,2048,2048,8192,1.0754,63.901
b580,1b,8da4w,cand,sarc_dev_linear_dq8ca_coopmat_zpg_xe2bt_t128x128k64g84s16m8_texture3d_texture2d_half,2048,2048,2048,0.2399,71.62
b580,1b,8da4w,cand,sarc_dev_linear_dq8ca_coopmat_zpg_xe2bt_t128x128k64g84s16m8_texture3d_texture2d_half,2048,512,2048,0.0816,52.642
b580,1b,8da4w,cand,sarc_dev_linear_dq8ca_coopmat_zpg_xe2bt_t128x128k64g84s16m8_texture3d_texture2d_half,2048,512,2048,0.0805,53.322
b580,1b,8da4w,cand,sarc_dev_linear_dq8ca_coopmat_zpg_xe2bt_t128x128k64g84s16m8_texture3d_texture2d_half,2048,2048,2048,0.2438,70.474
b580,1b,8da4w,cand,sarc_dev_linear_dq8ca_coopmat_zpg_xe2bt_t128x128k64g84s16m8_texture3d_texture2d_half,2048,8192,2048,0.9421,72.944
b580,1b,8da4w,cand,sarc_dev_linear_dq8ca_coopmat_zpg_xe2bt_t128x128k64g84s16m8_texture3d_texture2d_half,2048,8192,2048,0.9337,73.598
b580,1b,8da4w,cand,sarc_dev_linear_dq8ca_coopmat_zpg_xe2bt_t128x128k64g84s16m8_texture3d_texture2d_half,2048,2048,8192,1.0626,64.67
b580,1b,8da4w,cand,sarc_dev_linear_dq8ca_coopmat_zpg_xe2bt_t128x128k64g84s16m8_texture3d_texture2d_half,2048,2048,2048,0.2411,71.249
b580,1b,8da4w,cand,sarc_dev_linear_dq8ca_coopmat_zpg_xe2bt_t128x128k64g84s16m8_texture3d_texture2d_half,2048,512,2048,0.0814,52.743
b580,1b,8da4w,cand,sarc_dev_linear_dq8ca_coopmat_zpg_xe2bt_t128x128k64g84s16m8_texture3d_texture2d_half,2048,512,2048,0.0789,54.411
b580,1b,8da4w,cand,sarc_dev_linear_dq8ca_coopmat_zpg_xe2bt_t128x128k64g84s16m8_texture3d_texture2d_half,2048,2048,2048,0.2471,69.525
b580,1b,8da4w,cand,sarc_dev_linear_dq8ca_coopmat_zpg_xe2bt_t128x128k64g84s16m8_texture3d_texture2d_half,2048,8192,2048,0.9397,73.126
b580,1b,8da4w,cand,sarc_dev_linear_dq8ca_coopmat_zpg_xe2bt_t128x128k64g84s16m8_texture3d_texture2d_half,2048,8192,2048,0.9322,73.717
b580,1b,8da4w,cand,sarc_dev_linear_dq8ca_coopmat_zpg_xe2bt_t128x128k64g84s16m8_texture3d_texture2d_half,2048,2048,8192,1.0685,64.311
b580,1b,8da4w,cand,sarc_dev_linear_dq8ca_coopmat_zpg_xe2bt_t128x128k64g84s16m8_texture3d_texture2d_half,2048,2048,2048,0.2435,70.564
b580,1b,8da4w,cand,sarc_dev_linear_dq8ca_coopmat_zpg_xe2bt_t128x128k64g84s16m8_texture3d_texture2d_half,2048,512,2048,0.0849,50.61
b580,1b,8da4w,cand,sarc_dev_linear_dq8ca_coopmat_zpg_xe2bt_t128x128k64g84s16m8_texture3d_texture2d_half,2048,512,2048,0.0811,52.946
b580,1b,8da4w,cand,sarc_dev_linear_dq8ca_coopmat_zpg_xe2bt_t128x128k64g84s16m8_texture3d_texture2d_half,2048,2048,2048,0.2478,69.335
b580,1b,8da4w,cand,sarc_dev_linear_dq8ca_coopmat_zpg_xe2bt_t128x128k64g84s16m8_texture3d_texture2d_half,2048,8192,2048,0.9306,73.845
b580,1b,8da4w,cand,sarc_dev_linear_dq8ca_coopmat_zpg_xe2bt_t128x128k64g84s16m8_texture3d_texture2d_half,2048,8192,2048,0.9397,73.126
b580,1b,8da4w,cand,sarc_dev_linear_dq8ca_coopmat_zpg_xe2bt_t128x128k64g84s16m8_texture3d_texture2d_half,2048,2048,8192,1.0727,64.062
b580,1b,8da4w,parent,sarc_dev_linear_dq8ca_coopmat_zpg_xe2bt_t128x128k64g84s16m8_texture3d_texture2d_half,2048,2048,2048,0.2408,71.357
b580,1b,8da4w,parent,sarc_dev_linear_dq8ca_coopmat_zpg_xe2bt_t128x128k64g84s16m8_texture3d_texture2d_half,2048,512,2048,0.0823,52.21
b580,1b,8da4w,parent,sarc_dev_linear_dq8ca_coopmat_zpg_xe2bt_t128x128k64g84s16m8_texture3d_texture2d_half,2048,512,2048,0.0799,53.773
b580,1b,8da4w,parent,sarc_dev_linear_dq8ca_coopmat_zpg_xe2bt_t128x128k64g84s16m8_texture3d_texture2d_half,2048,2048,2048,0.2459,69.863
b580,1b,8da4w,parent,sarc_dev_linear_dq8ca_coopmat_zpg_xe2bt_t128x128k64g84s16m8_texture3d_texture2d_half,2048,8192,2048,0.9366,73.373
b580,1b,8da4w,parent,sarc_dev_linear_dq8ca_coopmat_zpg_xe2bt_t128x128k64g84s16m8_texture3d_texture2d_half,2048,8192,2048,0.9349,73.504
b580,1b,8da4w,parent,sarc_dev_linear_dq8ca_coopmat_zpg_xe2bt_t128x128k64g84s16m8_texture3d_texture2d_half,2048,2048,8192,1.0624,64.683
b580,1b,8da4w,parent,sarc_dev_linear_dq8ca_coopmat_zpg_xe2bt_t128x128k64g84s16m8_texture3d_texture2d_half,2048,2048,2048,0.2438,70.459
b580,1b,8da4w,parent,sarc_dev_linear_dq8ca_coopmat_zpg_xe2bt_t128x128k64g84s16m8_texture3d_texture2d_half,2048,512,2048,0.0813,52.81
b580,1b,8da4w,parent,sarc_dev_linear_dq8ca_coopmat_zpg_xe2bt_t128x128k64g84s16m8_texture3d_texture2d_half,2048,512,2048,0.0794,54.09
b580,1b,8da4w,parent,sarc_dev_linear_dq8ca_coopmat_zpg_xe2bt_t128x128k64g84s16m8_texture3d_texture2d_half,2048,2048,2048,0.2449,70.16
b580,1b,8da4w,parent,sarc_dev_linear_dq8ca_coopmat_zpg_xe2bt_t128x128k64g84s16m8_texture3d_texture2d_half,2048,8192,2048,0.9437,72.82
b580,1b,8da4w,parent,sarc_dev_linear_dq8ca_coopmat_zpg_xe2bt_t128x128k64g84s16m8_texture3d_texture2d_half,2048,8192,2048,0.9276,74.085
b580,1b,8da4w,parent,sarc_dev_linear_dq8ca_coopmat_zpg_xe2bt_t128x128k64g84s16m8_texture3d_texture2d_half,2048,2048,8192,1.0644,64.562
b580,1b,8da4w,parent,sarc_dev_linear_dq8ca_coopmat_zpg_xe2bt_t128x128k64g84s16m8_texture3d_texture2d_half,2048,2048,2048,0.2383,72.104
b580,1b,8da4w,parent,sarc_dev_linear_dq8ca_coopmat_zpg_xe2bt_t128x128k64g84s16m8_texture3d_texture2d_half,2048,512,2048,0.0831,51.654
b580,1b,8da4w,parent,sarc_dev_linear_dq8ca_coopmat_zpg_xe2bt_t128x128k64g84s16m8_texture3d_texture2d_half,2048,512,2048,0.0806,53.287
b580,1b,8da4w,parent,sarc_dev_linear_dq8ca_coopmat_zpg_xe2bt_t128x128k64g84s16m8_texture3d_texture2d_half,2048,2048,2048,0.247,69.554
b580,1b,8da4w,parent,sarc_dev_linear_dq8ca_coopmat_zpg_xe2bt_t128x128k64g84s16m8_texture3d_texture2d_half,2048,8192,2048,0.9409,73.033
b580,1b,8da4w,parent,sarc_dev_linear_dq8ca_coopmat_zpg_xe2bt_t128x128k64g84s16m8_texture3d_texture2d_half,2048,8192,2048,0.9409,73.033
b580,1b,8da4w,parent,sarc_dev_linear_dq8ca_coopmat_zpg_xe2bt_t128x128k64g84s16m8_texture3d_texture2d_half,2048,2048,8192,1.0701,64.217
b580,1b,8da4w,parent,sarc_dev_linear_dq8ca_coopmat_zpg_xe2bt_t128x128k64g84s16m8_texture3d_texture2d_half,2048,2048,2048,0.2402,71.511
b580,1b,8da4w,parent,sarc_dev_linear_dq8ca_coopmat_zpg_xe2bt_t128x128k64g84s16m8_texture3d_texture2d_half,2048,512,2048,0.0815,52.709
b580,1b,8da4w,parent,sarc_dev_linear_dq8ca_coopmat_zpg_xe2bt_t128x128k64g84s16m8_texture3d_texture2d_half,2048,512,2048,0.0805,53.356
b580,1b,8da4w,parent,sarc_dev_linear_dq8ca_coopmat_zpg_xe2bt_t128x128k64g84s16m8_texture3d_texture2d_half,2048,2048,2048,0.2454,70.011
b580,1b,8da4w,parent,sarc_dev_linear_dq8ca_coopmat_zpg_xe2bt_t128x128k64g84s16m8_texture3d_texture2d_half,2048,8192,2048,0.9373,73.316
b580,1b,8da4w,parent,sarc_dev_linear_dq8ca_coopmat_zpg_xe2bt_t128x128k64g84s16m8_texture3d_texture2d_half,2048,8192,2048,0.9623,71.411
b580,1b,8da4w,parent,sarc_dev_linear_dq8ca_coopmat_zpg_xe2bt_t128x128k64g84s16m8_texture3d_texture2d_half,2048,2048,8192,1.0645,64.556
b580,1b,8da4w,parent,sarc_dev_linear_dq8ca_coopmat_zpg_xe2bt_t128x128k64g84s16m8_texture3d_texture2d_half,2048,2048,2048,0.2399,71.604
b580,1b,8da4w,parent,sarc_dev_linear_dq8ca_coopmat_zpg_xe2bt_t128x128k64g84s16m8_texture3d_texture2d_half,2048,512,2048,0.085,50.517
b580,1b,8da4w,parent,sarc_dev_linear_dq8ca_coopmat_zpg_xe2bt_t128x128k64g84s16m8_texture3d_texture2d_half,2048,512,2048,0.0796,53.949
b580,1b,8da4w,parent,sarc_dev_linear_dq8ca_coopmat_zpg_xe2bt_t128x128k64g84s16m8_texture3d_texture2d_half,2048,2048,2048,0.2467,69.642
b580,1b,8da4w,parent,sarc_dev_linear_dq8ca_coopmat_zpg_xe2bt_t128x128k64g84s16m8_texture3d_texture2d_half,2048,8192,2048,0.9283,74.031
b580,1b,8da4w,parent,sarc_dev_linear_dq8ca_coopmat_zpg_xe2bt_t128x128k64g84s16m8_texture3d_texture2d_half,2048,8192,2048,0.9395,73.142
b580,1b,8da4w,parent,sarc_dev_linear_dq8ca_coopmat_zpg_xe2bt_t128x128k64g84s16m8_texture3d_texture2d_half,2048,2048,8192,1.0647,64.544
b580,1b,8da4w,parent,sarc_dev_linear_dq8ca_coopmat_zpg_xe2bt_t128x128k64g84s16m8_texture3d_texture2d_half,2048,2048,2048,0.2439,70.429
b580,1b,8da4w,parent,sarc_dev_linear_dq8ca_coopmat_zpg_xe2bt_t128x128k64g84s16m8_texture3d_texture2d_half,2048,512,2048,0.0809,53.082
b580,1b,8da4w,parent,sarc_dev_linear_dq8ca_coopmat_zpg_xe2bt_t128x128k64g84s16m8_texture3d_texture2d_half,2048,512,2048,0.0793,54.161
b580,1b,8da4w,parent,sarc_dev_linear_dq8ca_coopmat_zpg_xe2bt_t128x128k64g84s16m8_texture3d_texture2d_half,2048,2048,2048,0.2418,71.05
b580,1b,8da4w,parent,sarc_dev_linear_dq8ca_coopmat_zpg_xe2bt_t128x128k64g84s16m8_texture3d_texture2d_half,2048,8192,2048,0.9359,73.422
b580,1b,8da4w,parent,sarc_dev_linear_dq8ca_coopmat_zpg_xe2bt_t128x128k64g84s16m8_texture3d_texture2d_half,2048,8192,2048,0.9336,73.606
b580,1b,8da4w,parent,sarc_dev_linear_dq8ca_coopmat_zpg_xe2bt_t128x128k64g84s16m8_texture3d_texture2d_half,2048,2048,8192,1.0751,63.919
b580,1b,8da4w,parent,sarc_dev_linear_dq8ca_coopmat_zpg_xe2bt_t128x128k64g84s16m8_texture3d_texture2d_half,2048,2048,2048,0.2356,72.932
b580,1b,8da4w,parent,sarc_dev_linear_dq8ca_coopmat_zpg_xe2bt_t128x128k64g84s16m8_texture3d_texture2d_half,2048,512,2048,0.0833,51.558
b580,1b,8da4w,parent,sarc_dev_linear_dq8ca_coopmat_zpg_xe2bt_t128x128k64g84s16m8_texture3d_texture2d_half,2048,512,2048,0.0804,53.391
b580,1b,8da4w,parent,sarc_dev_linear_dq8ca_coopmat_zpg_xe2bt_t128x128k64g84s16m8_texture3d_texture2d_half,2048,2048,2048,0.2438,70.459
b580,1b,8da4w,parent,sarc_dev_linear_dq8ca_coopmat_zpg_xe2bt_t128x128k64g84s16m8_texture3d_texture2d_half,2048,8192,2048,0.9426,72.908
b580,1b,8da4w,parent,sarc_dev_linear_dq8ca_coopmat_zpg_xe2bt_t128x128k64g84s16m8_texture3d_texture2d_half,2048,8192,2048,0.9315,73.771
b580,1b,8da4w,parent,sarc_dev_linear_dq8ca_coopmat_zpg_xe2bt_t128x128k64g84s16m8_texture3d_texture2d_half,2048,2048,8192,1.0661,64.459
b580,1b,8da4w,parent,sarc_dev_linear_dq8ca_coopmat_zpg_xe2bt_t128x128k64g84s16m8_texture3d_texture2d_half,2048,2048,2048,0.24,71.573
b580,1b,8da4w,parent,sarc_dev_linear_dq8ca_coopmat_zpg_xe2bt_t128x128k64g84s16m8_texture3d_texture2d_half,2048,512,2048,0.0849,50.61
b580,1b,8da4w,parent,sarc_dev_linear_dq8ca_coopmat_zpg_xe2bt_t128x128k64g84s16m8_texture3d_texture2d_half,2048,512,2048,0.0811,52.946
b580,1b,8da4w,parent,sarc_dev_linear_dq8ca_coopmat_zpg_xe2bt_t128x128k64g84s16m8_texture3d_texture2d_half,2048,2048,2048,0.2449,70.145
b580,1b,8da4w,parent,sarc_dev_linear_dq8ca_coopmat_zpg_xe2bt_t128x128k64g84s16m8_texture3d_texture2d_half,2048,8192,2048,0.9336,73.61
b580,1b,8da4w,parent,sarc_dev_linear_dq8ca_coopmat_zpg_xe2bt_t128x128k64g84s16m8_texture3d_texture2d_half,2048,8192,2048,0.937,73.337
b580,1b,8da4w,parent,sarc_dev_linear_dq8ca_coopmat_zpg_xe2bt_t128x128k64g84s16m8_texture3d_texture2d_half,2048,2048,8192,1.0695,64.255
b580,1b,8da4w,parent,sarc_dev_linear_dq8ca_coopmat_zpg_xe2bt_t128x128k64g84s16m8_texture3d_texture2d_half,2048,2048,2048,0.2405,71.434
b580,1b,8da4w,parent,sarc_dev_linear_dq8ca_coopmat_zpg_xe2bt_t128x128k64g84s16m8_texture3d_texture2d_half,2048,512,2048,0.0821,52.309
b580,1b,8da4w,parent,sarc_dev_linear_dq8ca_coopmat_zpg_xe2bt_t128x128k64g84s16m8_texture3d_texture2d_half,2048,512,2048,0.0803,53.495
b580,1b,8da4w,parent,sarc_dev_linear_dq8ca_coopmat_zpg_xe2bt_t128x128k64g84s16m8_texture3d_texture2d_half,2048,2048,2048,0.2442,70.354
b580,1b,8da4w,parent,sarc_dev_linear_dq8ca_coopmat_zpg_xe2bt_t128x128k64g84s16m8_texture3d_texture2d_half,2048,8192,2048,0.9383,73.239
b580,1b,8da4w,parent,sarc_dev_linear_dq8ca_coopmat_zpg_xe2bt_t128x128k64g84s16m8_texture3d_texture2d_half,2048,8192,2048,0.9372,73.32
b580,1b,8da4w,parent,sarc_dev_linear_dq8ca_coopmat_zpg_xe2bt_t128x128k64g84s16m8_texture3d_texture2d_half,2048,2048,8192,1.0756,63.888
b580,1b,8da4w,parent,sarc_dev_linear_dq8ca_coopmat_zpg_xe2bt_t128x128k64g84s16m8_texture3d_texture2d_half,2048,2048,2048,0.2392,71.822
b580,1b,8da4w,parent,sarc_dev_linear_dq8ca_coopmat_zpg_xe2bt_t128x128k64g84s16m8_texture3d_texture2d_half,2048,512,2048,0.0835,51.429
b580,1b,8da4w,parent,sarc_dev_linear_dq8ca_coopmat_zpg_xe2bt_t128x128k64g84s16m8_texture3d_texture2d_half,2048,512,2048,0.0814,52.743
b580,1b,8da4w,parent,sarc_dev_linear_dq8ca_coopmat_zpg_xe2bt_t128x128k64g84s16m8_texture3d_texture2d_half,2048,2048,2048,0.2451,70.085
b580,1b,8da4w,parent,sarc_dev_linear_dq8ca_coopmat_zpg_xe2bt_t128x128k64g84s16m8_texture3d_texture2d_half,2048,8192,2048,0.9395,73.142
b580,1b,8da4w,parent,sarc_dev_linear_dq8ca_coopmat_zpg_xe2bt_t128x128k64g84s16m8_texture3d_texture2d_half,2048,8192,2048,0.9374,73.312
b580,1b,8da4w,parent,sarc_dev_linear_dq8ca_coopmat_zpg_xe2bt_t128x128k64g84s16m8_texture3d_texture2d_half,2048,2048,8192,1.0742,63.972
b580,1b,8da4w,parent,sarc_dev_linear_dq8ca_coopmat_zpg_xe2bt_t128x128k64g84s16m8_texture3d_texture2d_half,2048,2048,2048,0.2414,71.172
b580,1b,8da4w,parent,sarc_dev_linear_dq8ca_coopmat_zpg_xe2bt_t128x128k64g84s16m8_texture3d_texture2d_half,2048,512,2048,0.0819,52.442
b580,1b,8da4w,parent,sarc_dev_linear_dq8ca_coopmat_zpg_xe2bt_t128x128k64g84s16m8_texture3d_texture2d_half,2048,512,2048,0.0824,52.144
b580,1b,8da4w,parent,sarc_dev_linear_dq8ca_coopmat_zpg_xe2bt_t128x128k64g84s16m8_texture3d_texture2d_half,2048,2048,2048,0.245,70.115
b580,1b,8da4w,parent,sarc_dev_linear_dq8ca_coopmat_zpg_xe2bt_t128x128k64g84s16m8_texture3d_texture2d_half,2048,8192,2048,0.9323,73.713
b580,1b,8da4w,parent,sarc_dev_linear_dq8ca_coopmat_zpg_xe2bt_t128x128k64g84s16m8_texture3d_texture2d_half,2048,8192,2048,0.9362,73.402
b580,1b,8da4w,parent,sarc_dev_linear_dq8ca_coopmat_zpg_xe2bt_t128x128k64g84s16m8_texture3d_texture2d_half,2048,2048,8192,1.0636,64.61
b580,1b,8da4w,parent,sarc_dev_linear_dq8ca_coopmat_zpg_xe2bt_t128x128k64g84s16m8_texture3d_texture2d_half,2048,2048,2048,0.2412,71.218
b580,1b,8da4w,parent,sarc_dev_linear_dq8ca_coopmat_zpg_xe2bt_t128x128k64g84s16m8_texture3d_texture2d_half,2048,512,2048,0.0856,50.149
b580,1b,8da4w,parent,sarc_dev_linear_dq8ca_coopmat_zpg_xe2bt_t128x128k64g84s16m8_texture3d_texture2d_half,2048,512,2048,0.0808,53.184
b580,1b,8da4w,parent,sarc_dev_linear_dq8ca_coopmat_zpg_xe2bt_t128x128k64g84s16m8_texture3d_texture2d_half,2048,2048,2048,0.2427,70.791
b580,1b,8da4w,parent,sarc_dev_linear_dq8ca_coopmat_zpg_xe2bt_t128x128k64g84s16m8_texture3d_texture2d_half,2048,8192,2048,0.9448,72.731
b580,1b,8da4w,parent,sarc_dev_linear_dq8ca_coopmat_zpg_xe2bt_t128x128k64g84s16m8_texture3d_texture2d_half,2048,8192,2048,0.9406,73.061
b580,1b,8da4w,parent,sarc_dev_linear_dq8ca_coopmat_zpg_xe2bt_t128x128k64g84s16m8_texture3d_texture2d_half,2048,2048,8192,1.0736,64.009
b580,1b,8da4w,parent,sarc_dev_linear_dq8ca_coopmat_zpg_xe2bt_t128x128k64g84s16m8_texture3d_texture2d_half,2048,2048,2048,0.2385,72.026
b580,1b,8da4w,parent,sarc_dev_linear_dq8ca_coopmat_zpg_xe2bt_t128x128k64g84s16m8_texture3d_texture2d_half,2048,512,2048,0.0823,52.21
b580,1b,8da4w,parent,sarc_dev_linear_dq8ca_coopmat_zpg_xe2bt_t128x128k64g84s16m8_texture3d_texture2d_half,2048,512,2048,0.0811,52.946
b580,1b,8da4w,parent,sarc_dev_linear_dq8ca_coopmat_zpg_xe2bt_t128x128k64g84s16m8_texture3d_texture2d_half,2048,2048,2048,0.2424,70.882
b580,1b,8da4w,parent,sarc_dev_linear_dq8ca_coopmat_zpg_xe2bt_t128x128k64g84s16m8_texture3d_texture2d_half,2048,8192,2048,0.937,73.341
b580,1b,8da4w,parent,sarc_dev_linear_dq8ca_coopmat_zpg_xe2bt_t128x128k64g84s16m8_texture3d_texture2d_half,2048,8192,2048,0.9261,74.206
b580,1b,8da4w,parent,sarc_dev_linear_dq8ca_coopmat_zpg_xe2bt_t128x128k64g84s16m8_texture3d_texture2d_half,2048,2048,8192,1.0706,64.186
b580,1b,8da4w,parent,sarc_dev_linear_dq8ca_coopmat_zpg_xe2bt_t128x128k64g84s16m8_texture3d_texture2d_half,2048,2048,2048,0.2388,71.947
b580,1b,8da4w,parent,sarc_dev_linear_dq8ca_coopmat_zpg_xe2bt_t128x128k64g84s16m8_texture3d_texture2d_half,2048,512,2048,0.0798,53.843
b580,1b,8da4w,parent,sarc_dev_linear_dq8ca_coopmat_zpg_xe2bt_t128x128k64g84s16m8_texture3d_texture2d_half,2048,512,2048,0.0808,53.184
b580,1b,8da4w,parent,sarc_dev_linear_dq8ca_coopmat_zpg_xe2bt_t128x128k64g84s16m8_texture3d_texture2d_half,2048,2048,2048,0.2476,69.393
b580,1b,8da4w,parent,sarc_dev_linear_dq8ca_coopmat_zpg_xe2bt_t128x128k64g84s16m8_texture3d_texture2d_half,2048,8192,2048,0.938,73.26
b580,1b,8da4w,parent,sarc_dev_linear_dq8ca_coopmat_zpg_xe2bt_t128x128k64g84s16m8_texture3d_texture2d_half,2048,8192,2048,0.9395,73.146
b580,1b,8da4w,parent,sarc_dev_linear_dq8ca_coopmat_zpg_xe2bt_t128x128k64g84s16m8_texture3d_texture2d_half,2048,2048,8192,1.0579,64.959
b580,1b,8da4w,parent,sarc_dev_linear_dq8ca_coopmat_zpg_xe2bt_t128x128k64g84s16m8_texture3d_texture2d_half,2048,2048,2048,0.2388,71.947
b580,1b,8da4w,parent,sarc_dev_linear_dq8ca_coopmat_zpg_xe2bt_t128x128k64g84s16m8_texture3d_texture2d_half,2048,512,2048,0.0827,51.947
b580,1b,8da4w,parent,sarc_dev_linear_dq8ca_coopmat_zpg_xe2bt_t128x128k64g84s16m8_texture3d_texture2d_half,2048,512,2048,0.0802,53.529
b580,1b,8da4w,parent,sarc_dev_linear_dq8ca_coopmat_zpg_xe2bt_t128x128k64g84s16m8_texture3d_texture2d_half,2048,2048,2048,0.2445,70.279
b580,1b,8da4w,parent,sarc_dev_linear_dq8ca_coopmat_zpg_xe2bt_t128x128k64g84s16m8_texture3d_texture2d_half,2048,8192,2048,0.9384,73.227
b580,1b,8da4w,parent,sarc_dev_linear_dq8ca_coopmat_zpg_xe2bt_t128x128k64g84s16m8_texture3d_texture2d_half,2048,8192,2048,0.9354,73.463
b580,1b,8da4w,parent,sarc_dev_linear_dq8ca_coopmat_zpg_xe2bt_t128x128k64g84s16m8_texture3d_texture2d_half,2048,2048,8192,1.0705,64.195
b580,1b,8da4w,parent,sarc_dev_linear_dq8ca_coopmat_zpg_xe2bt_t128x128k64g84s16m8_texture3d_texture2d_half,2048,2048,2048,0.2435,70.549
b580,1b,8da4w,parent,sarc_dev_linear_dq8ca_coopmat_zpg_xe2bt_t128x128k64g84s16m8_texture3d_texture2d_half,2048,512,2048,0.0819,52.442
b580,1b,8da4w,parent,sarc_dev_linear_dq8ca_coopmat_zpg_xe2bt_t128x128k64g84s16m8_texture3d_texture2d_half,2048,512,2048,0.0842,50.985
b580,1b,8da4w,parent,sarc_dev_linear_dq8ca_coopmat_zpg_xe2bt_t128x128k64g84s16m8_texture3d_texture2d_half,2048,2048,2048,0.2462,69.774
b580,1b,8da4w,parent,sarc_dev_linear_dq8ca_coopmat_zpg_xe2bt_t128x128k64g84s16m8_texture3d_texture2d_half,2048,8192,2048,0.9495,72.377
b580,1b,8da4w,parent,sarc_dev_linear_dq8ca_coopmat_zpg_xe2bt_t128x128k64g84s16m8_texture3d_texture2d_half,2048,8192,2048,0.9397,73.13
b580,1b,8da4w,parent,sarc_dev_linear_dq8ca_coopmat_zpg_xe2bt_t128x128k64g84s16m8_texture3d_texture2d_half,2048,2048,8192,1.0706,64.189
b580,3b,4w,cand,sarc_linear_q4gsw_coopmat_t128x128k16g44s16m8fli_texture3d_texture2d_half,2048,3072,3072,0.9026,42.825
b580,3b,4w,cand,sarc_linear_q4gsw_coopmat_t128x128k16g44s16m8fli_texture3d_texture2d_half,2048,1024,3072,0.3486,36.961
b580,3b,4w,cand,sarc_linear_q4gsw_coopmat_t128x128k16g44s16m8fli_texture3d_texture2d_half,2048,1024,3072,0.3245,39.703
b580,3b,4w,cand,sarc_linear_q4gsw_coopmat_t128x128k16g44s16m8fli_texture3d_texture2d_half,2048,3072,3072,0.8543,45.247
b580,3b,4w,cand,sarc_linear_q4gsw_coopmat_t128x128k16g44s16m8fli_texture3d_texture2d_half,2048,8192,3072,2.2465,45.885
b580,3b,4w,cand,sarc_linear_q4gsw_coopmat_t128x128k16g44s16m8fli_texture3d_texture2d_half,2048,8192,3072,2.2669,45.472
b580,3b,4w,cand,sarc_linear_q4gsw_coopmat_t128x128k16g44s16m8fli_texture3d_texture2d_half,2048,3072,8192,2.3476,43.908
b580,3b,4w,cand,sarc_linear_q4gsw_coopmat_t128x128k16g44s16m8fli_texture3d_texture2d_half,2048,3072,3072,0.8745,44.2
b580,3b,4w,cand,sarc_linear_q4gsw_coopmat_t128x128k16g44s16m8fli_texture3d_texture2d_half,2048,1024,3072,0.3257,39.564
b580,3b,4w,cand,sarc_linear_q4gsw_coopmat_t128x128k16g44s16m8fli_texture3d_texture2d_half,2048,1024,3072,0.3235,39.831
b580,3b,4w,cand,sarc_linear_q4gsw_coopmat_t128x128k16g44s16m8fli_texture3d_texture2d_half,2048,3072,3072,0.8723,44.314
b580,3b,4w,cand,sarc_linear_q4gsw_coopmat_t128x128k16g44s16m8fli_texture3d_texture2d_half,2048,8192,3072,2.2683,45.442
b580,3b,4w,cand,sarc_linear_q4gsw_coopmat_t128x128k16g44s16m8fli_texture3d_texture2d_half,2048,8192,3072,2.2748,45.314
b580,3b,4w,cand,sarc_linear_q4gsw_coopmat_t128x128k16g44s16m8fli_texture3d_texture2d_half,2048,3072,8192,2.3493,43.877
b580,3b,4w,cand,sarc_linear_q4gsw_coopmat_t128x128k16g44s16m8fli_texture3d_texture2d_half,2048,3072,3072,0.8535,45.291
b580,3b,4w,cand,sarc_linear_q4gsw_coopmat_t128x128k16g44s16m8fli_texture3d_texture2d_half,2048,1024,3072,0.3259,39.538
b580,3b,4w,cand,sarc_linear_q4gsw_coopmat_t128x128k16g44s16m8fli_texture3d_texture2d_half,2048,1024,3072,0.3227,39.927
b580,3b,4w,cand,sarc_linear_q4gsw_coopmat_t128x128k16g44s16m8fli_texture3d_texture2d_half,2048,3072,3072,0.8531,45.31
b580,3b,4w,cand,sarc_linear_q4gsw_coopmat_t128x128k16g44s16m8fli_texture3d_texture2d_half,2048,8192,3072,2.2778,45.254
b580,3b,4w,cand,sarc_linear_q4gsw_coopmat_t128x128k16g44s16m8fli_texture3d_texture2d_half,2048,8192,3072,2.2943,44.928
b580,3b,4w,cand,sarc_linear_q4gsw_coopmat_t128x128k16g44s16m8fli_texture3d_texture2d_half,2048,3072,8192,2.342,44.014
b580,3b,4w,cand,sarc_linear_q4gsw_coopmat_t128x128k16g44s16m8fli_texture3d_texture2d_half,2048,3072,3072,0.8514,45.399
b580,3b,4w,cand,sarc_linear_q4gsw_coopmat_t128x128k16g44s16m8fli_texture3d_texture2d_half,2048,1024,3072,0.3253,39.614
b580,3b,4w,cand,sarc_linear_q4gsw_coopmat_t128x128k16g44s16m8fli_texture3d_texture2d_half,2048,1024,3072,0.3211,40.127
b580,3b,4w,cand,sarc_linear_q4gsw_coopmat_t128x128k16g44s16m8fli_texture3d_texture2d_half,2048,3072,3072,0.8502,45.465
b580,3b,4w,cand,sarc_linear_q4gsw_coopmat_t128x128k16g44s16m8fli_texture3d_texture2d_half,2048,8192,3072,2.2526,45.759
b580,3b,4w,cand,sarc_linear_q4gsw_coopmat_t128x128k16g44s16m8fli_texture3d_texture2d_half,2048,8192,3072,2.2467,45.88
b580,3b,4w,cand,sarc_linear_q4gsw_coopmat_t128x128k16g44s16m8fli_texture3d_texture2d_half,2048,3072,8192,2.3623,43.635
b580,3b,4w,cand,sarc_linear_q4gsw_coopmat_t128x128k16g44s16m8fli_texture3d_texture2d_half,2048,3072,3072,0.8705,44.406
b580,3b,4w,cand,sarc_linear_q4gsw_coopmat_t128x128k16g44s16m8fli_texture3d_texture2d_half,2048,1024,3072,0.3244,39.716
b580,3b,4w,cand,sarc_linear_q4gsw_coopmat_t128x128k16g44s16m8fli_texture3d_texture2d_half,2048,1024,3072,0.3217,40.05
b580,3b,4w,cand,sarc_linear_q4gsw_coopmat_t128x128k16g44s16m8fli_texture3d_texture2d_half,2048,3072,3072,0.8514,45.402
b580,3b,4w,cand,sarc_linear_q4gsw_coopmat_t128x128k16g44s16m8fli_texture3d_texture2d_half,2048,8192,3072,2.2598,45.615
b580,3b,4w,cand,sarc_linear_q4gsw_coopmat_t128x128k16g44s16m8fli_texture3d_texture2d_half,2048,8192,3072,2.258,45.65
b580,3b,4w,cand,sarc_linear_q4gsw_coopmat_t128x128k16g44s16m8fli_texture3d_texture2d_half,2048,3072,8192,2.3299,44.243
b580,3b,4w,cand,sarc_linear_q4gsw_coopmat_t128x128k16g44s16m8fli_texture3d_texture2d_half,2048,3072,3072,0.8499,45.482
b580,3b,4w,cand,sarc_linear_q4gsw_coopmat_t128x128k16g44s16m8fli_texture3d_texture2d_half,2048,1024,3072,0.3258,39.551
b580,3b,4w,cand,sarc_linear_q4gsw_coopmat_t128x128k16g44s16m8fli_texture3d_texture2d_half,2048,1024,3072,0.3223,39.978
b580,3b,4w,cand,sarc_linear_q4gsw_coopmat_t128x128k16g44s16m8fli_texture3d_texture2d_half,2048,3072,3072,0.8711,44.377
b580,3b,4w,cand,sarc_linear_q4gsw_coopmat_t128x128k16g44s16m8fli_texture3d_texture2d_half,2048,8192,3072,2.2918,44.977
b580,3b,4w,cand,sarc_linear_q4gsw_coopmat_t128x128k16g44s16m8fli_texture3d_texture2d_half,2048,8192,3072,2.2678,45.453
b580,3b,4w,cand,sarc_linear_q4gsw_coopmat_t128x128k16g44s16m8fli_texture3d_texture2d_half,2048,3072,8192,2.3644,43.597
b580,3b,4w,cand,sarc_linear_q4gsw_coopmat_t128x128k16g44s16m8fli_texture3d_texture2d_half,2048,3072,3072,0.8755,44.153
b580,3b,4w,cand,sarc_linear_q4gsw_coopmat_t128x128k16g44s16m8fli_texture3d_texture2d_half,2048,1024,3072,0.3258,39.545
b580,3b,4w,cand,sarc_linear_q4gsw_coopmat_t128x128k16g44s16m8fli_texture3d_texture2d_half,2048,1024,3072,0.3228,39.921
b580,3b,4w,cand,sarc_linear_q4gsw_coopmat_t128x128k16g44s16m8fli_texture3d_texture2d_half,2048,3072,3072,0.8507,45.438
b580,3b,4w,cand,sarc_linear_q4gsw_coopmat_t128x128k16g44s16m8fli_texture3d_texture2d_half,2048,8192,3072,2.2858,45.095
b580,3b,4w,cand,sarc_linear_q4gsw_coopmat_t128x128k16g44s16m8fli_texture3d_texture2d_half,2048,8192,3072,2.2606,45.598
b580,3b,4w,cand,sarc_linear_q4gsw_coopmat_t128x128k16g44s16m8fli_texture3d_texture2d_half,2048,3072,8192,2.3552,43.767
b580,3b,4w,cand,sarc_linear_q4gsw_coopmat_t128x128k16g44s16m8fli_texture3d_texture2d_half,2048,3072,3072,0.8544,45.244
b580,3b,4w,cand,sarc_linear_q4gsw_coopmat_t128x128k16g44s16m8fli_texture3d_texture2d_half,2048,1024,3072,0.3265,39.469
b580,3b,4w,cand,sarc_linear_q4gsw_coopmat_t128x128k16g44s16m8fli_texture3d_texture2d_half,2048,1024,3072,0.3418,37.692
b580,3b,4w,cand,sarc_linear_q4gsw_coopmat_t128x128k16g44s16m8fli_texture3d_texture2d_half,2048,3072,3072,0.8514,45.399
b580,3b,4w,cand,sarc_linear_q4gsw_coopmat_t128x128k16g44s16m8fli_texture3d_texture2d_half,2048,8192,3072,2.2664,45.481
b580,3b,4w,cand,sarc_linear_q4gsw_coopmat_t128x128k16g44s16m8fli_texture3d_texture2d_half,2048,8192,3072,2.2593,45.623
b580,3b,4w,cand,sarc_linear_q4gsw_coopmat_t128x128k16g44s16m8fli_texture3d_texture2d_half,2048,3072,8192,2.3443,43.97
b580,3b,4w,cand,sarc_linear_q4gsw_coopmat_t128x128k16g44s16m8fli_texture3d_texture2d_half,2048,3072,3072,0.8757,44.14
b580,3b,4w,cand,sarc_linear_q4gsw_coopmat_t128x128k16g44s16m8fli_texture3d_texture2d_half,2048,1024,3072,0.3252,39.62
b580,3b,4w,cand,sarc_linear_q4gsw_coopmat_t128x128k16g44s16m8fli_texture3d_texture2d_half,2048,1024,3072,0.3273,39.362
b580,3b,4w,cand,sarc_linear_q4gsw_coopmat_t128x128k16g44s16m8fli_texture3d_texture2d_half,2048,3072,3072,0.8583,45.036
b580,3b,4w,cand,sarc_linear_q4gsw_coopmat_t128x128k16g44s16m8fli_texture3d_texture2d_half,2048,8192,3072,2.2518,45.777
b580,3b,4w,cand,sarc_linear_q4gsw_coopmat_t128x128k16g44s16m8fli_texture3d_texture2d_half,2048,8192,3072,2.2639,45.532
b580,3b,4w,cand,sarc_linear_q4gsw_coopmat_t128x128k16g44s16m8fli_texture3d_texture2d_half,2048,3072,8192,2.3735,43.428
b580,3b,4w,cand,sarc_linear_q4gsw_coopmat_t128x128k16g44s16m8fli_texture3d_texture2d_half,2048,3072,3072,0.8531,45.31
b580,3b,4w,cand,sarc_linear_q4gsw_coopmat_t128x128k16g44s16m8fli_texture3d_texture2d_half,2048,1024,3072,0.3559,36.2
b580,3b,4w,cand,sarc_linear_q4gsw_coopmat_t128x128k16g44s16m8fli_texture3d_texture2d_half,2048,1024,3072,0.3237,39.805
b580,3b,4w,cand,sarc_linear_q4gsw_coopmat_t128x128k16g44s16m8fli_texture3d_texture2d_half,2048,3072,3072,0.8554,45.189
b580,3b,4w,cand,sarc_linear_q4gsw_coopmat_t128x128k16g44s16m8fli_texture3d_texture2d_half,2048,8192,3072,2.276,45.289
b580,3b,4w,cand,sarc_linear_q4gsw_coopmat_t128x128k16g44s16m8fli_texture3d_texture2d_half,2048,8192,3072,2.2591,45.629
b580,3b,4w,cand,sarc_linear_q4gsw_coopmat_t128x128k16g44s16m8fli_texture3d_texture2d_half,2048,3072,8192,2.3494,43.874
b580,3b,4w,cand,sarc_linear_q4gsw_coopmat_t128x128k16g44s16m8fli_texture3d_texture2d_half,2048,3072,3072,0.889,43.479
b580,3b,4w,cand,sarc_linear_q4gsw_coopmat_t128x128k16g44s16m8fli_texture3d_texture2d_half,2048,1024,3072,0.3282,39.263
b580,3b,4w,cand,sarc_linear_q4gsw_coopmat_t128x128k16g44s16m8fli_texture3d_texture2d_half,2048,1024,3072,0.3231,39.876
b580,3b,4w,cand,sarc_linear_q4gsw_coopmat_t128x128k16g44s16m8fli_texture3d_texture2d_half,2048,3072,3072,0.8581,45.047
b580,3b,4w,cand,sarc_linear_q4gsw_coopmat_t128x128k16g44s16m8fli_texture3d_texture2d_half,2048,8192,3072,2.2745,45.319
b580,3b,4w,cand,sarc_linear_q4gsw_coopmat_t128x128k16g44s16m8fli_texture3d_texture2d_half,2048,8192,3072,2.265,45.51
b580,3b,4w,cand,sarc_linear_q4gsw_coopmat_t128x128k16g44s16m8fli_texture3d_texture2d_half,2048,3072,8192,2.386,43.202
b580,3b,4w,cand,sarc_linear_q4gsw_coopmat_t128x128k16g44s16m8fli_texture3d_texture2d_half,2048,3072,3072,0.8579,45.058
b580,3b,4w,cand,sarc_linear_q4gsw_coopmat_t128x128k16g44s16m8fli_texture3d_texture2d_half,2048,1024,3072,0.3258,39.551
b580,3b,4w,cand,sarc_linear_q4gsw_coopmat_t128x128k16g44s16m8fli_texture3d_texture2d_half,2048,1024,3072,0.323,39.895
b580,3b,4w,cand,sarc_linear_q4gsw_coopmat_t128x128k16g44s16m8fli_texture3d_texture2d_half,2048,3072,3072,0.8572,45.096
b580,3b,4w,cand,sarc_linear_q4gsw_coopmat_t128x128k16g44s16m8fli_texture3d_texture2d_half,2048,8192,3072,2.2507,45.799
b580,3b,4w,cand,sarc_linear_q4gsw_coopmat_t128x128k16g44s16m8fli_texture3d_texture2d_half,2048,8192,3072,2.2885,45.043
b580,3b,4w,cand,sarc_linear_q4gsw_coopmat_t128x128k16g44s16m8fli_texture3d_texture2d_half,2048,3072,8192,2.3683,43.524
b580,3b,4w,cand,sarc_linear_q4gsw_coopmat_t128x128k16g44s16m8fli_texture3d_texture2d_half,2048,3072,3072,0.8558,45.167
b580,3b,4w,cand,sarc_linear_q4gsw_coopmat_t128x128k16g44s16m8fli_texture3d_texture2d_half,2048,1024,3072,0.3275,39.344
b580,3b,4w,cand,sarc_linear_q4gsw_coopmat_t128x128k16g44s16m8fli_texture3d_texture2d_half,2048,1024,3072,0.3233,39.85
b580,3b,4w,cand,sarc_linear_q4gsw_coopmat_t128x128k16g44s16m8fli_texture3d_texture2d_half,2048,3072,3072,0.8567,45.12
b580,3b,4w,cand,sarc_linear_q4gsw_coopmat_t128x128k16g44s16m8fli_texture3d_texture2d_half,2048,8192,3072,2.2644,45.521
b580,3b,4w,cand,sarc_linear_q4gsw_coopmat_t128x128k16g44s16m8fli_texture3d_texture2d_half,2048,8192,3072,2.234,46.142
b580,3b,4w,cand,sarc_linear_q4gsw_coopmat_t128x128k16g44s16m8fli_texture3d_texture2d_half,2048,3072,8192,2.358,43.714
b580,3b,4w,cand,sarc_linear_q4gsw_coopmat_t128x128k16g44s16m8fli_texture3d_texture2d_half,2048,3072,3072,0.8752,44.169
b580,3b,4w,cand,sarc_linear_q4gsw_coopmat_t128x128k16g44s16m8fli_texture3d_texture2d_half,2048,1024,3072,0.3267,39.438
b580,3b,4w,cand,sarc_linear_q4gsw_coopmat_t128x128k16g44s16m8fli_texture3d_texture2d_half,2048,1024,3072,0.3238,39.799
b580,3b,4w,cand,sarc_linear_q4gsw_coopmat_t128x128k16g44s16m8fli_texture3d_texture2d_half,2048,3072,3072,0.8608,44.905
b580,3b,4w,cand,sarc_linear_q4gsw_coopmat_t128x128k16g44s16m8fli_texture3d_texture2d_half,2048,8192,3072,2.2825,45.16
b580,3b,4w,cand,sarc_linear_q4gsw_coopmat_t128x128k16g44s16m8fli_texture3d_texture2d_half,2048,8192,3072,2.2907,44.999
b580,3b,4w,cand,sarc_linear_q4gsw_coopmat_t128x128k16g44s16m8fli_texture3d_texture2d_half,2048,3072,8192,2.3928,43.079
b580,3b,4w,cand,sarc_linear_q4gsw_coopmat_t128x128k16g44s16m8fli_texture3d_texture2d_half,2048,3072,3072,0.8581,45.047
b580,3b,4w,cand,sarc_linear_q4gsw_coopmat_t128x128k16g44s16m8fli_texture3d_texture2d_half,2048,1024,3072,0.3272,39.375
b580,3b,4w,cand,sarc_linear_q4gsw_coopmat_t128x128k16g44s16m8fli_texture3d_texture2d_half,2048,1024,3072,0.3448,37.368
b580,3b,4w,cand,sarc_linear_q4gsw_coopmat_t128x128k16g44s16m8fli_texture3d_texture2d_half,2048,3072,3072,0.8588,45.011
b580,3b,4w,cand,sarc_linear_q4gsw_coopmat_t128x128k16g44s16m8fli_texture3d_texture2d_half,2048,8192,3072,2.2995,44.827
b580,3b,4w,cand,sarc_linear_q4gsw_coopmat_t128x128k16g44s16m8fli_texture3d_texture2d_half,2048,8192,3072,2.2759,45.291
b580,3b,4w,cand,sarc_linear_q4gsw_coopmat_t128x128k16g44s16m8fli_texture3d_texture2d_half,2048,3072,8192,2.3559,43.753
b580,3b,4w,cand,sarc_linear_q4gsw_coopmat_t128x128k16g44s16m8fli_texture3d_texture2d_half,2048,3072,3072,0.8817,43.843
b580,3b,4w,cand,sarc_linear_q4gsw_coopmat_t128x128k16g44s16m8fli_texture3d_texture2d_half,2048,1024,3072,0.3281,39.275
b580,3b,4w,cand,sarc_linear_q4gsw_coopmat_t128x128k16g44s16m8fli_texture3d_texture2d_half,2048,1024,3072,0.3312,38.905
b580,3b,4w,cand,sarc_linear_q4gsw_coopmat_t128x128k16g44s16m8fli_texture3d_texture2d_half,2048,3072,3072,0.8633,44.775
b580,3b,4w,cand,sarc_linear_q4gsw_coopmat_t128x128k16g44s16m8fli_texture3d_texture2d_half,2048,8192,3072,2.2719,45.372
b580,3b,4w,cand,sarc_linear_q4gsw_coopmat_t128x128k16g44s16m8fli_texture3d_texture2d_half,2048,8192,3072,2.2357,46.105
b580,3b,4w,cand,sarc_linear_q4gsw_coopmat_t128x128k16g44s16m8fli_texture3d_texture2d_half,2048,3072,8192,2.3792,43.326
b580,3b,4w,cand,sarc_linear_q4gsw_coopmat_t128x128k16g44s16m8fli_texture3d_texture2d_half,2048,3072,3072,0.8637,44.756
b580,3b,4w,cand,sarc_linear_q4gsw_coopmat_t128x128k16g44s16m8fli_texture3d_texture2d_half,2048,1024,3072,0.3467,37.161
b580,3b,4w,cand,sarc_linear_q4gsw_coopmat_t128x128k16g44s16m8fli_texture3d_texture2d_half,2048,1024,3072,0.3245,39.703
b580,3b,4w,cand,sarc_linear_q4gsw_coopmat_t128x128k16g44s16m8fli_texture3d_texture2d_half,2048,3072,3072,0.8577,45.066
b580,3b,4w,cand,sarc_linear_q4gsw_coopmat_t128x128k16g44s16m8fli_texture3d_texture2d_half,2048,8192,3072,2.26,45.611
b580,3b,4w,cand,sarc_linear_q4gsw_coopmat_t128x128k16g44s16m8fli_texture3d_texture2d_half,2048,8192,3072,2.262,45.57
b580,3b,4w,cand,sarc_linear_q4gsw_coopmat_t128x128k16g44s16m8fli_texture3d_texture2d_half,2048,3072,8192,2.357,43.733
b580,3b,4w,cand,sarc_linear_q4gsw_coopmat_t128x128k16g44s16m8fli_texture3d_texture2d_half,2048,3072,3072,0.8689,44.486
b580,3b,4w,cand,sarc_linear_q4gsw_coopmat_t128x128k16g44s16m8fli_texture3d_texture2d_half,2048,1024,3072,0.3288,39.182
b580,3b,4w,cand,sarc_linear_q4gsw_coopmat_t128x128k16g44s16m8fli_texture3d_texture2d_half,2048,1024,3072,0.327,39.406
b580,3b,4w,cand,sarc_linear_q4gsw_coopmat_t128x128k16g44s16m8fli_texture3d_texture2d_half,2048,3072,3072,0.8591,44.995
b580,3b,4w,cand,sarc_linear_q4gsw_coopmat_t128x128k16g44s16m8fli_texture3d_texture2d_half,2048,8192,3072,2.2956,44.903
b580,3b,4w,cand,sarc_linear_q4gsw_coopmat_t128x128k16g44s16m8fli_texture3d_texture2d_half,2048,8192,3072,2.2954,44.907
b580,3b,4w,cand,sarc_linear_q4gsw_coopmat_t128x128k16g44s16m8fli_texture3d_texture2d_half,2048,3072,8192,2.3798,43.314
b580,3b,4w,cand,sarc_linear_q4gsw_coopmat_t128x128k16g44s16m8fli_texture3d_texture2d_half,2048,3072,3072,0.8864,43.606
b580,3b,4w,cand,sarc_linear_q4gsw_coopmat_t128x128k16g44s16m8fli_texture3d_texture2d_half,2048,1024,3072,0.329,39.163
b580,3b,4w,cand,sarc_linear_q4gsw_coopmat_t128x128k16g44s16m8fli_texture3d_texture2d_half,2048,1024,3072,0.3268,39.431
b580,3b,4w,cand,sarc_linear_q4gsw_coopmat_t128x128k16g44s16m8fli_texture3d_texture2d_half,2048,3072,3072,0.8643,44.721
b580,3b,4w,cand,sarc_linear_q4gsw_coopmat_t128x128k16g44s16m8fli_texture3d_texture2d_half,2048,8192,3072,2.317,44.489
b580,3b,4w,cand,sarc_linear_q4gsw_coopmat_t128x128k16g44s16m8fli_texture3d_texture2d_half,2048,8192,3072,2.2677,45.456
b580,3b,4w,cand,sarc_linear_q4gsw_coopmat_t128x128k16g44s16m8fli_texture3d_texture2d_half,2048,3072,8192,2.3825,43.265
b580,3b,4w,cand,sarc_linear_q4gsw_coopmat_t128x128k16g44s16m8fli_texture3d_texture2d_half,2048,3072,3072,0.8637,44.754
b580,3b,4w,cand,sarc_linear_q4gsw_coopmat_t128x128k16g44s16m8fli_texture3d_texture2d_half,2048,1024,3072,0.3298,39.071
b580,3b,4w,cand,sarc_linear_q4gsw_coopmat_t128x128k16g44s16m8fli_texture3d_texture2d_half,2048,1024,3072,0.3248,39.665
b580,3b,4w,cand,sarc_linear_q4gsw_coopmat_t128x128k16g44s16m8fli_texture3d_texture2d_half,2048,3072,3072,0.8622,44.832
b580,3b,4w,cand,sarc_linear_q4gsw_coopmat_t128x128k16g44s16m8fli_texture3d_texture2d_half,2048,8192,3072,2.2765,45.281
b580,3b,4w,cand,sarc_linear_q4gsw_coopmat_t128x128k16g44s16m8fli_texture3d_texture2d_half,2048,8192,3072,2.2824,45.163
b580,3b,4w,cand,sarc_linear_q4gsw_coopmat_t128x128k16g44s16m8fli_texture3d_texture2d_half,2048,3072,8192,2.3607,43.664
b580,3b,4w,cand,sarc_linear_q4gsw_coopmat_t128x128k16g44s16m8fli_texture3d_texture2d_half,2048,3072,3072,0.8643,44.721
b580,3b,4w,cand,sarc_linear_q4gsw_coopmat_t128x128k16g44s16m8fli_texture3d_texture2d_half,2048,1024,3072,0.3306,38.972
b580,3b,4w,cand,sarc_linear_q4gsw_coopmat_t128x128k16g44s16m8fli_texture3d_texture2d_half,2048,1024,3072,0.3286,39.207
b580,3b,4w,cand,sarc_linear_q4gsw_coopmat_t128x128k16g44s16m8fli_texture3d_texture2d_half,2048,3072,3072,0.8639,44.746
b580,3b,4w,cand,sarc_linear_q4gsw_coopmat_t128x128k16g44s16m8fli_texture3d_texture2d_half,2048,8192,3072,2.2655,45.499
b580,3b,4w,cand,sarc_linear_q4gsw_coopmat_t128x128k16g44s16m8fli_texture3d_texture2d_half,2048,8192,3072,2.2736,45.338
b580,3b,4w,cand,sarc_linear_q4gsw_coopmat_t128x128k16g44s16m8fli_texture3d_texture2d_half,2048,3072,8192,2.3897,43.136
b580,3b,4w,cand,sarc_linear_q4gsw_coopmat_t128x128k16g44s16m8fli_texture3d_texture2d_half,2048,3072,3072,0.8707,44.393
b580,3b,4w,cand,sarc_linear_q4gsw_coopmat_t128x128k16g44s16m8fli_texture3d_texture2d_half,2048,1024,3072,0.3297,39.077
b580,3b,4w,cand,sarc_linear_q4gsw_coopmat_t128x128k16g44s16m8fli_texture3d_texture2d_half,2048,1024,3072,0.3256,39.576
b580,3b,4w,cand,sarc_linear_q4gsw_coopmat_t128x128k16g44s16m8fli_texture3d_texture2d_half,2048,3072,3072,0.8659,44.641
b580,3b,4w,cand,sarc_linear_q4gsw_coopmat_t128x128k16g44s16m8fli_texture3d_texture2d_half,2048,8192,3072,2.2965,44.886
b580,3b,4w,cand,sarc_linear_q4gsw_coopmat_t128x128k16g44s16m8fli_texture3d_texture2d_half,2048,8192,3072,2.2717,45.375
b580,3b,4w,cand,sarc_linear_q4gsw_coopmat_t128x128k16g44s16m8fli_texture3d_texture2d_half,2048,3072,8192,2.3804,43.303
b580,3b,4w,cand,sarc_linear_q4gsw_coopmat_t128x128k16g44s16m8fli_texture3d_texture2d_half,2048,3072,3072,0.8663,44.619
b580,3b,4w,cand,sarc_linear_q4gsw_coopmat_t128x128k16g44s16m8fli_texture3d_texture2d_half,2048,1024,3072,0.3338,38.602
b580,3b,4w,cand,sarc_linear_q4gsw_coopmat_t128x128k16g44s16m8fli_texture3d_texture2d_half,2048,1024,3072,0.3296,39.089
b580,3b,4w,cand,sarc_linear_q4gsw_coopmat_t128x128k16g44s16m8fli_texture3d_texture2d_half,2048,3072,3072,0.8628,44.802
b580,3b,4w,cand,sarc_linear_q4gsw_coopmat_t128x128k16g44s16m8fli_texture3d_texture2d_half,2048,8192,3072,2.2768,45.274
b580,3b,4w,cand,sarc_linear_q4gsw_coopmat_t128x128k16g44s16m8fli_texture3d_texture2d_half,2048,8192,3072,2.3045,44.729
b580,3b,4w,cand,sarc_linear_q4gsw_coopmat_t128x128k16g44s16m8fli_texture3d_texture2d_half,2048,3072,8192,2.382,43.274
b580,3b,4w,cand,sarc_linear_q4gsw_coopmat_t128x128k16g44s16m8fli_texture3d_texture2d_half,2048,3072,3072,0.8647,44.703
b580,3b,4w,cand,sarc_linear_q4gsw_coopmat_t128x128k16g44s16m8fli_texture3d_texture2d_half,2048,1024,3072,0.3297,39.083
b580,3b,4w,cand,sarc_linear_q4gsw_coopmat_t128x128k16g44s16m8fli_texture3d_texture2d_half,2048,1024,3072,0.3264,39.475
b580,3b,4w,cand,sarc_linear_q4gsw_coopmat_t128x128k16g44s16m8fli_texture3d_texture2d_half,2048,3072,3072,0.8642,44.727
b580,3b,4w,cand,sarc_linear_q4gsw_coopmat_t128x128k16g44s16m8fli_texture3d_texture2d_half,2048,8192,3072,2.2812,45.186
b580,3b,4w,cand,sarc_linear_q4gsw_coopmat_t128x128k16g44s16m8fli_texture3d_texture2d_half,2048,8192,3072,2.2651,45.507
b580,3b,4w,cand,sarc_linear_q4gsw_coopmat_t128x128k16g44s16m8fli_texture3d_texture2d_half,2048,3072,8192,2.429,42.436
b580,3b,4w,cand,sarc_linear_q4gsw_coopmat_t128x128k16g44s16m8fli_texture3d_texture2d_half,2048,3072,3072,0.8641,44.735
b580,3b,4w,cand,sarc_linear_q4gsw_coopmat_t128x128k16g44s16m8fli_texture3d_texture2d_half,2048,1024,3072,0.3477,37.061
b580,3b,4w,cand,sarc_linear_q4gsw_coopmat_t128x128k16g44s16m8fli_texture3d_texture2d_half,2048,1024,3072,0.3257,39.557
b580,3b,4w,cand,sarc_linear_q4gsw_coopmat_t128x128k16g44s16m8fli_texture3d_texture2d_half,2048,3072,3072,0.8651,44.684
b580,3b,4w,cand,sarc_linear_q4gsw_coopmat_t128x128k16g44s16m8fli_texture3d_texture2d_half,2048,8192,3072,2.2689,45.432
b580,3b,4w,cand,sarc_linear_q4gsw_coopmat_t128x128k16g44s16m8fli_texture3d_texture2d_half,2048,8192,3072,2.2639,45.531
b580,3b,4w,cand,sarc_linear_q4gsw_coopmat_t128x128k16g44s16m8fli_texture3d_texture2d_half,2048,3072,8192,2.3739,43.423
b580,3b,4w,cand,sarc_linear_q4gsw_coopmat_t128x128k16g44s16m8fli_texture3d_texture2d_half,2048,3072,3072,0.8852,43.665
b580,3b,4w,cand,sarc_linear_q4gsw_coopmat_t128x128k16g44s16m8fli_texture3d_texture2d_half,2048,1024,3072,0.3323,38.771
b580,3b,4w,cand,sarc_linear_q4gsw_coopmat_t128x128k16g44s16m8fli_texture3d_texture2d_half,2048,1024,3072,0.3286,39.213
b580,3b,4w,cand,sarc_linear_q4gsw_coopmat_t128x128k16g44s16m8fli_texture3d_texture2d_half,2048,3072,3072,0.8807,43.89
b580,3b,4w,cand,sarc_linear_q4gsw_coopmat_t128x128k16g44s16m8fli_texture3d_texture2d_half,2048,8192,3072,2.2838,45.135
b580,3b,4w,cand,sarc_linear_q4gsw_coopmat_t128x128k16g44s16m8fli_texture3d_texture2d_half,2048,8192,3072,2.2826,45.158
b580,3b,4w,cand,sarc_linear_q4gsw_coopmat_t128x128k16g44s16m8fli_texture3d_texture2d_half,2048,3072,8192,2.3583,43.71
b580,3b,4w,cand,sarc_linear_q4gsw_coopmat_t128x128k16g44s16m8fli_texture3d_texture2d_half,2048,3072,3072,0.8934,43.266
b580,3b,4w,cand,sarc_linear_q4gsw_coopmat_t128x128k16g44s16m8fli_texture3d_texture2d_half,2048,1024,3072,0.3291,39.157
b580,3b,4w,cand,sarc_linear_q4gsw_coopmat_t128x128k16g44s16m8fli_texture3d_texture2d_half,2048,1024,3072,0.3262,39.5
b580,3b,4w,cand,sarc_linear_q4gsw_coopmat_t128x128k16g44s16m8fli_texture3d_texture2d_half,2048,3072,3072,0.8709,44.382
b580,3b,4w,cand,sarc_linear_q4gsw_coopmat_t128x128k16g44s16m8fli_texture3d_texture2d_half,2048,8192,3072,2.2749,45.311
b580,3b,4w,cand,sarc_linear_q4gsw_coopmat_t128x128k16g44s16m8fli_texture3d_texture2d_half,2048,8192,3072,2.2696,45.416
b580,3b,4w,cand,sarc_linear_q4gsw_coopmat_t128x128k16g44s16m8fli_texture3d_texture2d_half,2048,3072,8192,2.3839,43.24
b580,3b,4w,cand,sarc_linear_q4gsw_coopmat_t128x128k16g44s16m8fli_texture3d_texture2d_half,2048,3072,3072,0.8665,44.611
b580,3b,4w,cand,sarc_linear_q4gsw_coopmat_t128x128k16g44s16m8fli_texture3d_texture2d_half,2048,1024,3072,0.3299,39.052
b580,3b,4w,cand,sarc_linear_q4gsw_coopmat_t128x128k16g44s16m8fli_texture3d_texture2d_half,2048,1024,3072,0.3451,37.34
b580,3b,4w,cand,sarc_linear_q4gsw_coopmat_t128x128k16g44s16m8fli_texture3d_texture2d_half,2048,3072,3072,0.8635,44.767
b580,3b,4w,cand,sarc_linear_q4gsw_coopmat_t128x128k16g44s16m8fli_texture3d_texture2d_half,2048,8192,3072,2.2855,45.102
b580,3b,4w,cand,sarc_linear_q4gsw_coopmat_t128x128k16g44s16m8fli_texture3d_texture2d_half,2048,8192,3072,2.2899,45.014
b580,3b,4w,cand,sarc_linear_q4gsw_coopmat_t128x128k16g44s16m8fli_texture3d_texture2d_half,2048,3072,8192,2.39,43.129
b580,3b,4w,parent,sarc_linear_q4gsw_coopmat_t128x128k16g44s16m8fli_texture3d_texture2d_half,2048,3072,3072,0.8551,45.203
b580,3b,4w,parent,sarc_linear_q4gsw_coopmat_t128x128k16g44s16m8fli_texture3d_texture2d_half,2048,1024,3072,0.3268,39.431
b580,3b,4w,parent,sarc_linear_q4gsw_coopmat_t128x128k16g44s16m8fli_texture3d_texture2d_half,2048,1024,3072,0.3404,37.847
b580,3b,4w,parent,sarc_linear_q4gsw_coopmat_t128x128k16g44s16m8fli_texture3d_texture2d_half,2048,3072,3072,0.8478,45.596
b580,3b,4w,parent,sarc_linear_q4gsw_coopmat_t128x128k16g44s16m8fli_texture3d_texture2d_half,2048,8192,3072,2.2316,46.191
b580,3b,4w,parent,sarc_linear_q4gsw_coopmat_t128x128k16g44s16m8fli_texture3d_texture2d_half,2048,8192,3072,2.2416,45.984
b580,3b,4w,parent,sarc_linear_q4gsw_coopmat_t128x128k16g44s16m8fli_texture3d_texture2d_half,2048,3072,8192,2.3421,44.012
b580,3b,4w,parent,sarc_linear_q4gsw_coopmat_t128x128k16g44s16m8fli_texture3d_texture2d_half,2048,3072,3072,0.859,44.998
b580,3b,4w,parent,sarc_linear_q4gsw_coopmat_t128x128k16g44s16m8fli_texture3d_texture2d_half,2048,1024,3072,0.3253,39.614
b580,3b,4w,parent,sarc_linear_q4gsw_coopmat_t128x128k16g44s16m8fli_texture3d_texture2d_half,2048,1024,3072,0.3211,40.127
b580,3b,4w,parent,sarc_linear_q4gsw_coopmat_t128x128k16g44s16m8fli_texture3d_texture2d_half,2048,3072,3072,0.8515,45.396
b580,3b,4w,parent,sarc_linear_q4gsw_coopmat_t128x128k16g44s16m8fli_texture3d_texture2d_half,2048,8192,3072,2.2379,46.06
b580,3b,4w,parent,sarc_linear_q4gsw_coopmat_t128x128k16g44s16m8fli_texture3d_texture2d_half,2048,8192,3072,2.2523,45.767
b580,3b,4w,parent,sarc_linear_q4gsw_coopmat_t128x128k16g44s16m8fli_texture3d_texture2d_half,2048,3072,8192,2.3317,44.208
b580,3b,4w,parent,sarc_linear_q4gsw_coopmat_t128x128k16g44s16m8fli_texture3d_texture2d_half,2048,3072,3072,0.8497,45.493
b580,3b,4w,parent,sarc_linear_q4gsw_coopmat_t128x128k16g44s16m8fli_texture3d_texture2d_half,2048,1024,3072,0.3276,39.331
b580,3b,4w,parent,sarc_linear_q4gsw_coopmat_t128x128k16g44s16m8fli_texture3d_texture2d_half,2048,1024,3072,0.3216,40.069
b580,3b,4w,parent,sarc_linear_q4gsw_coopmat_t128x128k16g44s16m8fli_texture3d_texture2d_half,2048,3072,3072,0.848,45.585
b580,3b,4w,parent,sarc_linear_q4gsw_coopmat_t128x128k16g44s16m8fli_texture3d_texture2d_half,2048,8192,3072,2.2684,45.44
b580,3b,4w,parent,sarc_linear_q4gsw_coopmat_t128x128k16g44s16m8fli_texture3d_texture2d_half,2048,8192,3072,2.299,44.837
b580,3b,4w,parent,sarc_linear_q4gsw_coopmat_t128x128k16g44s16m8fli_texture3d_texture2d_half,2048,3072,8192,2.3548,43.774
b580,3b,4w,parent,sarc_linear_q4gsw_coopmat_t128x128k16g44s16m8fli_texture3d_texture2d_half,2048,3072,3072,0.8856,43.647
b580,3b,4w,parent,sarc_linear_q4gsw_coopmat_t128x128k16g44s16m8fli_texture3d_texture2d_half,2048,1024,3072,0.3273,39.362
b580,3b,4w,parent,sarc_linear_q4gsw_coopmat_t128x128k16g44s16m8fli_texture3d_texture2d_half,2048,1024,3072,0.3208,40.166
b580,3b,4w,parent,sarc_linear_q4gsw_coopmat_t128x128k16g44s16m8fli_texture3d_texture2d_half,2048,3072,3072,0.8492,45.521
b580,3b,4w,parent,sarc_linear_q4gsw_coopmat_t128x128k16g44s16m8fli_texture3d_texture2d_half,2048,8192,3072,2.2552,45.707
b580,3b,4w,parent,sarc_linear_q4gsw_coopmat_t128x128k16g44s16m8fli_texture3d_texture2d_half,2048,8192,3072,2.2577,45.657
b580,3b,4w,parent,sarc_linear_q4gsw_coopmat_t128x128k16g44s16m8fli_texture3d_texture2d_half,2048,3072,8192,2.3535,43.799
b580,3b,4w,parent,sarc_linear_q4gsw_coopmat_t128x128k16g44s16m8fli_texture3d_texture2d_half,2048,3072,3072,0.8712,44.372
b580,3b,4w,parent,sarc_linear_q4gsw_coopmat_t128x128k16g44s16m8fli_texture3d_texture2d_half,2048,1024,3072,0.3244,39.716
b580,3b,4w,parent,sarc_linear_q4gsw_coopmat_t128x128k16g44s16m8fli_texture3d_texture2d_half,2048,1024,3072,0.3205,40.199
b580,3b,4w,parent,sarc_linear_q4gsw_coopmat_t128x128k16g44s16m8fli_texture3d_texture2d_half,2048,3072,3072,0.8483,45.566
b580,3b,4w,parent,sarc_linear_q4gsw_coopmat_t128x128k16g44s16m8fli_texture3d_texture2d_half,2048,8192,3072,2.2634,45.543
b580,3b,4w,parent,sarc_linear_q4gsw_coopmat_t128x128k16g44s16m8fli_texture3d_texture2d_half,2048,8192,3072,2.2567,45.676
b580,3b,4w,parent,sarc_linear_q4gsw_coopmat_t128x128k16g44s16m8fli_texture3d_texture2d_half,2048,3072,8192,2.3448,43.961
b580,3b,4w,parent,sarc_linear_q4gsw_coopmat_t128x128k16g44s16m8fli_texture3d_texture2d_half,2048,3072,3072,0.8667,44.601
b580,3b,4w,parent,sarc_linear_q4gsw_coopmat_t128x128k16g44s16m8fli_texture3d_texture2d_half,2048,1024,3072,0.326,39.519
b580,3b,4w,parent,sarc_linear_q4gsw_coopmat_t128x128k16g44s16m8fli_texture3d_texture2d_half,2048,1024,3072,0.3209,40.147
b580,3b,4w,parent,sarc_linear_q4gsw_coopmat_t128x128k16g44s16m8fli_texture3d_texture2d_half,2048,3072,3072,0.8502,45.465
b580,3b,4w,parent,sarc_linear_q4gsw_coopmat_t128x128k16g44s16m8fli_texture3d_texture2d_half,2048,8192,3072,2.2784,45.241
b580,3b,4w,parent,sarc_linear_q4gsw_coopmat_t128x128k16g44s16m8fli_texture3d_texture2d_half,2048,8192,3072,2.2536,45.739
b580,3b,4w,parent,sarc_linear_q4gsw_coopmat_t128x128k16g44s16m8fli_texture3d_texture2d_half,2048,3072,8192,2.3528,43.81
b580,3b,4w,parent,sarc_linear_q4gsw_coopmat_t128x128k16g44s16m8fli_texture3d_texture2d_half,2048,3072,3072,0.8583,45.038
b580,3b,4w,parent,sarc_linear_q4gsw_coopmat_t128x128k16g44s16m8fli_texture3d_texture2d_half,2048,1024,3072,0.3277,39.325
b580,3b,4w,parent,sarc_linear_q4gsw_coopmat_t128x128k16g44s16m8fli_texture3d_texture2d_half,2048,1024,3072,0.3216,40.063
b580,3b,4w,parent,sarc_linear_q4gsw_coopmat_t128x128k16g44s16m8fli_texture3d_texture2d_half,2048,3072,3072,0.8483,45.566
b580,3b,4w,parent,sarc_linear_q4gsw_coopmat_t128x128k16g44s16m8fli_texture3d_texture2d_half,2048,8192,3072,2.2706,45.397
b580,3b,4w,parent,sarc_linear_q4gsw_coopmat_t128x128k16g44s16m8fli_texture3d_texture2d_half,2048,8192,3072,2.2322,46.179
b580,3b,4w,parent,sarc_linear_q4gsw_coopmat_t128x128k16g44s16m8fli_texture3d_texture2d_half,2048,3072,8192,2.3506,43.852
b580,3b,4w,parent,sarc_linear_q4gsw_coopmat_t128x128k16g44s16m8fli_texture3d_texture2d_half,2048,3072,3072,0.8539,45.269
b580,3b,4w,parent,sarc_linear_q4gsw_coopmat_t128x128k16g44s16m8fli_texture3d_texture2d_half,2048,1024,3072,0.3433,37.538
b580,3b,4w,parent,sarc_linear_q4gsw_coopmat_t128x128k16g44s16m8fli_texture3d_texture2d_half,2048,1024,3072,0.3213,40.101
b580,3b,4w,parent,sarc_linear_q4gsw_coopmat_t128x128k16g44s16m8fli_texture3d_texture2d_half,2048,3072,3072,0.8758,44.137
b580,3b,4w,parent,sarc_linear_q4gsw_coopmat_t128x128k16g44s16m8fli_texture3d_texture2d_half,2048,8192,3072,2.2709,45.392
b580,3b,4w,parent,sarc_linear_q4gsw_coopmat_t128x128k16g44s16m8fli_texture3d_texture2d_half,2048,8192,3072,2.259,45.63
b580,3b,4w,parent,sarc_linear_q4gsw_coopmat_t128x128k16g44s16m8fli_texture3d_texture2d_half,2048,3072,8192,2.3518,43.831
b580,3b,4w,parent,sarc_linear_q4gsw_coopmat_t128x128k16g44s16m8fli_texture3d_texture2d_half,2048,3072,3072,0.855,45.208
b580,3b,4w,parent,sarc_linear_q4gsw_coopmat_t128x128k16g44s16m8fli_texture3d_texture2d_half,2048,1024,3072,0.345,37.345
b580,3b,4w,parent,sarc_linear_q4gsw_coopmat_t128x128k16g44s16m8fli_texture3d_texture2d_half,2048,1024,3072,0.3216,40.069
b580,3b,4w,parent,sarc_linear_q4gsw_coopmat_t128x128k16g44s16m8fli_texture3d_texture2d_half,2048,3072,3072,0.856,45.159
b580,3b,4w,parent,sarc_linear_q4gsw_coopmat_t128x128k16g44s16m8fli_texture3d_texture2d_half,2048,8192,3072,2.245,45.914
b580,3b,4w,parent,sarc_linear_q4gsw_coopmat_t128x128k16g44s16m8fli_texture3d_texture2d_half,2048,8192,3072,2.2288,46.249
b580,3b,4w,parent,sarc_linear_q4gsw_coopmat_t128x128k16g44s16m8fli_texture3d_texture2d_half,2048,3072,8192,2.3579,43.717
b580,3b,4w,parent,sarc_linear_q4gsw_coopmat_t128x128k16g44s16m8fli_texture3d_texture2d_half,2048,3072,3072,0.8534,45.294
b580,3b,4w,parent,sarc_linear_q4gsw_coopmat_t128x128k16g44s16m8fli_texture3d_texture2d_half,2048,1024,3072,0.3227,39.933
b580,3b,4w,parent,sarc_linear_q4gsw_coopmat_t128x128k16g44s16m8fli_texture3d_texture2d_half,2048,1024,3072,0.3412,37.767
b580,3b,4w,parent,sarc_linear_q4gsw_coopmat_t128x128k16g44s16m8fli_texture3d_texture2d_half,2048,3072,3072,0.8518,45.382
b580,3b,4w,parent,sarc_linear_q4gsw_coopmat_t128x128k16g44s16m8fli_texture3d_texture2d_half,2048,8192,3072,2.2594,45.622
b580,3b,4w,parent,sarc_linear_q4gsw_coopmat_t128x128k16g44s16m8fli_texture3d_texture2d_half,2048,8192,3072,2.2461,45.893
b580,3b,4w,parent,sarc_linear_q4gsw_coopmat_t128x128k16g44s16m8fli_texture3d_texture2d_half,2048,3072,8192,2.3709,43.476
b580,3b,4w,parent,sarc_linear_q4gsw_coopmat_t128x128k16g44s16m8fli_texture3d_texture2d_half,2048,3072,3072,0.8538,45.272
b580,3b,4w,parent,sarc_linear_q4gsw_coopmat_t128x128k16g44s16m8fli_texture3d_texture2d_half,2048,1024,3072,0.3257,39.564
b580,3b,4w,parent,sarc_linear_q4gsw_coopmat_t128x128k16g44s16m8fli_texture3d_texture2d_half,2048,1024,3072,0.3398,37.917
b580,3b,4w,parent,sarc_linear_q4gsw_coopmat_t128x128k16g44s16m8fli_texture3d_texture2d_half,2048,3072,3072,0.8536,45.285
b580,3b,4w,parent,sarc_linear_q4gsw_coopmat_t128x128k16g44s16m8fli_texture3d_texture2d_half,2048,8192,3072,2.2976,44.864
b580,3b,4w,parent,sarc_linear_q4gsw_coopmat_t128x128k16g44s16m8fli_texture3d_texture2d_half,2048,8192,3072,2.2716,45.377
b580,3b,4w,parent,sarc_linear_q4gsw_coopmat_t128x128k16g44s16m8fli_texture3d_texture2d_half,2048,3072,8192,2.3434,43.986
b580,3b,4w,parent,sarc_linear_q4gsw_coopmat_t128x128k16g44s16m8fli_texture3d_texture2d_half,2048,3072,3072,0.8559,45.164
b580,3b,4w,parent,sarc_linear_q4gsw_coopmat_t128x128k16g44s16m8fli_texture3d_texture2d_half,2048,1024,3072,0.328,39.288
b580,3b,4w,parent,sarc_linear_q4gsw_coopmat_t128x128k16g44s16m8fli_texture3d_texture2d_half,2048,1024,3072,0.3208,40.16
b580,3b,4w,parent,sarc_linear_q4gsw_coopmat_t128x128k16g44s16m8fli_texture3d_texture2d_half,2048,3072,3072,0.8517,45.388
b580,3b,4w,parent,sarc_linear_q4gsw_coopmat_t128x128k16g44s16m8fli_texture3d_texture2d_half,2048,8192,3072,2.2645,45.52
b580,3b,4w,parent,sarc_linear_q4gsw_coopmat_t128x128k16g44s16m8fli_texture3d_texture2d_half,2048,8192,3072,2.2686,45.437
b580,3b,4w,parent,sarc_linear_q4gsw_coopmat_t128x128k16g44s16m8fli_texture3d_texture2d_half,2048,3072,8192,2.3384,44.08
b580,3b,4w,parent,sarc_linear_q4gsw_coopmat_t128x128k16g44s16m8fli_texture3d_texture2d_half,2048,3072,3072,0.8696,44.449
b580,3b,4w,parent,sarc_linear_q4gsw_coopmat_t128x128k16g44s16m8fli_texture3d_texture2d_half,2048,1024,3072,0.329,39.17
b580,3b,4w,parent,sarc_linear_q4gsw_coopmat_t128x128k16g44s16m8fli_texture3d_texture2d_half,2048,1024,3072,0.3234,39.837
b580,3b,4w,parent,sarc_linear_q4gsw_coopmat_t128x128k16g44s16m8fli_texture3d_texture2d_half,2048,3072,3072,0.853,45.316
b580,3b,4w,parent,sarc_linear_q4gsw_coopmat_t128x128k16g44s16m8fli_texture3d_texture2d_half,2048,8192,3072,2.2498,45.816
b580,3b,4w,parent,sarc_linear_q4gsw_coopmat_t128x128k16g44s16m8fli_texture3d_texture2d_half,2048,8192,3072,2.2456,45.902
b580,3b,4w,parent,sarc_linear_q4gsw_coopmat_t128x128k16g44s16m8fli_texture3d_texture2d_half,2048,3072,8192,2.3285,44.269
b580,3b,4w,parent,sarc_linear_q4gsw_coopmat_t128x128k16g44s16m8fli_texture3d_texture2d_half,2048,3072,3072,0.8609,44.9
b580,3b,4w,parent,sarc_linear_q4gsw_coopmat_t128x128k16g44s16m8fli_texture3d_texture2d_half,2048,1024,3072,0.3259,39.532
b580,3b,4w,parent,sarc_linear_q4gsw_coopmat_t128x128k16g44s16m8fli_texture3d_texture2d_half,2048,1024,3072,0.3222,39.991
b580,3b,4w,parent,sarc_linear_q4gsw_coopmat_t128x128k16g44s16m8fli_texture3d_texture2d_half,2048,3072,3072,0.8557,45.173
b580,3b,4w,parent,sarc_linear_q4gsw_coopmat_t128x128k16g44s16m8fli_texture3d_texture2d_half,2048,8192,3072,2.2689,45.431
b580,3b,4w,parent,sarc_linear_q4gsw_coopmat_t128x128k16g44s16m8fli_texture3d_texture2d_half,2048,8192,3072,2.2817,45.177
b580,3b,4w,parent,sarc_linear_q4gsw_coopmat_t128x128k16g44s16m8fli_texture3d_texture2d_half,2048,3072,8192,2.3727,43.444
b580,3b,4w,parent,sarc_linear_q4gsw_coopmat_t128x128k16g44s16m8fli_texture3d_texture2d_half,2048,3072,3072,0.8708,44.388
b580,3b,4w,parent,sarc_linear_q4gsw_coopmat_t128x128k16g44s16m8fli_texture3d_texture2d_half,2048,1024,3072,0.3272,39.375
b580,3b,4w,parent,sarc_linear_q4gsw_coopmat_t128x128k16g44s16m8fli_texture3d_texture2d_half,2048,1024,3072,0.3233,39.856
b580,3b,4w,parent,sarc_linear_q4gsw_coopmat_t128x128k16g44s16m8fli_texture3d_texture2d_half,2048,3072,3072,0.8537,45.28
b580,3b,4w,parent,sarc_linear_q4gsw_coopmat_t128x128k16g44s16m8fli_texture3d_texture2d_half,2048,8192,3072,2.2813,45.185
b580,3b,4w,parent,sarc_linear_q4gsw_coopmat_t128x128k16g44s16m8fli_texture3d_texture2d_half,2048,8192,3072,2.2838,45.135
b580,3b,4w,parent,sarc_linear_q4gsw_coopmat_t128x128k16g44s16m8fli_texture3d_texture2d_half,2048,3072,8192,2.357,43.734
b580,3b,4w,parent,sarc_linear_q4gsw_coopmat_t128x128k16g44s16m8fli_texture3d_texture2d_half,2048,3072,3072,0.881,43.877
b580,3b,4w,parent,sarc_linear_q4gsw_coopmat_t128x128k16g44s16m8fli_texture3d_texture2d_half,2048,1024,3072,0.3263,39.488
b580,3b,4w,parent,sarc_linear_q4gsw_coopmat_t128x128k16g44s16m8fli_texture3d_texture2d_half,2048,1024,3072,0.323,39.888
b580,3b,4w,parent,sarc_linear_q4gsw_coopmat_t128x128k16g44s16m8fli_texture3d_texture2d_half,2048,3072,3072,0.8699,44.435
b580,3b,4w,parent,sarc_linear_q4gsw_coopmat_t128x128k16g44s16m8fli_texture3d_texture2d_half,2048,8192,3072,2.2952,44.911
b580,3b,4w,parent,sarc_linear_q4gsw_coopmat_t128x128k16g44s16m8fli_texture3d_texture2d_half,2048,8192,3072,2.2424,45.968
b580,3b,4w,parent,sarc_linear_q4gsw_coopmat_t128x128k16g44s16m8fli_texture3d_texture2d_half,2048,3072,8192,2.3537,43.795
b580,3b,4w,parent,sarc_linear_q4gsw_coopmat_t128x128k16g44s16m8fli_texture3d_texture2d_half,2048,3072,3072,0.8734,44.256
b580,3b,4w,parent,sarc_linear_q4gsw_coopmat_t128x128k16g44s16m8fli_texture3d_texture2d_half,2048,1024,3072,0.3272,39.381
b580,3b,4w,parent,sarc_linear_q4gsw_coopmat_t128x128k16g44s16m8fli_texture3d_texture2d_half,2048,1024,3072,0.3232,39.863
b580,3b,4w,parent,sarc_linear_q4gsw_coopmat_t128x128k16g44s16m8fli_texture3d_texture2d_half,2048,3072,3072,0.8541,45.258
b580,3b,4w,parent,sarc_linear_q4gsw_coopmat_t128x128k16g44s16m8fli_texture3d_texture2d_half,2048,8192,3072,2.2736,45.336
b580,3b,4w,parent,sarc_linear_q4gsw_coopmat_t128x128k16g44s16m8fli_texture3d_texture2d_half,2048,8192,3072,2.2223,46.384
b580,3b,4w,parent,sarc_linear_q4gsw_coopmat_t128x128k16g44s16m8fli_texture3d_texture2d_half,2048,3072,8192,2.362,43.641
b580,3b,4w,parent,sarc_linear_q4gsw_coopmat_t128x128k16g44s16m8fli_texture3d_texture2d_half,2048,3072,3072,0.8729,44.285
b580,3b,4w,parent,sarc_linear_q4gsw_coopmat_t128x128k16g44s16m8fli_texture3d_texture2d_half,2048,1024,3072,0.3252,39.627
b580,3b,4w,parent,sarc_linear_q4gsw_coopmat_t128x128k16g44s16m8fli_texture3d_texture2d_half,2048,1024,3072,0.3238,39.799
b580,3b,4w,parent,sarc_linear_q4gsw_coopmat_t128x128k16g44s16m8fli_texture3d_texture2d_half,2048,3072,3072,0.8558,45.167
b580,3b,4w,parent,sarc_linear_q4gsw_coopmat_t128x128k16g44s16m8fli_texture3d_texture2d_half,2048,8192,3072,2.2869,45.074
b580,3b,4w,parent,sarc_linear_q4gsw_coopmat_t128x128k16g44s16m8fli_texture3d_texture2d_half,2048,8192,3072,2.2734,45.341
b580,3b,4w,parent,sarc_linear_q4gsw_coopmat_t128x128k16g44s16m8fli_texture3d_texture2d_half,2048,3072,8192,2.3667,43.554
b580,3b,4w,parent,sarc_linear_q4gsw_coopmat_t128x128k16g44s16m8fli_texture3d_texture2d_half,2048,3072,3072,0.8561,45.151
b580,3b,4w,parent,sarc_linear_q4gsw_coopmat_t128x128k16g44s16m8fli_texture3d_texture2d_half,2048,1024,3072,0.3271,39.394
b580,3b,4w,parent,sarc_linear_q4gsw_coopmat_t128x128k16g44s16m8fli_texture3d_texture2d_half,2048,1024,3072,0.3248,39.665
b580,3b,4w,parent,sarc_linear_q4gsw_coopmat_t128x128k16g44s16m8fli_texture3d_texture2d_half,2048,3072,3072,0.8574,45.085
b580,3b,4w,parent,sarc_linear_q4gsw_coopmat_t128x128k16g44s16m8fli_texture3d_texture2d_half,2048,8192,3072,2.3133,44.559
b580,3b,4w,parent,sarc_linear_q4gsw_coopmat_t128x128k16g44s16m8fli_texture3d_texture2d_half,2048,8192,3072,2.2511,45.791
b580,3b,4w,parent,sarc_linear_q4gsw_coopmat_t128x128k16g44s16m8fli_texture3d_texture2d_half,2048,3072,8192,2.363,43.622
b580,3b,4w,parent,sarc_linear_q4gsw_coopmat_t128x128k16g44s16m8fli_texture3d_texture2d_half,2048,3072,3072,0.8621,44.84
b580,3b,4w,parent,sarc_linear_q4gsw_coopmat_t128x128k16g44s16m8fli_texture3d_texture2d_half,2048,1024,3072,0.3283,39.244
b580,3b,4w,parent,sarc_linear_q4gsw_coopmat_t128x128k16g44s16m8fli_texture3d_texture2d_half,2048,1024,3072,0.3232,39.869
b580,3b,4w,parent,sarc_linear_q4gsw_coopmat_t128x128k16g44s16m8fli_texture3d_texture2d_half,2048,3072,3072,0.8743,44.211
b580,3b,4w,parent,sarc_linear_q4gsw_coopmat_t128x128k16g44s16m8fli_texture3d_texture2d_half,2048,8192,3072,2.2776,45.258
b580,3b,4w,parent,sarc_linear_q4gsw_coopmat_t128x128k16g44s16m8fli_texture3d_texture2d_half,2048,8192,3072,2.2524,45.764
b580,3b,4w,parent,sarc_linear_q4gsw_coopmat_t128x128k16g44s16m8fli_texture3d_texture2d_half,2048,3072,8192,2.363,43.622
b580,3b,4w,parent,sarc_linear_q4gsw_coopmat_t128x128k16g44s16m8fli_texture3d_texture2d_half,2048,3072,3072,0.8564,45.137
b580,3b,4w,parent,sarc_linear_q4gsw_coopmat_t128x128k16g44s16m8fli_texture3d_texture2d_half,2048,1024,3072,0.3505,36.764
b580,3b,4w,parent,sarc_linear_q4gsw_coopmat_t128x128k16g44s16m8fli_texture3d_texture2d_half,2048,1024,3072,0.3265,39.469
b580,3b,4w,parent,sarc_linear_q4gsw_coopmat_t128x128k16g44s16m8fli_texture3d_texture2d_half,2048,3072,3072,0.8622,44.832
b580,3b,4w,parent,sarc_linear_q4gsw_coopmat_t128x128k16g44s16m8fli_texture3d_texture2d_half,2048,8192,3072,2.2556,45.699
b580,3b,4w,parent,sarc_linear_q4gsw_coopmat_t128x128k16g44s16m8fli_texture3d_texture2d_half,2048,8192,3072,2.2805,45.2
b580,3b,4w,parent,sarc_linear_q4gsw_coopmat_t128x128k16g44s16m8fli_texture3d_texture2d_half,2048,3072,8192,2.3776,43.354
b580,3b,4w,parent,sarc_linear_q4gsw_coopmat_t128x128k16g44s16m8fli_texture3d_texture2d_half,2048,3072,3072,0.8669,44.59
b580,3b,4w,parent,sarc_linear_q4gsw_coopmat_t128x128k16g44s16m8fli_texture3d_texture2d_half,2048,1024,3072,0.3451,37.34
b580,3b,4w,parent,sarc_linear_q4gsw_coopmat_t128x128k16g44s16m8fli_texture3d_texture2d_half,2048,1024,3072,0.3244,39.722
b580,3b,4w,parent,sarc_linear_q4gsw_coopmat_t128x128k16g44s16m8fli_texture3d_texture2d_half,2048,3072,3072,0.8613,44.881
b580,3b,4w,parent,sarc_linear_q4gsw_coopmat_t128x128k16g44s16m8fli_texture3d_texture2d_half,2048,8192,3072,2.289,45.032
b580,3b,4w,parent,sarc_linear_q4gsw_coopmat_t128x128k16g44s16m8fli_texture3d_texture2d_half,2048,8192,3072,2.2689,45.431
b580,3b,4w,parent,sarc_linear_q4gsw_coopmat_t128x128k16g44s16m8fli_texture3d_texture2d_half,2048,3072,8192,2.4045,42.869
b580,3b,4w,parent,sarc_linear_q4gsw_coopmat_t128x128k16g44s16m8fli_texture3d_texture2d_half,2048,3072,3072,0.8626,44.81
b580,3b,4w,parent,sarc_linear_q4gsw_coopmat_t128x128k16g44s16m8fli_texture3d_texture2d_half,2048,1024,3072,0.3286,39.213
b580,3b,4w,parent,sarc_linear_q4gsw_coopmat_t128x128k16g44s16m8fli_texture3d_texture2d_half,2048,1024,3072,0.3417,37.703
b580,3b,4w,parent,sarc_linear_q4gsw_coopmat_t128x128k16g44s16m8fli_texture3d_texture2d_half,2048,3072,3072,0.8574,45.085
b580,3b,4w,parent,sarc_linear_q4gsw_coopmat_t128x128k16g44s16m8fli_texture3d_texture2d_half,2048,8192,3072,2.2889,45.034
b580,3b,4w,parent,sarc_linear_q4gsw_coopmat_t128x128k16g44s16m8fli_texture3d_texture2d_half,2048,8192,3072,2.2721,45.367
b580,3b,4w,parent,sarc_linear_q4gsw_coopmat_t128x128k16g44s16m8fli_texture3d_texture2d_half,2048,3072,8192,2.3774,43.358
b580,3b,4w,parent,sarc_linear_q4gsw_coopmat_t128x128k16g44s16m8fli_texture3d_texture2d_half,2048,3072,3072,0.8583,45.038
b580,3b,4w,parent,sarc_linear_q4gsw_coopmat_t128x128k16g44s16m8fli_texture3d_texture2d_half,2048,1024,3072,0.3279,39.294
b580,3b,4w,parent,sarc_linear_q4gsw_coopmat_t128x128k16g44s16m8fli_texture3d_texture2d_half,2048,1024,3072,0.3426,37.606
b580,3b,4w,parent,sarc_linear_q4gsw_coopmat_t128x128k16g44s16m8fli_texture3d_texture2d_half,2048,3072,3072,0.8583,45.036
b580,3b,4w,parent,sarc_linear_q4gsw_coopmat_t128x128k16g44s16m8fli_texture3d_texture2d_half,2048,8192,3072,2.2836,45.138
b580,3b,4w,parent,sarc_linear_q4gsw_coopmat_t128x128k16g44s16m8fli_texture3d_texture2d_half,2048,8192,3072,2.2858,45.095
b580,3b,4w,parent,sarc_linear_q4gsw_coopmat_t128x128k16g44s16m8fli_texture3d_texture2d_half,2048,3072,8192,2.3852,43.216
b580,3b,4w,parent,sarc_linear_q4gsw_coopmat_t128x128k16g44s16m8fli_texture3d_texture2d_half,2048,3072,3072,0.8639,44.746
b580,3b,4w,parent,sarc_linear_q4gsw_coopmat_t128x128k16g44s16m8fli_texture3d_texture2d_half,2048,1024,3072,0.3266,39.456
b580,3b,4w,parent,sarc_linear_q4gsw_coopmat_t128x128k16g44s16m8fli_texture3d_texture2d_half,2048,1024,3072,0.3431,37.549
b580,3b,4w,parent,sarc_linear_q4gsw_coopmat_t128x128k16g44s16m8fli_texture3d_texture2d_half,2048,3072,3072,0.862,44.843
b580,3b,4w,parent,sarc_linear_q4gsw_coopmat_t128x128k16g44s16m8fli_texture3d_texture2d_half,2048,8192,3072,2.2556,45.7
b580,3b,4w,parent,sarc_linear_q4gsw_coopmat_t128x128k16g44s16m8fli_texture3d_texture2d_half,2048,8192,3072,2.2718,45.373
b580,3b,4w,parent,sarc_linear_q4gsw_coopmat_t128x128k16g44s16m8fli_texture3d_texture2d_half,2048,3072,8192,2.3558,43.756
b580,3b,4w,parent,sarc_linear_q4gsw_coopmat_t128x128k16g44s16m8fli_texture3d_texture2d_half,2048,3072,3072,0.8603,44.932
b580,3b,4w,parent,sarc_linear_q4gsw_coopmat_t128x128k16g44s16m8fli_texture3d_texture2d_half,2048,1024,3072,0.332,38.808
b580,3b,4w,parent,sarc_linear_q4gsw_coopmat_t128x128k16g44s16m8fli_texture3d_texture2d_half,2048,1024,3072,0.3255,39.589
b580,3b,4w,parent,sarc_linear_q4gsw_coopmat_t128x128k16g44s16m8fli_texture3d_texture2d_half,2048,3072,3072,0.8635,44.767
b580,3b,4w,parent,sarc_linear_q4gsw_coopmat_t128x128k16g44s16m8fli_texture3d_texture2d_half,2048,8192,3072,2.2576,45.659
b580,3b,4w,parent,sarc_linear_q4gsw_coopmat_t128x128k16g44s16m8fli_texture3d_texture2d_half,2048,8192,3072,2.2735,45.34
b580,3b,4w,parent,sarc_linear_q4gsw_coopmat_t128x128k16g44s16m8fli_texture3d_texture2d_half,2048,3072,8192,2.3772,43.361
b580,3b,4w,parent,sarc_linear_q4gsw_coopmat_t128x128k16g44s16m8fli_texture3d_texture2d_half,2048,3072,3072,0.8615,44.867
b580,3b,4w,parent,sarc_linear_q4gsw_coopmat_t128x128k16g44s16m8fli_texture3d_texture2d_half,2048,1024,3072,0.33,39.04
b580,3b,4w,parent,sarc_linear_q4gsw_coopmat_t128x128k16g44s16m8fli_texture3d_texture2d_half,2048,1024,3072,0.3294,39.12
b580,3b,4w,parent,sarc_linear_q4gsw_coopmat_t128x128k16g44s16m8fli_texture3d_texture2d_half,2048,3072,3072,0.859,45.0
b580,3b,4w,parent,sarc_linear_q4gsw_coopmat_t128x128k16g44s16m8fli_texture3d_texture2d_half,2048,8192,3072,2.2415,45.988
b580,3b,4w,parent,sarc_linear_q4gsw_coopmat_t128x128k16g44s16m8fli_texture3d_texture2d_half,2048,8192,3072,2.2858,45.096
b580,3b,4w,parent,sarc_linear_q4gsw_coopmat_t128x128k16g44s16m8fli_texture3d_texture2d_half,2048,3072,8192,2.3601,43.675
b580,3b,4w,parent,sarc_linear_q4gsw_coopmat_t128x128k16g44s16m8fli_texture3d_texture2d_half,2048,3072,3072,0.8896,43.451
b580,3b,4w,parent,sarc_linear_q4gsw_coopmat_t128x128k16g44s16m8fli_texture3d_texture2d_half,2048,1024,3072,0.3274,39.356
b580,3b,4w,parent,sarc_linear_q4gsw_coopmat_t128x128k16g44s16m8fli_texture3d_texture2d_half,2048,1024,3072,0.3253,39.608
b580,3b,4w,parent,sarc_linear_q4gsw_coopmat_t128x128k16g44s16m8fli_texture3d_texture2d_half,2048,3072,3072,0.8595,44.973
b580,3b,4w,parent,sarc_linear_q4gsw_coopmat_t128x128k16g44s16m8fli_texture3d_texture2d_half,2048,8192,3072,2.2897,45.018
b580,3b,4w,parent,sarc_linear_q4gsw_coopmat_t128x128k16g44s16m8fli_texture3d_texture2d_half,2048,8192,3072,2.2908,44.997
b580,3b,4w,parent,sarc_linear_q4gsw_coopmat_t128x128k16g44s16m8fli_texture3d_texture2d_half,2048,3072,8192,2.3622,43.638
b580,3b,8da4w,cand,sarc_dev_linear_dq8ca_coopmat_zpg_xe2bt_t128x128k64g84s16m8_texture3d_texture2d_half,2048,3072,3072,0.5744,67.297
b580,3b,8da4w,cand,sarc_dev_linear_dq8ca_coopmat_zpg_xe2bt_t128x128k64g84s16m8_texture3d_texture2d_half,2048,1024,3072,0.2455,52.486
b580,3b,8da4w,cand,sarc_dev_linear_dq8ca_coopmat_zpg_xe2bt_t128x128k64g84s16m8_texture3d_texture2d_half,2048,1024,3072,0.2061,62.509
b580,3b,8da4w,cand,sarc_dev_linear_dq8ca_coopmat_zpg_xe2bt_t128x128k64g84s16m8_texture3d_texture2d_half,2048,3072,3072,0.5235,73.834
b580,3b,8da4w,cand,sarc_dev_linear_dq8ca_coopmat_zpg_xe2bt_t128x128k64g84s16m8_texture3d_texture2d_half,2048,8192,3072,1.4804,69.63
b580,3b,8da4w,cand,sarc_dev_linear_dq8ca_coopmat_zpg_xe2bt_t128x128k64g84s16m8_texture3d_texture2d_half,2048,8192,3072,1.4592,70.64
b580,3b,8da4w,cand,sarc_dev_linear_dq8ca_coopmat_zpg_xe2bt_t128x128k64g84s16m8_texture3d_texture2d_half,2048,3072,8192,1.5721,65.569
b580,3b,8da4w,cand,sarc_dev_linear_dq8ca_coopmat_zpg_xe2bt_t128x128k64g84s16m8_texture3d_texture2d_half,2048,3072,3072,0.5241,73.761
b580,3b,8da4w,cand,sarc_dev_linear_dq8ca_coopmat_zpg_xe2bt_t128x128k64g84s16m8_texture3d_texture2d_half,2048,1024,3072,0.2058,62.604
b580,3b,8da4w,cand,sarc_dev_linear_dq8ca_coopmat_zpg_xe2bt_t128x128k64g84s16m8_texture3d_texture2d_half,2048,1024,3072,0.2035,63.308
b580,3b,8da4w,cand,sarc_dev_linear_dq8ca_coopmat_zpg_xe2bt_t128x128k64g84s16m8_texture3d_texture2d_half,2048,3072,3072,0.5293,73.029
b580,3b,8da4w,cand,sarc_dev_linear_dq8ca_coopmat_zpg_xe2bt_t128x128k64g84s16m8_texture3d_texture2d_half,2048,8192,3072,1.4912,69.127
b580,3b,8da4w,cand,sarc_dev_linear_dq8ca_coopmat_zpg_xe2bt_t128x128k64g84s16m8_texture3d_texture2d_half,2048,8192,3072,1.4622,70.494
b580,3b,8da4w,cand,sarc_dev_linear_dq8ca_coopmat_zpg_xe2bt_t128x128k64g84s16m8_texture3d_texture2d_half,2048,3072,8192,1.5515,66.437
b580,3b,8da4w,cand,sarc_dev_linear_dq8ca_coopmat_zpg_xe2bt_t128x128k64g84s16m8_texture3d_texture2d_half,2048,3072,3072,0.5285,73.137
b580,3b,8da4w,cand,sarc_dev_linear_dq8ca_coopmat_zpg_xe2bt_t128x128k64g84s16m8_texture3d_texture2d_half,2048,1024,3072,0.206,62.557
b580,3b,8da4w,cand,sarc_dev_linear_dq8ca_coopmat_zpg_xe2bt_t128x128k64g84s16m8_texture3d_texture2d_half,2048,1024,3072,0.2018,63.846
b580,3b,8da4w,cand,sarc_dev_linear_dq8ca_coopmat_zpg_xe2bt_t128x128k64g84s16m8_texture3d_texture2d_half,2048,3072,3072,0.5292,73.043
b580,3b,8da4w,cand,sarc_dev_linear_dq8ca_coopmat_zpg_xe2bt_t128x128k64g84s16m8_texture3d_texture2d_half,2048,8192,3072,1.4856,69.386
b580,3b,8da4w,cand,sarc_dev_linear_dq8ca_coopmat_zpg_xe2bt_t128x128k64g84s16m8_texture3d_texture2d_half,2048,8192,3072,1.4679,70.222
b580,3b,8da4w,cand,sarc_dev_linear_dq8ca_coopmat_zpg_xe2bt_t128x128k64g84s16m8_texture3d_texture2d_half,2048,3072,8192,1.5597,66.087
b580,3b,8da4w,cand,sarc_dev_linear_dq8ca_coopmat_zpg_xe2bt_t128x128k64g84s16m8_texture3d_texture2d_half,2048,3072,3072,0.5219,74.062
b580,3b,8da4w,cand,sarc_dev_linear_dq8ca_coopmat_zpg_xe2bt_t128x128k64g84s16m8_texture3d_texture2d_half,2048,1024,3072,0.2066,62.352
b580,3b,8da4w,cand,sarc_dev_linear_dq8ca_coopmat_zpg_xe2bt_t128x128k64g84s16m8_texture3d_texture2d_half,2048,1024,3072,0.2039,63.179
b580,3b,8da4w,cand,sarc_dev_linear_dq8ca_coopmat_zpg_xe2bt_t128x128k64g84s16m8_texture3d_texture2d_half,2048,3072,3072,0.5215,74.128
b580,3b,8da4w,cand,sarc_dev_linear_dq8ca_coopmat_zpg_xe2bt_t128x128k64g84s16m8_texture3d_texture2d_half,2048,8192,3072,1.4964,68.887
b580,3b,8da4w,cand,sarc_dev_linear_dq8ca_coopmat_zpg_xe2bt_t128x128k64g84s16m8_texture3d_texture2d_half,2048,8192,3072,1.4614,70.537
b580,3b,8da4w,cand,sarc_dev_linear_dq8ca_coopmat_zpg_xe2bt_t128x128k64g84s16m8_texture3d_texture2d_half,2048,3072,8192,1.5393,66.965
b580,3b,8da4w,cand,sarc_dev_linear_dq8ca_coopmat_zpg_xe2bt_t128x128k64g84s16m8_texture3d_texture2d_half,2048,3072,3072,0.5406,71.498
b580,3b,8da4w,cand,sarc_dev_linear_dq8ca_coopmat_zpg_xe2bt_t128x128k64g84s16m8_texture3d_texture2d_half,2048,1024,3072,0.2065,62.399
b580,3b,8da4w,cand,sarc_dev_linear_dq8ca_coopmat_zpg_xe2bt_t128x128k64g84s16m8_texture3d_texture2d_half,2048,1024,3072,0.2005,64.26
b580,3b,8da4w,cand,sarc_dev_linear_dq8ca_coopmat_zpg_xe2bt_t128x128k64g84s16m8_texture3d_texture2d_half,2048,3072,3072,0.525,73.629
b580,3b,8da4w,cand,sarc_dev_linear_dq8ca_coopmat_zpg_xe2bt_t128x128k64g84s16m8_texture3d_texture2d_half,2048,8192,3072,1.51,68.263
b580,3b,8da4w,cand,sarc_dev_linear_dq8ca_coopmat_zpg_xe2bt_t128x128k64g84s16m8_texture3d_texture2d_half,2048,8192,3072,1.4479,71.19
b580,3b,8da4w,cand,sarc_dev_linear_dq8ca_coopmat_zpg_xe2bt_t128x128k64g84s16m8_texture3d_texture2d_half,2048,3072,8192,1.5767,65.375
b580,3b,8da4w,cand,sarc_dev_linear_dq8ca_coopmat_zpg_xe2bt_t128x128k64g84s16m8_texture3d_texture2d_half,2048,3072,3072,0.526,73.491
b580,3b,8da4w,cand,sarc_dev_linear_dq8ca_coopmat_zpg_xe2bt_t128x128k64g84s16m8_texture3d_texture2d_half,2048,1024,3072,0.2129,60.51
b580,3b,8da4w,cand,sarc_dev_linear_dq8ca_coopmat_zpg_xe2bt_t128x128k64g84s16m8_texture3d_texture2d_half,2048,1024,3072,0.2026,63.584
b580,3b,8da4w,cand,sarc_dev_linear_dq8ca_coopmat_zpg_xe2bt_t128x128k64g84s16m8_texture3d_texture2d_half,2048,3072,3072,0.5249,73.636
b580,3b,8da4w,cand,sarc_dev_linear_dq8ca_coopmat_zpg_xe2bt_t128x128k64g84s16m8_texture3d_texture2d_half,2048,8192,3072,1.4777,69.755
b580,3b,8da4w,cand,sarc_dev_linear_dq8ca_coopmat_zpg_xe2bt_t128x128k64g84s16m8_texture3d_texture2d_half,2048,8192,3072,1.4692,70.16
b580,3b,8da4w,cand,sarc_dev_linear_dq8ca_coopmat_zpg_xe2bt_t128x128k64g84s16m8_texture3d_texture2d_half,2048,3072,8192,1.5614,66.019
b580,3b,8da4w,cand,sarc_dev_linear_dq8ca_coopmat_zpg_xe2bt_t128x128k64g84s16m8_texture3d_texture2d_half,2048,3072,3072,0.5366,72.038
b580,3b,8da4w,cand,sarc_dev_linear_dq8ca_coopmat_zpg_xe2bt_t128x128k64g84s16m8_texture3d_texture2d_half,2048,1024,3072,0.2057,62.651
b580,3b,8da4w,cand,sarc_dev_linear_dq8ca_coopmat_zpg_xe2bt_t128x128k64g84s16m8_texture3d_texture2d_half,2048,1024,3072,0.209,61.654
b580,3b,8da4w,cand,sarc_dev_linear_dq8ca_coopmat_zpg_xe2bt_t128x128k64g84s16m8_texture3d_texture2d_half,2048,3072,3072,0.5276,73.266
b580,3b,8da4w,cand,sarc_dev_linear_dq8ca_coopmat_zpg_xe2bt_t128x128k64g84s16m8_texture3d_texture2d_half,2048,8192,3072,1.5016,68.648
b580,3b,8da4w,cand,sarc_dev_linear_dq8ca_coopmat_zpg_xe2bt_t128x128k64g84s16m8_texture3d_texture2d_half,2048,8192,3072,1.4489,71.142
b580,3b,8da4w,cand,sarc_dev_linear_dq8ca_coopmat_zpg_xe2bt_t128x128k64g84s16m8_texture3d_texture2d_half,2048,3072,8192,1.5788,65.289
b580,3b,8da4w,cand,sarc_dev_linear_dq8ca_coopmat_zpg_xe2bt_t128x128k64g84s16m8_texture3d_texture2d_half,2048,3072,3072,0.5375,71.919
b580,3b,8da4w,cand,sarc_dev_linear_dq8ca_coopmat_zpg_xe2bt_t128x128k64g84s16m8_texture3d_texture2d_half,2048,1024,3072,0.2057,62.636
b580,3b,8da4w,cand,sarc_dev_linear_dq8ca_coopmat_zpg_xe2bt_t128x128k64g84s16m8_texture3d_texture2d_half,2048,1024,3072,0.2036,63.292
b580,3b,8da4w,cand,sarc_dev_linear_dq8ca_coopmat_zpg_xe2bt_t128x128k64g84s16m8_texture3d_texture2d_half,2048,3072,3072,0.5213,74.151
b580,3b,8da4w,cand,sarc_dev_linear_dq8ca_coopmat_zpg_xe2bt_t128x128k64g84s16m8_texture3d_texture2d_half,2048,8192,3072,1.4895,69.202
b580,3b,8da4w,cand,sarc_dev_linear_dq8ca_coopmat_zpg_xe2bt_t128x128k64g84s16m8_texture3d_texture2d_half,2048,8192,3072,1.4453,71.321
b580,3b,8da4w,cand,sarc_dev_linear_dq8ca_coopmat_zpg_xe2bt_t128x128k64g84s16m8_texture3d_texture2d_half,2048,3072,8192,1.528,67.459
b580,3b,8da4w,cand,sarc_dev_linear_dq8ca_coopmat_zpg_xe2bt_t128x128k64g84s16m8_texture3d_texture2d_half,2048,3072,3072,0.5301,72.914
b580,3b,8da4w,cand,sarc_dev_linear_dq8ca_coopmat_zpg_xe2bt_t128x128k64g84s16m8_texture3d_texture2d_half,2048,1024,3072,0.2047,62.954
b580,3b,8da4w,cand,sarc_dev_linear_dq8ca_coopmat_zpg_xe2bt_t128x128k64g84s16m8_texture3d_texture2d_half,2048,1024,3072,0.2051,62.81
b580,3b,8da4w,cand,sarc_dev_linear_dq8ca_coopmat_zpg_xe2bt_t128x128k64g84s16m8_texture3d_texture2d_half,2048,3072,3072,0.5257,73.527
b580,3b,8da4w,cand,sarc_dev_linear_dq8ca_coopmat_zpg_xe2bt_t128x128k64g84s16m8_texture3d_texture2d_half,2048,8192,3072,1.4817,69.569
b580,3b,8da4w,cand,sarc_dev_linear_dq8ca_coopmat_zpg_xe2bt_t128x128k64g84s16m8_texture3d_texture2d_half,2048,8192,3072,1.4482,71.177
b580,3b,8da4w,cand,sarc_dev_linear_dq8ca_coopmat_zpg_xe2bt_t128x128k64g84s16m8_texture3d_texture2d_half,2048,3072,8192,1.5634,65.931
b580,3b,8da4w,cand,sarc_dev_linear_dq8ca_coopmat_zpg_xe2bt_t128x128k64g84s16m8_texture3d_texture2d_half,2048,3072,3072,0.5229,73.922
b580,3b,8da4w,cand,sarc_dev_linear_dq8ca_coopmat_zpg_xe2bt_t128x128k64g84s16m8_texture3d_texture2d_half,2048,1024,3072,0.207,62.258
b580,3b,8da4w,cand,sarc_dev_linear_dq8ca_coopmat_zpg_xe2bt_t128x128k64g84s16m8_texture3d_texture2d_half,2048,1024,3072,0.2033,63.373
b580,3b,8da4w,cand,sarc_dev_linear_dq8ca_coopmat_zpg_xe2bt_t128x128k64g84s16m8_texture3d_texture2d_half,2048,3072,3072,0.5256,73.549
b580,3b,8da4w,cand,sarc_dev_linear_dq8ca_coopmat_zpg_xe2bt_t128x128k64g84s16m8_texture3d_texture2d_half,2048,8192,3072,1.4948,68.959
b580,3b,8da4w,cand,sarc_dev_linear_dq8ca_coopmat_zpg_xe2bt_t128x128k64g84s16m8_texture3d_texture2d_half,2048,8192,3072,1.4755,69.861
b580,3b,8da4w,cand,sarc_dev_linear_dq8ca_coopmat_zpg_xe2bt_t128x128k64g84s16m8_texture3d_texture2d_half,2048,3072,8192,1.6113,63.974
b580,3b,8da4w,cand,sarc_dev_linear_dq8ca_coopmat_zpg_xe2bt_t128x128k64g84s16m8_texture3d_texture2d_half,2048,3072,3072,0.5245,73.695
b580,3b,8da4w,cand,sarc_dev_linear_dq8ca_coopmat_zpg_xe2bt_t128x128k64g84s16m8_texture3d_texture2d_half,2048,1024,3072,0.2059,62.572
b580,3b,8da4w,cand,sarc_dev_linear_dq8ca_coopmat_zpg_xe2bt_t128x128k64g84s16m8_texture3d_texture2d_half,2048,1024,3072,0.1979,65.104
b580,3b,8da4w,cand,sarc_dev_linear_dq8ca_coopmat_zpg_xe2bt_t128x128k64g84s16m8_texture3d_texture2d_half,2048,3072,3072,0.5191,74.463
b580,3b,8da4w,cand,sarc_dev_linear_dq8ca_coopmat_zpg_xe2bt_t128x128k64g84s16m8_texture3d_texture2d_half,2048,8192,3072,1.4793,69.679
b580,3b,8da4w,cand,sarc_dev_linear_dq8ca_coopmat_zpg_xe2bt_t128x128k64g84s16m8_texture3d_texture2d_half,2048,8192,3072,1.4583,70.683
b580,3b,8da4w,cand,sarc_dev_linear_dq8ca_coopmat_zpg_xe2bt_t128x128k64g84s16m8_texture3d_texture2d_half,2048,3072,8192,1.5805,65.22
b580,3b,8da4w,cand,sarc_dev_linear_dq8ca_coopmat_zpg_xe2bt_t128x128k64g84s16m8_texture3d_texture2d_half,2048,3072,3072,0.5261,73.476
b580,3b,8da4w,cand,sarc_dev_linear_dq8ca_coopmat_zpg_xe2bt_t128x128k64g84s16m8_texture3d_texture2d_half,2048,1024,3072,0.207,62.242
b580,3b,8da4w,cand,sarc_dev_linear_dq8ca_coopmat_zpg_xe2bt_t128x128k64g84s16m8_texture3d_texture2d_half,2048,1024,3072,0.2003,64.343
b580,3b,8da4w,cand,sarc_dev_linear_dq8ca_coopmat_zpg_xe2bt_t128x128k64g84s16m8_texture3d_texture2d_half,2048,3072,3072,0.5252,73.6
b580,3b,8da4w,cand,sarc_dev_linear_dq8ca_coopmat_zpg_xe2bt_t128x128k64g84s16m8_texture3d_texture2d_half,2048,8192,3072,1.4825,69.53
b580,3b,8da4w,cand,sarc_dev_linear_dq8ca_coopmat_zpg_xe2bt_t128x128k64g84s16m8_texture3d_texture2d_half,2048,8192,3072,1.4446,71.357
b580,3b,8da4w,cand,sarc_dev_linear_dq8ca_coopmat_zpg_xe2bt_t128x128k64g84s16m8_texture3d_texture2d_half,2048,3072,8192,1.5698,65.663
b580,3b,8da4w,cand,sarc_dev_linear_dq8ca_coopmat_zpg_xe2bt_t128x128k64g84s16m8_texture3d_texture2d_half,2048,3072,3072,0.5383,71.808
b580,3b,8da4w,cand,sarc_dev_linear_dq8ca_coopmat_zpg_xe2bt_t128x128k64g84s16m8_texture3d_texture2d_half,2048,1024,3072,0.2089,61.684
b580,3b,8da4w,cand,sarc_dev_linear_dq8ca_coopmat_zpg_xe2bt_t128x128k64g84s16m8_texture3d_texture2d_half,2048,1024,3072,0.1998,64.477
b580,3b,8da4w,cand,sarc_dev_linear_dq8ca_coopmat_zpg_xe2bt_t128x128k64g84s16m8_texture3d_texture2d_half,2048,3072,3072,0.5184,74.567
b580,3b,8da4w,cand,sarc_dev_linear_dq8ca_coopmat_zpg_xe2bt_t128x128k64g84s16m8_texture3d_texture2d_half,2048,8192,3072,1.4976,68.83
b580,3b,8da4w,cand,sarc_dev_linear_dq8ca_coopmat_zpg_xe2bt_t128x128k64g84s16m8_texture3d_texture2d_half,2048,8192,3072,1.5102,68.256
b580,3b,8da4w,cand,sarc_dev_linear_dq8ca_coopmat_zpg_xe2bt_t128x128k64g84s16m8_texture3d_texture2d_half,2048,3072,8192,1.5698,65.665
b580,3b,8da4w,cand,sarc_dev_linear_dq8ca_coopmat_zpg_xe2bt_t128x128k64g84s16m8_texture3d_texture2d_half,2048,3072,3072,0.5348,72.283
b580,3b,8da4w,cand,sarc_dev_linear_dq8ca_coopmat_zpg_xe2bt_t128x128k64g84s16m8_texture3d_texture2d_half,2048,1024,3072,0.2098,61.425
b580,3b,8da4w,cand,sarc_dev_linear_dq8ca_coopmat_zpg_xe2bt_t128x128k64g84s16m8_texture3d_texture2d_half,2048,1024,3072,0.1965,65.569
b580,3b,8da4w,cand,sarc_dev_linear_dq8ca_coopmat_zpg_xe2bt_t128x128k64g84s16m8_texture3d_texture2d_half,2048,3072,3072,0.5289,73.079
b580,3b,8da4w,cand,sarc_dev_linear_dq8ca_coopmat_zpg_xe2bt_t128x128k64g84s16m8_texture3d_texture2d_half,2048,8192,3072,1.4938,69.005
b580,3b,8da4w,cand,sarc_dev_linear_dq8ca_coopmat_zpg_xe2bt_t128x128k64g84s16m8_texture3d_texture2d_half,2048,8192,3072,1.4472,71.229
b580,3b,8da4w,cand,sarc_dev_linear_dq8ca_coopmat_zpg_xe2bt_t128x128k64g84s16m8_texture3d_texture2d_half,2048,3072,8192,1.5833,65.102
b580,3b,8da4w,cand,sarc_dev_linear_dq8ca_coopmat_zpg_xe2bt_t128x128k64g84s16m8_texture3d_texture2d_half,2048,3072,3072,0.5385,71.788
b580,3b,8da4w,cand,sarc_dev_linear_dq8ca_coopmat_zpg_xe2bt_t128x128k64g84s16m8_texture3d_texture2d_half,2048,1024,3072,0.2138,60.274
b580,3b,8da4w,cand,sarc_dev_linear_dq8ca_coopmat_zpg_xe2bt_t128x128k64g84s16m8_texture3d_texture2d_half,2048,1024,3072,0.1997,64.528
b580,3b,8da4w,cand,sarc_dev_linear_dq8ca_coopmat_zpg_xe2bt_t128x128k64g84s16m8_texture3d_texture2d_half,2048,3072,3072,0.5295,73.007
b580,3b,8da4w,cand,sarc_dev_linear_dq8ca_coopmat_zpg_xe2bt_t128x128k64g84s16m8_texture3d_texture2d_half,2048,8192,3072,1.5011,68.667
b580,3b,8da4w,cand,sarc_dev_linear_dq8ca_coopmat_zpg_xe2bt_t128x128k64g84s16m8_texture3d_texture2d_half,2048,8192,3072,1.4692,70.16
b580,3b,8da4w,cand,sarc_dev_linear_dq8ca_coopmat_zpg_xe2bt_t128x128k64g84s16m8_texture3d_texture2d_half,2048,3072,8192,1.5514,66.444
b580,3b,8da4w,cand,sarc_dev_linear_dq8ca_coopmat_zpg_xe2bt_t128x128k64g84s16m8_texture3d_texture2d_half,2048,3072,3072,0.5358,72.143
b580,3b,8da4w,cand,sarc_dev_linear_dq8ca_coopmat_zpg_xe2bt_t128x128k64g84s16m8_texture3d_texture2d_half,2048,1024,3072,0.2067,62.336
b580,3b,8da4w,cand,sarc_dev_linear_dq8ca_coopmat_zpg_xe2bt_t128x128k64g84s16m8_texture3d_texture2d_half,2048,1024,3072,0.1994,64.612
b580,3b,8da4w,cand,sarc_dev_linear_dq8ca_coopmat_zpg_xe2bt_t128x128k64g84s16m8_texture3d_texture2d_half,2048,3072,3072,0.5319,72.672
b580,3b,8da4w,cand,sarc_dev_linear_dq8ca_coopmat_zpg_xe2bt_t128x128k64g84s16m8_texture3d_texture2d_half,2048,8192,3072,1.4846,69.432
b580,3b,8da4w,cand,sarc_dev_linear_dq8ca_coopmat_zpg_xe2bt_t128x128k64g84s16m8_texture3d_texture2d_half,2048,8192,3072,1.4504,71.068
b580,3b,8da4w,cand,sarc_dev_linear_dq8ca_coopmat_zpg_xe2bt_t128x128k64g84s16m8_texture3d_texture2d_half,2048,3072,8192,1.5489,66.551
b580,3b,8da4w,cand,sarc_dev_linear_dq8ca_coopmat_zpg_xe2bt_t128x128k64g84s16m8_texture3d_texture2d_half,2048,3072,3072,0.5314,72.736
b580,3b,8da4w,cand,sarc_dev_linear_dq8ca_coopmat_zpg_xe2bt_t128x128k64g84s16m8_texture3d_texture2d_half,2048,1024,3072,0.2146,60.04
b580,3b,8da4w,cand,sarc_dev_linear_dq8ca_coopmat_zpg_xe2bt_t128x128k64g84s16m8_texture3d_texture2d_half,2048,1024,3072,0.2022,63.715
b580,3b,8da4w,cand,sarc_dev_linear_dq8ca_coopmat_zpg_xe2bt_t128x128k64g84s16m8_texture3d_texture2d_half,2048,3072,3072,0.523,73.907
b580,3b,8da4w,cand,sarc_dev_linear_dq8ca_coopmat_zpg_xe2bt_t128x128k64g84s16m8_texture3d_texture2d_half,2048,8192,3072,1.4829,69.513
b580,3b,8da4w,cand,sarc_dev_linear_dq8ca_coopmat_zpg_xe2bt_t128x128k64g84s16m8_texture3d_texture2d_half,2048,8192,3072,1.4427,71.449
b580,3b,8da4w,cand,sarc_dev_linear_dq8ca_coopmat_zpg_xe2bt_t128x128k64g84s16m8_texture3d_texture2d_half,2048,3072,8192,1.5234,67.662
b580,3b,8da4w,cand,sarc_dev_linear_dq8ca_coopmat_zpg_xe2bt_t128x128k64g84s16m8_texture3d_texture2d_half,2048,3072,3072,0.5363,72.08
b580,3b,8da4w,cand,sarc_dev_linear_dq8ca_coopmat_zpg_xe2bt_t128x128k64g84s16m8_texture3d_texture2d_half,2048,1024,3072,0.2091,61.623
b580,3b,8da4w,cand,sarc_dev_linear_dq8ca_coopmat_zpg_xe2bt_t128x128k64g84s16m8_texture3d_texture2d_half,2048,1024,3072,0.2017,63.895
b580,3b,8da4w,cand,sarc_dev_linear_dq8ca_coopmat_zpg_xe2bt_t128x128k64g84s16m8_texture3d_texture2d_half,2048,3072,3072,0.5222,74.025
b580,3b,8da4w,cand,sarc_dev_linear_dq8ca_coopmat_zpg_xe2bt_t128x128k64g84s16m8_texture3d_texture2d_half,2048,8192,3072,1.5166,67.966
b580,3b,8da4w,cand,sarc_dev_linear_dq8ca_coopmat_zpg_xe2bt_t128x128k64g84s16m8_texture3d_texture2d_half,2048,8192,3072,1.4494,71.116
b580,3b,8da4w,cand,sarc_dev_linear_dq8ca_coopmat_zpg_xe2bt_t128x128k64g84s16m8_texture3d_texture2d_half,2048,3072,8192,1.5204,67.799
b580,3b,8da4w,cand,sarc_dev_linear_dq8ca_coopmat_zpg_xe2bt_t128x128k64g84s16m8_texture3d_texture2d_half,2048,3072,3072,0.5403,71.546
b580,3b,8da4w,cand,sarc_dev_linear_dq8ca_coopmat_zpg_xe2bt_t128x128k64g84s16m8_texture3d_texture2d_half,2048,1024,3072,0.206,62.541
b580,3b,8da4w,cand,sarc_dev_linear_dq8ca_coopmat_zpg_xe2bt_t128x128k64g84s16m8_texture3d_texture2d_half,2048,1024,3072,0.2022,63.715
b580,3b,8da4w,cand,sarc_dev_linear_dq8ca_coopmat_zpg_xe2bt_t128x128k64g84s16m8_texture3d_texture2d_half,2048,3072,3072,0.5244,73.717
b580,3b,8da4w,cand,sarc_dev_linear_dq8ca_coopmat_zpg_xe2bt_t128x128k64g84s16m8_texture3d_texture2d_half,2048,8192,3072,1.4904,69.161
b580,3b,8da4w,cand,sarc_dev_linear_dq8ca_coopmat_zpg_xe2bt_t128x128k64g84s16m8_texture3d_texture2d_half,2048,8192,3072,1.4463,71.272
b580,3b,8da4w,cand,sarc_dev_linear_dq8ca_coopmat_zpg_xe2bt_t128x128k64g84s16m8_texture3d_texture2d_half,2048,3072,8192,1.5774,65.349
b580,3b,8da4w,cand,sarc_dev_linear_dq8ca_coopmat_zpg_xe2bt_t128x128k64g84s16m8_texture3d_texture2d_half,2048,3072,3072,0.5258,73.52
b580,3b,8da4w,cand,sarc_dev_linear_dq8ca_coopmat_zpg_xe2bt_t128x128k64g84s16m8_texture3d_texture2d_half,2048,1024,3072,0.2077,62.024
b580,3b,8da4w,cand,sarc_dev_linear_dq8ca_coopmat_zpg_xe2bt_t128x128k64g84s16m8_texture3d_texture2d_half,2048,1024,3072,0.2011,64.061
b580,3b,8da4w,cand,sarc_dev_linear_dq8ca_coopmat_zpg_xe2bt_t128x128k64g84s16m8_texture3d_texture2d_half,2048,3072,3072,0.5195,74.41
b580,3b,8da4w,cand,sarc_dev_linear_dq8ca_coopmat_zpg_xe2bt_t128x128k64g84s16m8_texture3d_texture2d_half,2048,8192,3072,1.4912,69.127
b580,3b,8da4w,cand,sarc_dev_linear_dq8ca_coopmat_zpg_xe2bt_t128x128k64g84s16m8_texture3d_texture2d_half,2048,8192,3072,1.4416,71.501
b580,3b,8da4w,cand,sarc_dev_linear_dq8ca_coopmat_zpg_xe2bt_t128x128k64g84s16m8_texture3d_texture2d_half,2048,3072,8192,1.5658,65.833
b580,3b,8da4w,cand,sarc_dev_linear_dq8ca_coopmat_zpg_xe2bt_t128x128k64g84s16m8_texture3d_texture2d_half,2048,3072,3072,0.5275,73.281
b580,3b,8da4w,cand,sarc_dev_linear_dq8ca_coopmat_zpg_xe2bt_t128x128k64g84s16m8_texture3d_texture2d_half,2048,1024,3072,0.2057,62.651
b580,3b,8da4w,cand,sarc_dev_linear_dq8ca_coopmat_zpg_xe2bt_t128x128k64g84s16m8_texture3d_texture2d_half,2048,1024,3072,0.2061,62.525
b580,3b,8da4w,cand,sarc_dev_linear_dq8ca_coopmat_zpg_xe2bt_t128x128k64g84s16m8_texture3d_texture2d_half,2048,3072,3072,0.5279,73.223
b580,3b,8da4w,cand,sarc_dev_linear_dq8ca_coopmat_zpg_xe2bt_t128x128k64g84s16m8_texture3d_texture2d_half,2048,8192,3072,1.5013,68.66
b580,3b,8da4w,cand,sarc_dev_linear_dq8ca_coopmat_zpg_xe2bt_t128x128k64g84s16m8_texture3d_texture2d_half,2048,8192,3072,1.4626,70.477
b580,3b,8da4w,cand,sarc_dev_linear_dq8ca_coopmat_zpg_xe2bt_t128x128k64g84s16m8_texture3d_texture2d_half,2048,3072,8192,1.5635,65.927
b580,3b,8da4w,cand,sarc_dev_linear_dq8ca_coopmat_zpg_xe2bt_t128x128k64g84s16m8_texture3d_texture2d_half,2048,3072,3072,0.5328,72.551
b580,3b,8da4w,cand,sarc_dev_linear_dq8ca_coopmat_zpg_xe2bt_t128x128k64g84s16m8_texture3d_texture2d_half,2048,1024,3072,0.2066,62.352
b580,3b,8da4w,cand,sarc_dev_linear_dq8ca_coopmat_zpg_xe2bt_t128x128k64g84s16m8_texture3d_texture2d_half,2048,1024,3072,0.1998,64.494
b580,3b,8da4w,cand,sarc_dev_linear_dq8ca_coopmat_zpg_xe2bt_t128x128k64g84s16m8_texture3d_texture2d_half,2048,3072,3072,0.5172,74.74
b580,3b,8da4w,cand,sarc_dev_linear_dq8ca_coopmat_zpg_xe2bt_t128x128k64g84s16m8_texture3d_texture2d_half,2048,8192,3072,1.4754,69.863
b580,3b,8da4w,cand,sarc_dev_linear_dq8ca_coopmat_zpg_xe2bt_t128x128k64g84s16m8_texture3d_texture2d_half,2048,8192,3072,1.4346,71.853
b580,3b,8da4w,cand,sarc_dev_linear_dq8ca_coopmat_zpg_xe2bt_t128x128k64g84s16m8_texture3d_texture2d_half,2048,3072,8192,1.5412,66.881
b580,3b,8da4w,cand,sarc_dev_linear_dq8ca_coopmat_zpg_xe2bt_t128x128k64g84s16m8_texture3d_texture2d_half,2048,3072,3072,0.5255,73.564
b580,3b,8da4w,cand,sarc_dev_linear_dq8ca_coopmat_zpg_xe2bt_t128x128k64g84s16m8_texture3d_texture2d_half,2048,1024,3072,0.2059,62.588
b580,3b,8da4w,cand,sarc_dev_linear_dq8ca_coopmat_zpg_xe2bt_t128x128k64g84s16m8_texture3d_texture2d_half,2048,1024,3072,0.1995,64.595
b580,3b,8da4w,cand,sarc_dev_linear_dq8ca_coopmat_zpg_xe2bt_t128x128k64g84s16m8_texture3d_texture2d_half,2048,3072,3072,0.522,74.047
b580,3b,8da4w,cand,sarc_dev_linear_dq8ca_coopmat_zpg_xe2bt_t128x128k64g84s16m8_texture3d_texture2d_half,2048,8192,3072,1.4845,69.437
b580,3b,8da4w,cand,sarc_dev_linear_dq8ca_coopmat_zpg_xe2bt_t128x128k64g84s16m8_texture3d_texture2d_half,2048,8192,3072,1.4661,70.307
b580,3b,8da4w,cand,sarc_dev_linear_dq8ca_coopmat_zpg_xe2bt_t128x128k64g84s16m8_texture3d_texture2d_half,2048,3072,8192,1.5594,66.101
b580,3b,8da4w,cand,sarc_dev_linear_dq8ca_coopmat_zpg_xe2bt_t128x128k64g84s16m8_texture3d_texture2d_half,2048,3072,3072,0.5324,72.608
b580,3b,8da4w,cand,sarc_dev_linear_dq8ca_coopmat_zpg_xe2bt_t128x128k64g84s16m8_texture3d_texture2d_half,2048,1024,3072,0.2072,62.195
b580,3b,8da4w,cand,sarc_dev_linear_dq8ca_coopmat_zpg_xe2bt_t128x128k64g84s16m8_texture3d_texture2d_half,2048,1024,3072,0.2037,63.243
b580,3b,8da4w,cand,sarc_dev_linear_dq8ca_coopmat_zpg_xe2bt_t128x128k64g84s16m8_texture3d_texture2d_half,2048,3072,3072,0.5278,73.237
b580,3b,8da4w,cand,sarc_dev_linear_dq8ca_coopmat_zpg_xe2bt_t128x128k64g84s16m8_texture3d_texture2d_half,2048,8192,3072,1.4738,69.939
b580,3b,8da4w,cand,sarc_dev_linear_dq8ca_coopmat_zpg_xe2bt_t128x128k64g84s16m8_texture3d_texture2d_half,2048,8192,3072,1.4366,71.755
b580,3b,8da4w,cand,sarc_dev_linear_dq8ca_coopmat_zpg_xe2bt_t128x128k64g84s16m8_texture3d_texture2d_half,2048,3072,8192,1.562,65.993
b580,3b,8da4w,cand,sarc_dev_linear_dq8ca_coopmat_zpg_xe2bt_t128x128k64g84s16m8_texture3d_texture2d_half,2048,3072,3072,0.5247,73.666
b580,3b,8da4w,cand,sarc_dev_linear_dq8ca_coopmat_zpg_xe2bt_t128x128k64g84s16m8_texture3d_texture2d_half,2048,1024,3072,0.2082,61.885
b580,3b,8da4w,cand,sarc_dev_linear_dq8ca_coopmat_zpg_xe2bt_t128x128k64g84s16m8_texture3d_texture2d_half,2048,1024,3072,0.1982,65.019
b580,3b,8da4w,cand,sarc_dev_linear_dq8ca_coopmat_zpg_xe2bt_t128x128k64g84s16m8_texture3d_texture2d_half,2048,3072,3072,0.5202,74.314
b580,3b,8da4w,cand,sarc_dev_linear_dq8ca_coopmat_zpg_xe2bt_t128x128k64g84s16m8_texture3d_texture2d_half,2048,8192,3072,1.5124,68.155
b580,3b,8da4w,cand,sarc_dev_linear_dq8ca_coopmat_zpg_xe2bt_t128x128k64g84s16m8_texture3d_texture2d_half,2048,8192,3072,1.4663,70.297
b580,3b,8da4w,cand,sarc_dev_linear_dq8ca_coopmat_zpg_xe2bt_t128x128k64g84s16m8_texture3d_texture2d_half,2048,3072,8192,1.5151,68.034
b580,3b,8da4w,cand,sarc_dev_linear_dq8ca_coopmat_zpg_xe2bt_t128x128k64g84s16m8_texture3d_texture2d_half,2048,3072,3072,0.5226,73.966
b580,3b,8da4w,cand,sarc_dev_linear_dq8ca_coopmat_zpg_xe2bt_t128x128k64g84s16m8_texture3d_texture2d_half,2048,1024,3072,0.2069,62.289
b580,3b,8da4w,cand,sarc_dev_linear_dq8ca_coopmat_zpg_xe2bt_t128x128k64g84s16m8_texture3d_texture2d_half,2048,1024,3072,0.2005,64.277
b580,3b,8da4w,cand,sarc_dev_linear_dq8ca_coopmat_zpg_xe2bt_t128x128k64g84s16m8_texture3d_texture2d_half,2048,3072,3072,0.5216,74.114
b580,3b,8da4w,cand,sarc_dev_linear_dq8ca_coopmat_zpg_xe2bt_t128x128k64g84s16m8_texture3d_texture2d_half,2048,8192,3072,1.4833,69.493
b580,3b,8da4w,cand,sarc_dev_linear_dq8ca_coopmat_zpg_xe2bt_t128x128k64g84s16m8_texture3d_texture2d_half,2048,8192,3072,1.4573,70.733
b580,3b,8da4w,cand,sarc_dev_linear_dq8ca_coopmat_zpg_xe2bt_t128x128k64g84s16m8_texture3d_texture2d_half,2048,3072,8192,1.5419,66.852
b580,3b,8da4w,cand,sarc_dev_linear_dq8ca_coopmat_zpg_xe2bt_t128x128k64g84s16m8_texture3d_texture2d_half,2048,3072,3072,0.5313,72.757
b580,3b,8da4w,cand,sarc_dev_linear_dq8ca_coopmat_zpg_xe2bt_t128x128k64g84s16m8_texture3d_texture2d_half,2048,1024,3072,0.2081,61.931
b580,3b,8da4w,cand,sarc_dev_linear_dq8ca_coopmat_zpg_xe2bt_t128x128k64g84s16m8_texture3d_texture2d_half,2048,1024,3072,0.1953,65.988
b580,3b,8da4w,cand,sarc_dev_linear_dq8ca_coopmat_zpg_xe2bt_t128x128k64g84s16m8_texture3d_texture2d_half,2048,3072,3072,0.5221,74.04
b580,3b,8da4w,cand,sarc_dev_linear_dq8ca_coopmat_zpg_xe2bt_t128x128k64g84s16m8_texture3d_texture2d_half,2048,8192,3072,1.4762,69.829
b580,3b,8da4w,cand,sarc_dev_linear_dq8ca_coopmat_zpg_xe2bt_t128x128k64g84s16m8_texture3d_texture2d_half,2048,8192,3072,1.4419,71.491
b580,3b,8da4w,cand,sarc_dev_linear_dq8ca_coopmat_zpg_xe2bt_t128x128k64g84s16m8_texture3d_texture2d_half,2048,3072,8192,1.5592,66.109
b580,3b,8da4w,cand,sarc_dev_linear_dq8ca_coopmat_zpg_xe2bt_t128x128k64g84s16m8_texture3d_texture2d_half,2048,3072,3072,0.5316,72.714
b580,3b,8da4w,cand,sarc_dev_linear_dq8ca_coopmat_zpg_xe2bt_t128x128k64g84s16m8_texture3d_texture2d_half,2048,1024,3072,0.206,62.541
b580,3b,8da4w,cand,sarc_dev_linear_dq8ca_coopmat_zpg_xe2bt_t128x128k64g84s16m8_texture3d_texture2d_half,2048,1024,3072,0.2007,64.21
b580,3b,8da4w,cand,sarc_dev_linear_dq8ca_coopmat_zpg_xe2bt_t128x128k64g84s16m8_texture3d_texture2d_half,2048,3072,3072,0.5194,74.425
b580,3b,8da4w,cand,sarc_dev_linear_dq8ca_coopmat_zpg_xe2bt_t128x128k64g84s16m8_texture3d_texture2d_half,2048,8192,3072,1.4844,69.442
b580,3b,8da4w,cand,sarc_dev_linear_dq8ca_coopmat_zpg_xe2bt_t128x128k64g84s16m8_texture3d_texture2d_half,2048,8192,3072,1.4345,71.859
b580,3b,8da4w,cand,sarc_dev_linear_dq8ca_coopmat_zpg_xe2bt_t128x128k64g84s16m8_texture3d_texture2d_half,2048,3072,8192,1.5267,67.519
b580,3b,8da4w,parent,sarc_dev_linear_dq8ca_coopmat_zpg_xe2bt_t128x128k64g84s16m8_texture3d_texture2d_half,2048,3072,3072,0.5256,73.542
b580,3b,8da4w,parent,sarc_dev_linear_dq8ca_coopmat_zpg_xe2bt_t128x128k64g84s16m8_texture3d_texture2d_half,2048,1024,3072,0.2018,63.863
b580,3b,8da4w,parent,sarc_dev_linear_dq8ca_coopmat_zpg_xe2bt_t128x128k64g84s16m8_texture3d_texture2d_half,2048,1024,3072,0.2213,58.234
b580,3b,8da4w,parent,sarc_dev_linear_dq8ca_coopmat_zpg_xe2bt_t128x128k64g84s16m8_texture3d_texture2d_half,2048,3072,3072,0.5235,73.841
b580,3b,8da4w,parent,sarc_dev_linear_dq8ca_coopmat_zpg_xe2bt_t128x128k64g84s16m8_texture3d_texture2d_half,2048,8192,3072,1.4817,69.566
b580,3b,8da4w,parent,sarc_dev_linear_dq8ca_coopmat_zpg_xe2bt_t128x128k64g84s16m8_texture3d_texture2d_half,2048,8192,3072,1.4604,70.584
b580,3b,8da4w,parent,sarc_dev_linear_dq8ca_coopmat_zpg_xe2bt_t128x128k64g84s16m8_texture3d_texture2d_half,2048,3072,8192,1.5651,65.859
b580,3b,8da4w,parent,sarc_dev_linear_dq8ca_coopmat_zpg_xe2bt_t128x128k64g84s16m8_texture3d_texture2d_half,2048,3072,3072,0.531,72.8
b580,3b,8da4w,parent,sarc_dev_linear_dq8ca_coopmat_zpg_xe2bt_t128x128k64g84s16m8_texture3d_texture2d_half,2048,1024,3072,0.2109,61.106
b580,3b,8da4w,parent,sarc_dev_linear_dq8ca_coopmat_zpg_xe2bt_t128x128k64g84s16m8_texture3d_texture2d_half,2048,1024,3072,0.2046,62.986
b580,3b,8da4w,parent,sarc_dev_linear_dq8ca_coopmat_zpg_xe2bt_t128x128k64g84s16m8_texture3d_texture2d_half,2048,3072,3072,0.5284,73.151
b580,3b,8da4w,parent,sarc_dev_linear_dq8ca_coopmat_zpg_xe2bt_t128x128k64g84s16m8_texture3d_texture2d_half,2048,8192,3072,1.4938,69.007
b580,3b,8da4w,parent,sarc_dev_linear_dq8ca_coopmat_zpg_xe2bt_t128x128k64g84s16m8_texture3d_texture2d_half,2048,8192,3072,1.4549,70.852
b580,3b,8da4w,parent,sarc_dev_linear_dq8ca_coopmat_zpg_xe2bt_t128x128k64g84s16m8_texture3d_texture2d_half,2048,3072,8192,1.5623,65.977
b580,3b,8da4w,parent,sarc_dev_linear_dq8ca_coopmat_zpg_xe2bt_t128x128k64g84s16m8_texture3d_texture2d_half,2048,3072,3072,0.5277,73.245
b580,3b,8da4w,parent,sarc_dev_linear_dq8ca_coopmat_zpg_xe2bt_t128x128k64g84s16m8_texture3d_texture2d_half,2048,1024,3072,0.2115,60.926
b580,3b,8da4w,parent,sarc_dev_linear_dq8ca_coopmat_zpg_xe2bt_t128x128k64g84s16m8_texture3d_texture2d_half,2048,1024,3072,0.202,63.797
b580,3b,8da4w,parent,sarc_dev_linear_dq8ca_coopmat_zpg_xe2bt_t128x128k64g84s16m8_texture3d_texture2d_half,2048,3072,3072,0.5268,73.382
b580,3b,8da4w,parent,sarc_dev_linear_dq8ca_coopmat_zpg_xe2bt_t128x128k64g84s16m8_texture3d_texture2d_half,2048,8192,3072,1.4855,69.391
b580,3b,8da4w,parent,sarc_dev_linear_dq8ca_coopmat_zpg_xe2bt_t128x128k64g84s16m8_texture3d_texture2d_half,2048,8192,3072,1.4781,69.738
b580,3b,8da4w,parent,sarc_dev_linear_dq8ca_coopmat_zpg_xe2bt_t128x128k64g84s16m8_texture3d_texture2d_half,2048,3072,8192,1.5542,66.322
b580,3b,8da4w,parent,sarc_dev_linear_dq8ca_coopmat_zpg_xe2bt_t128x128k64g84s16m8_texture3d_texture2d_half,2048,3072,3072,0.5271,73.339
b580,3b,8da4w,parent,sarc_dev_linear_dq8ca_coopmat_zpg_xe2bt_t128x128k64g84s16m8_texture3d_texture2d_half,2048,1024,3072,0.2053,62.763
b580,3b,8da4w,parent,sarc_dev_linear_dq8ca_coopmat_zpg_xe2bt_t128x128k64g84s16m8_texture3d_texture2d_half,2048,1024,3072,0.205,62.858
b580,3b,8da4w,parent,sarc_dev_linear_dq8ca_coopmat_zpg_xe2bt_t128x128k64g84s16m8_texture3d_texture2d_half,2048,3072,3072,0.5203,74.291
b580,3b,8da4w,parent,sarc_dev_linear_dq8ca_coopmat_zpg_xe2bt_t128x128k64g84s16m8_texture3d_texture2d_half,2048,8192,3072,1.4885,69.25
b580,3b,8da4w,parent,sarc_dev_linear_dq8ca_coopmat_zpg_xe2bt_t128x128k64g84s16m8_texture3d_texture2d_half,2048,8192,3072,1.4642,70.399
b580,3b,8da4w,parent,sarc_dev_linear_dq8ca_coopmat_zpg_xe2bt_t128x128k64g84s16m8_texture3d_texture2d_half,2048,3072,8192,1.5698,65.665
b580,3b,8da4w,parent,sarc_dev_linear_dq8ca_coopmat_zpg_xe2bt_t128x128k64g84s16m8_texture3d_texture2d_half,2048,3072,3072,0.5396,71.635
b580,3b,8da4w,parent,sarc_dev_linear_dq8ca_coopmat_zpg_xe2bt_t128x128k64g84s16m8_texture3d_texture2d_half,2048,1024,3072,0.2073,62.164
b580,3b,8da4w,parent,sarc_dev_linear_dq8ca_coopmat_zpg_xe2bt_t128x128k64g84s16m8_texture3d_texture2d_half,2048,1024,3072,0.1999,64.444
b580,3b,8da4w,parent,sarc_dev_linear_dq8ca_coopmat_zpg_xe2bt_t128x128k64g84s16m8_texture3d_texture2d_half,2048,3072,3072,0.5244,73.709
b580,3b,8da4w,parent,sarc_dev_linear_dq8ca_coopmat_zpg_xe2bt_t128x128k64g84s16m8_texture3d_texture2d_half,2048,8192,3072,1.5061,68.442
b580,3b,8da4w,parent,sarc_dev_linear_dq8ca_coopmat_zpg_xe2bt_t128x128k64g84s16m8_texture3d_texture2d_half,2048,8192,3072,1.4577,70.715
b580,3b,8da4w,parent,sarc_dev_linear_dq8ca_coopmat_zpg_xe2bt_t128x128k64g84s16m8_texture3d_texture2d_half,2048,3072,8192,1.5796,65.256
b580,3b,8da4w,parent,sarc_dev_linear_dq8ca_coopmat_zpg_xe2bt_t128x128k64g84s16m8_texture3d_texture2d_half,2048,3072,3072,0.5241,73.753
b580,3b,8da4w,parent,sarc_dev_linear_dq8ca_coopmat_zpg_xe2bt_t128x128k64g84s16m8_texture3d_texture2d_half,2048,1024,3072,0.2047,62.938
b580,3b,8da4w,parent,sarc_dev_linear_dq8ca_coopmat_zpg_xe2bt_t128x128k64g84s16m8_texture3d_texture2d_half,2048,1024,3072,0.1994,64.629
b580,3b,8da4w,parent,sarc_dev_linear_dq8ca_coopmat_zpg_xe2bt_t128x128k64g84s16m8_texture3d_texture2d_half,2048,3072,3072,0.5237,73.805
b580,3b,8da4w,parent,sarc_dev_linear_dq8ca_coopmat_zpg_xe2bt_t128x128k64g84s16m8_texture3d_texture2d_half,2048,8192,3072,1.4754,69.863
b580,3b,8da4w,parent,sarc_dev_linear_dq8ca_coopmat_zpg_xe2bt_t128x128k64g84s16m8_texture3d_texture2d_half,2048,8192,3072,1.4676,70.237
b580,3b,8da4w,parent,sarc_dev_linear_dq8ca_coopmat_zpg_xe2bt_t128x128k64g84s16m8_texture3d_texture2d_half,2048,3072,8192,1.5627,65.964
b580,3b,8da4w,parent,sarc_dev_linear_dq8ca_coopmat_zpg_xe2bt_t128x128k64g84s16m8_texture3d_texture2d_half,2048,3072,3072,0.5359,72.129
b580,3b,8da4w,parent,sarc_dev_linear_dq8ca_coopmat_zpg_xe2bt_t128x128k64g84s16m8_texture3d_texture2d_half,2048,1024,3072,0.2065,62.399
b580,3b,8da4w,parent,sarc_dev_linear_dq8ca_coopmat_zpg_xe2bt_t128x128k64g84s16m8_texture3d_texture2d_half,2048,1024,3072,0.2025,63.617
b580,3b,8da4w,parent,sarc_dev_linear_dq8ca_coopmat_zpg_xe2bt_t128x128k64g84s16m8_texture3d_texture2d_half,2048,3072,3072,0.5235,73.841
b580,3b,8da4w,parent,sarc_dev_linear_dq8ca_coopmat_zpg_xe2bt_t128x128k64g84s16m8_texture3d_texture2d_half,2048,8192,3072,1.5031,68.58
b580,3b,8da4w,parent,sarc_dev_linear_dq8ca_coopmat_zpg_xe2bt_t128x128k64g84s16m8_texture3d_texture2d_half,2048,8192,3072,1.4542,70.882
b580,3b,8da4w,parent,sarc_dev_linear_dq8ca_coopmat_zpg_xe2bt_t128x128k64g84s16m8_texture3d_texture2d_half,2048,3072,8192,1.5793,65.267
b580,3b,8da4w,parent,sarc_dev_linear_dq8ca_coopmat_zpg_xe2bt_t128x128k64g84s16m8_texture3d_texture2d_half,2048,3072,3072,0.5374,71.926
b580,3b,8da4w,parent,sarc_dev_linear_dq8ca_coopmat_zpg_xe2bt_t128x128k64g84s16m8_texture3d_texture2d_half,2048,1024,3072,0.208,61.947
b580,3b,8da4w,parent,sarc_dev_linear_dq8ca_coopmat_zpg_xe2bt_t128x128k64g84s16m8_texture3d_texture2d_half,2048,1024,3072,0.2028,63.535
b580,3b,8da4w,parent,sarc_dev_linear_dq8ca_coopmat_zpg_xe2bt_t128x128k64g84s16m8_texture3d_texture2d_half,2048,3072,3072,0.5197,74.373
b580,3b,8da4w,parent,sarc_dev_linear_dq8ca_coopmat_zpg_xe2bt_t128x128k64g84s16m8_texture3d_texture2d_half,2048,8192,3072,1.4955,68.928
b580,3b,8da4w,parent,sarc_dev_linear_dq8ca_coopmat_zpg_xe2bt_t128x128k64g84s16m8_texture3d_texture2d_half,2048,8192,3072,1.4454,71.313
b580,3b,8da4w,parent,sarc_dev_linear_dq8ca_coopmat_zpg_xe2bt_t128x128k64g84s16m8_texture3d_texture2d_half,2048,3072,8192,1.5262,67.54
b580,3b,8da4w,parent,sarc_dev_linear_dq8ca_coopmat_zpg_xe2bt_t128x128k64g84s16m8_texture3d_texture2d_half,2048,3072,3072,0.5261,73.476
b580,3b,8da4w,parent,sarc_dev_linear_dq8ca_coopmat_zpg_xe2bt_t128x128k64g84s16m8_texture3d_texture2d_half,2048,1024,3072,0.2046,62.97
b580,3b,8da4w,parent,sarc_dev_linear_dq8ca_coopmat_zpg_xe2bt_t128x128k64g84s16m8_texture3d_texture2d_half,2048,1024,3072,0.2005,64.26
b580,3b,8da4w,parent,sarc_dev_linear_dq8ca_coopmat_zpg_xe2bt_t128x128k64g84s16m8_texture3d_texture2d_half,2048,3072,3072,0.5248,73.651
b580,3b,8da4w,parent,sarc_dev_linear_dq8ca_coopmat_zpg_xe2bt_t128x128k64g84s16m8_texture3d_texture2d_half,2048,8192,3072,1.4786,69.713
b580,3b,8da4w,parent,sarc_dev_linear_dq8ca_coopmat_zpg_xe2bt_t128x128k64g84s16m8_texture3d_texture2d_half,2048,8192,3072,1.4486,71.157
b580,3b,8da4w,parent,sarc_dev_linear_dq8ca_coopmat_zpg_xe2bt_t128x128k64g84s16m8_texture3d_texture2d_half,2048,3072,8192,1.5539,66.337
b580,3b,8da4w,parent,sarc_dev_linear_dq8ca_coopmat_zpg_xe2bt_t128x128k64g84s16m8_texture3d_texture2d_half,2048,3072,3072,0.5286,73.122
b580,3b,8da4w,parent,sarc_dev_linear_dq8ca_coopmat_zpg_xe2bt_t128x128k64g84s16m8_texture3d_texture2d_half,2048,1024,3072,0.206,62.541
b580,3b,8da4w,parent,sarc_dev_linear_dq8ca_coopmat_zpg_xe2bt_t128x128k64g84s16m8_texture3d_texture2d_half,2048,1024,3072,0.2028,63.535
b580,3b,8da4w,parent,sarc_dev_linear_dq8ca_coopmat_zpg_xe2bt_t128x128k64g84s16m8_texture3d_texture2d_half,2048,3072,3072,0.5247,73.666
b580,3b,8da4w,parent,sarc_dev_linear_dq8ca_coopmat_zpg_xe2bt_t128x128k64g84s16m8_texture3d_texture2d_half,2048,8192,3072,1.4968,68.865
b580,3b,8da4w,parent,sarc_dev_linear_dq8ca_coopmat_zpg_xe2bt_t128x128k64g84s16m8_texture3d_texture2d_half,2048,8192,3072,1.473,69.979
b580,3b,8da4w,parent,sarc_dev_linear_dq8ca_coopmat_zpg_xe2bt_t128x128k64g84s16m8_texture3d_texture2d_half,2048,3072,8192,1.6262,63.387
b580,3b,8da4w,parent,sarc_dev_linear_dq8ca_coopmat_zpg_xe2bt_t128x128k64g84s16m8_texture3d_texture2d_half,2048,3072,3072,0.5303,72.893
b580,3b,8da4w,parent,sarc_dev_linear_dq8ca_coopmat_zpg_xe2bt_t128x128k64g84s16m8_texture3d_texture2d_half,2048,1024,3072,0.2048,62.906
b580,3b,8da4w,parent,sarc_dev_linear_dq8ca_coopmat_zpg_xe2bt_t128x128k64g84s16m8_texture3d_texture2d_half,2048,1024,3072,0.2014,63.978
b580,3b,8da4w,parent,sarc_dev_linear_dq8ca_coopmat_zpg_xe2bt_t128x128k64g84s16m8_texture3d_texture2d_half,2048,3072,3072,0.5157,74.958
b580,3b,8da4w,parent,sarc_dev_linear_dq8ca_coopmat_zpg_xe2bt_t128x128k64g84s16m8_texture3d_texture2d_half,2048,8192,3072,1.481,69.603
b580,3b,8da4w,parent,sarc_dev_linear_dq8ca_coopmat_zpg_xe2bt_t128x128k64g84s16m8_texture3d_texture2d_half,2048,8192,3072,1.4635,70.431
b580,3b,8da4w,parent,sarc_dev_linear_dq8ca_coopmat_zpg_xe2bt_t128x128k64g84s16m8_texture3d_texture2d_half,2048,3072,8192,1.5813,65.186
b580,3b,8da4w,parent,sarc_dev_linear_dq8ca_coopmat_zpg_xe2bt_t128x128k64g84s16m8_texture3d_texture2d_half,2048,3072,3072,0.5237,73.805
b580,3b,8da4w,parent,sarc_dev_linear_dq8ca_coopmat_zpg_xe2bt_t128x128k64g84s16m8_texture3d_texture2d_half,2048,1024,3072,0.2057,62.651
b580,3b,8da4w,parent,sarc_dev_linear_dq8ca_coopmat_zpg_xe2bt_t128x128k64g84s16m8_texture3d_texture2d_half,2048,1024,3072,0.1993,64.646
b580,3b,8da4w,parent,sarc_dev_linear_dq8ca_coopmat_zpg_xe2bt_t128x128k64g84s16m8_texture3d_texture2d_half,2048,3072,3072,0.5208,74.225
b580,3b,8da4w,parent,sarc_dev_linear_dq8ca_coopmat_zpg_xe2bt_t128x128k64g84s16m8_texture3d_texture2d_half,2048,8192,3072,1.4818,69.561
b580,3b,8da4w,parent,sarc_dev_linear_dq8ca_coopmat_zpg_xe2bt_t128x128k64g84s16m8_texture3d_texture2d_half,2048,8192,3072,1.4548,70.854
b580,3b,8da4w,parent,sarc_dev_linear_dq8ca_coopmat_zpg_xe2bt_t128x128k64g84s16m8_texture3d_texture2d_half,2048,3072,8192,1.5746,65.465
b580,3b,8da4w,parent,sarc_dev_linear_dq8ca_coopmat_zpg_xe2bt_t128x128k64g84s16m8_texture3d_texture2d_half,2048,3072,3072,0.5358,72.15
b580,3b,8da4w,parent,sarc_dev_linear_dq8ca_coopmat_zpg_xe2bt_t128x128k64g84s16m8_texture3d_texture2d_half,2048,1024,3072,0.2075,62.102
b580,3b,8da4w,parent,sarc_dev_linear_dq8ca_coopmat_zpg_xe2bt_t128x128k64g84s16m8_texture3d_texture2d_half,2048,1024,3072,0.1969,65.448
b580,3b,8da4w,parent,sarc_dev_linear_dq8ca_coopmat_zpg_xe2bt_t128x128k64g84s16m8_texture3d_texture2d_half,2048,3072,3072,0.524,73.768
b580,3b,8da4w,parent,sarc_dev_linear_dq8ca_coopmat_zpg_xe2bt_t128x128k64g84s16m8_texture3d_texture2d_half,2048,8192,3072,1.4952,68.94
b580,3b,8da4w,parent,sarc_dev_linear_dq8ca_coopmat_zpg_xe2bt_t128x128k64g84s16m8_texture3d_texture2d_half,2048,8192,3072,1.4723,70.011
b580,3b,8da4w,parent,sarc_dev_linear_dq8ca_coopmat_zpg_xe2bt_t128x128k64g84s16m8_texture3d_texture2d_half,2048,3072,8192,1.561,66.035
b580,3b,8da4w,parent,sarc_dev_linear_dq8ca_coopmat_zpg_xe2bt_t128x128k64g84s16m8_texture3d_texture2d_half,2048,3072,3072,0.5372,71.961
b580,3b,8da4w,parent,sarc_dev_linear_dq8ca_coopmat_zpg_xe2bt_t128x128k64g84s16m8_texture3d_texture2d_half,2048,1024,3072,0.2017,63.879
b580,3b,8da4w,parent,sarc_dev_linear_dq8ca_coopmat_zpg_xe2bt_t128x128k64g84s16m8_texture3d_texture2d_half,2048,1024,3072,0.2041,63.13
b580,3b,8da4w,parent,sarc_dev_linear_dq8ca_coopmat_zpg_xe2bt_t128x128k64g84s16m8_texture3d_texture2d_half,2048,3072,3072,0.5334,72.473
b580,3b,8da4w,parent,sarc_dev_linear_dq8ca_coopmat_zpg_xe2bt_t128x128k64g84s16m8_texture3d_texture2d_half,2048,8192,3072,1.4889,69.231
b580,3b,8da4w,parent,sarc_dev_linear_dq8ca_coopmat_zpg_xe2bt_t128x128k64g84s16m8_texture3d_texture2d_half,2048,8192,3072,1.4459,71.29
b580,3b,8da4w,parent,sarc_dev_linear_dq8ca_coopmat_zpg_xe2bt_t128x128k64g84s16m8_texture3d_texture2d_half,2048,3072,8192,1.5685,65.717
b580,3b,8da4w,parent,sarc_dev_linear_dq8ca_coopmat_zpg_xe2bt_t128x128k64g84s16m8_texture3d_texture2d_half,2048,3072,3072,0.5388,71.746
b580,3b,8da4w,parent,sarc_dev_linear_dq8ca_coopmat_zpg_xe2bt_t128x128k64g84s16m8_texture3d_texture2d_half,2048,1024,3072,0.2069,62.289
b580,3b,8da4w,parent,sarc_dev_linear_dq8ca_coopmat_zpg_xe2bt_t128x128k64g84s16m8_texture3d_texture2d_half,2048,1024,3072,0.2012,64.044
b580,3b,8da4w,parent,sarc_dev_linear_dq8ca_coopmat_zpg_xe2bt_t128x128k64g84s16m8_texture3d_texture2d_half,2048,3072,3072,0.5325,72.587
b580,3b,8da4w,parent,sarc_dev_linear_dq8ca_coopmat_zpg_xe2bt_t128x128k64g84s16m8_texture3d_texture2d_half,2048,8192,3072,1.505,68.492
b580,3b,8da4w,parent,sarc_dev_linear_dq8ca_coopmat_zpg_xe2bt_t128x128k64g84s16m8_texture3d_texture2d_half,2048,8192,3072,1.4793,69.679
b580,3b,8da4w,parent,sarc_dev_linear_dq8ca_coopmat_zpg_xe2bt_t128x128k64g84s16m8_texture3d_texture2d_half,2048,3072,8192,1.5723,65.559
b580,3b,8da4w,parent,sarc_dev_linear_dq8ca_coopmat_zpg_xe2bt_t128x128k64g84s16m8_texture3d_texture2d_half,2048,3072,3072,0.5372,71.954
b580,3b,8da4w,parent,sarc_dev_linear_dq8ca_coopmat_zpg_xe2bt_t128x128k64g84s16m8_texture3d_texture2d_half,2048,1024,3072,0.211,61.061
b580,3b,8da4w,parent,sarc_dev_linear_dq8ca_coopmat_zpg_xe2bt_t128x128k64g84s16m8_texture3d_texture2d_half,2048,1024,3072,0.1994,64.612
b580,3b,8da4w,parent,sarc_dev_linear_dq8ca_coopmat_zpg_xe2bt_t128x128k64g84s16m8_texture3d_texture2d_half,2048,3072,3072,0.5191,74.463
b580,3b,8da4w,parent,sarc_dev_linear_dq8ca_coopmat_zpg_xe2bt_t128x128k64g84s16m8_texture3d_texture2d_half,2048,8192,3072,1.4856,69.384
b580,3b,8da4w,parent,sarc_dev_linear_dq8ca_coopmat_zpg_xe2bt_t128x128k64g84s16m8_texture3d_texture2d_half,2048,8192,3072,1.4412,71.524
b580,3b,8da4w,parent,sarc_dev_linear_dq8ca_coopmat_zpg_xe2bt_t128x128k64g84s16m8_texture3d_texture2d_half,2048,3072,8192,1.5377,67.033
b580,3b,8da4w,parent,sarc_dev_linear_dq8ca_coopmat_zpg_xe2bt_t128x128k64g84s16m8_texture3d_texture2d_half,2048,3072,3072,0.5329,72.53
b580,3b,8da4w,parent,sarc_dev_linear_dq8ca_coopmat_zpg_xe2bt_t128x128k64g84s16m8_texture3d_texture2d_half,2048,1024,3072,0.2074,62.117
b580,3b,8da4w,parent,sarc_dev_linear_dq8ca_coopmat_zpg_xe2bt_t128x128k64g84s16m8_texture3d_texture2d_half,2048,1024,3072,0.2028,63.535
b580,3b,8da4w,parent,sarc_dev_linear_dq8ca_coopmat_zpg_xe2bt_t128x128k64g84s16m8_texture3d_texture2d_half,2048,3072,3072,0.5209,74.202
b580,3b,8da4w,parent,sarc_dev_linear_dq8ca_coopmat_zpg_xe2bt_t128x128k64g84s16m8_texture3d_texture2d_half,2048,8192,3072,1.4836,69.481
b580,3b,8da4w,parent,sarc_dev_linear_dq8ca_coopmat_zpg_xe2bt_t128x128k64g84s16m8_texture3d_texture2d_half,2048,8192,3072,1.4379,71.687
b580,3b,8da4w,parent,sarc_dev_linear_dq8ca_coopmat_zpg_xe2bt_t128x128k64g84s16m8_texture3d_texture2d_half,2048,3072,8192,1.521,67.771
b580,3b,8da4w,parent,sarc_dev_linear_dq8ca_coopmat_zpg_xe2bt_t128x128k64g84s16m8_texture3d_texture2d_half,2048,3072,3072,0.5375,71.919
b580,3b,8da4w,parent,sarc_dev_linear_dq8ca_coopmat_zpg_xe2bt_t128x128k64g84s16m8_texture3d_texture2d_half,2048,1024,3072,0.2056,62.667
b580,3b,8da4w,parent,sarc_dev_linear_dq8ca_coopmat_zpg_xe2bt_t128x128k64g84s16m8_texture3d_texture2d_half,2048,1024,3072,0.1987,64.832
b580,3b,8da4w,parent,sarc_dev_linear_dq8ca_coopmat_zpg_xe2bt_t128x128k64g84s16m8_texture3d_texture2d_half,2048,3072,3072,0.5182,74.597
b580,3b,8da4w,parent,sarc_dev_linear_dq8ca_coopmat_zpg_xe2bt_t128x128k64g84s16m8_texture3d_texture2d_half,2048,8192,3072,1.5389,66.981
b580,3b,8da4w,parent,sarc_dev_linear_dq8ca_coopmat_zpg_xe2bt_t128x128k64g84s16m8_texture3d_texture2d_half,2048,8192,3072,1.4531,70.936
b580,3b,8da4w,parent,sarc_dev_linear_dq8ca_coopmat_zpg_xe2bt_t128x128k64g84s16m8_texture3d_texture2d_half,2048,3072,8192,1.5303,67.361
b580,3b,8da4w,parent,sarc_dev_linear_dq8ca_coopmat_zpg_xe2bt_t128x128k64g84s16m8_texture3d_texture2d_half,2048,3072,3072,0.5413,71.415
b580,3b,8da4w,parent,sarc_dev_linear_dq8ca_coopmat_zpg_xe2bt_t128x128k64g84s16m8_texture3d_texture2d_half,2048,1024,3072,0.2049,62.89
b580,3b,8da4w,parent,sarc_dev_linear_dq8ca_coopmat_zpg_xe2bt_t128x128k64g84s16m8_texture3d_texture2d_half,2048,1024,3072,0.2004,64.293
b580,3b,8da4w,parent,sarc_dev_linear_dq8ca_coopmat_zpg_xe2bt_t128x128k64g84s16m8_texture3d_texture2d_half,2048,3072,3072,0.526,73.484
b580,3b,8da4w,parent,sarc_dev_linear_dq8ca_coopmat_zpg_xe2bt_t128x128k64g84s16m8_texture3d_texture2d_half,2048,8192,3072,1.4934,69.021
b580,3b,8da4w,parent,sarc_dev_linear_dq8ca_coopmat_zpg_xe2bt_t128x128k64g84s16m8_texture3d_texture2d_half,2048,8192,3072,1.4487,71.152
b580,3b,8da4w,parent,sarc_dev_linear_dq8ca_coopmat_zpg_xe2bt_t128x128k64g84s16m8_texture3d_texture2d_half,2048,3072,8192,1.5656,65.839
b580,3b,8da4w,parent,sarc_dev_linear_dq8ca_coopmat_zpg_xe2bt_t128x128k64g84s16m8_texture3d_texture2d_half,2048,3072,3072,0.5282,73.18
b580,3b,8da4w,parent,sarc_dev_linear_dq8ca_coopmat_zpg_xe2bt_t128x128k64g84s16m8_texture3d_texture2d_half,2048,1024,3072,0.2069,62.289
b580,3b,8da4w,parent,sarc_dev_linear_dq8ca_coopmat_zpg_xe2bt_t128x128k64g84s16m8_texture3d_texture2d_half,2048,1024,3072,0.2043,63.082
b580,3b,8da4w,parent,sarc_dev_linear_dq8ca_coopmat_zpg_xe2bt_t128x128k64g84s16m8_texture3d_texture2d_half,2048,3072,3072,0.5207,74.232
b580,3b,8da4w,parent,sarc_dev_linear_dq8ca_coopmat_zpg_xe2bt_t128x128k64g84s16m8_texture3d_texture2d_half,2048,8192,3072,1.4842,69.449
b580,3b,8da4w,parent,sarc_dev_linear_dq8ca_coopmat_zpg_xe2bt_t128x128k64g84s16m8_texture3d_texture2d_half,2048,8192,3072,1.4373,71.716
b580,3b,8da4w,parent,sarc_dev_linear_dq8ca_coopmat_zpg_xe2bt_t128x128k64g84s16m8_texture3d_texture2d_half,2048,3072,8192,1.5533,66.362
b580,3b,8da4w,parent,sarc_dev_linear_dq8ca_coopmat_zpg_xe2bt_t128x128k64g84s16m8_texture3d_texture2d_half,2048,3072,3072,0.5247,73.673
b580,3b,8da4w,parent,sarc_dev_linear_dq8ca_coopmat_zpg_xe2bt_t128x128k64g84s16m8_texture3d_texture2d_half,2048,1024,3072,0.2042,63.098
b580,3b,8da4w,parent,sarc_dev_linear_dq8ca_coopmat_zpg_xe2bt_t128x128k64g84s16m8_texture3d_texture2d_half,2048,1024,3072,0.2015,63.945
b580,3b,8da4w,parent,sarc_dev_linear_dq8ca_coopmat_zpg_xe2bt_t128x128k64g84s16m8_texture3d_texture2d_half,2048,3072,3072,0.5243,73.724
b580,3b,8da4w,parent,sarc_dev_linear_dq8ca_coopmat_zpg_xe2bt_t128x128k64g84s16m8_texture3d_texture2d_half,2048,8192,3072,1.4998,68.727
b580,3b,8da4w,parent,sarc_dev_linear_dq8ca_coopmat_zpg_xe2bt_t128x128k64g84s16m8_texture3d_texture2d_half,2048,8192,3072,1.4644,70.391
b580,3b,8da4w,parent,sarc_dev_linear_dq8ca_coopmat_zpg_xe2bt_t128x128k64g84s16m8_texture3d_texture2d_half,2048,3072,8192,1.5643,65.894
b580,3b,8da4w,parent,sarc_dev_linear_dq8ca_coopmat_zpg_xe2bt_t128x128k64g84s16m8_texture3d_texture2d_half,2048,3072,3072,0.535,72.255
b580,3b,8da4w,parent,sarc_dev_linear_dq8ca_coopmat_zpg_xe2bt_t128x128k64g84s16m8_texture3d_texture2d_half,2048,1024,3072,0.2078,61.993
b580,3b,8da4w,parent,sarc_dev_linear_dq8ca_coopmat_zpg_xe2bt_t128x128k64g84s16m8_texture3d_texture2d_half,2048,1024,3072,0.2011,64.061
b580,3b,8da4w,parent,sarc_dev_linear_dq8ca_coopmat_zpg_xe2bt_t128x128k64g84s16m8_texture3d_texture2d_half,2048,3072,3072,0.5198,74.358
b580,3b,8da4w,parent,sarc_dev_linear_dq8ca_coopmat_zpg_xe2bt_t128x128k64g84s16m8_texture3d_texture2d_half,2048,8192,3072,1.4791,69.689
b580,3b,8da4w,parent,sarc_dev_linear_dq8ca_coopmat_zpg_xe2bt_t128x128k64g84s16m8_texture3d_texture2d_half,2048,8192,3072,1.4335,71.906
b580,3b,8da4w,parent,sarc_dev_linear_dq8ca_coopmat_zpg_xe2bt_t128x128k64g84s16m8_texture3d_texture2d_half,2048,3072,8192,1.5319,67.288
b580,3b,8da4w,parent,sarc_dev_linear_dq8ca_coopmat_zpg_xe2bt_t128x128k64g84s16m8_texture3d_texture2d_half,2048,3072,3072,0.5285,73.144
b580,3b,8da4w,parent,sarc_dev_linear_dq8ca_coopmat_zpg_xe2bt_t128x128k64g84s16m8_texture3d_texture2d_half,2048,1024,3072,0.2127,60.569
b580,3b,8da4w,parent,sarc_dev_linear_dq8ca_coopmat_zpg_xe2bt_t128x128k64g84s16m8_texture3d_texture2d_half,2048,1024,3072,0.1984,64.951
b580,3b,8da4w,parent,sarc_dev_linear_dq8ca_coopmat_zpg_xe2bt_t128x128k64g84s16m8_texture3d_texture2d_half,2048,3072,3072,0.5228,73.937
b580,3b,8da4w,parent,sarc_dev_linear_dq8ca_coopmat_zpg_xe2bt_t128x128k64g84s16m8_texture3d_texture2d_half,2048,8192,3072,1.4812,69.591
b580,3b,8da4w,parent,sarc_dev_linear_dq8ca_coopmat_zpg_xe2bt_t128x128k64g84s16m8_texture3d_texture2d_half,2048,8192,3072,1.4657,70.329
b580,3b,8da4w,parent,sarc_dev_linear_dq8ca_coopmat_zpg_xe2bt_t128x128k64g84s16m8_texture3d_texture2d_half,2048,3072,8192,1.5605,66.054
b580,3b,8da4w,parent,sarc_dev_linear_dq8ca_coopmat_zpg_xe2bt_t128x128k64g84s16m8_texture3d_texture2d_half,2048,3072,3072,0.5343,72.346
b580,3b,8da4w,parent,sarc_dev_linear_dq8ca_coopmat_zpg_xe2bt_t128x128k64g84s16m8_texture3d_texture2d_half,2048,1024,3072,0.2053,62.747
b580,3b,8da4w,parent,sarc_dev_linear_dq8ca_coopmat_zpg_xe2bt_t128x128k64g84s16m8_texture3d_texture2d_half,2048,1024,3072,0.1969,65.448
b580,3b,8da4w,parent,sarc_dev_linear_dq8ca_coopmat_zpg_xe2bt_t128x128k64g84s16m8_texture3d_texture2d_half,2048,3072,3072,0.5284,73.158
b580,3b,8da4w,parent,sarc_dev_linear_dq8ca_coopmat_zpg_xe2bt_t128x128k64g84s16m8_texture3d_texture2d_half,2048,8192,3072,1.4759,69.843
b580,3b,8da4w,parent,sarc_dev_linear_dq8ca_coopmat_zpg_xe2bt_t128x128k64g84s16m8_texture3d_texture2d_half,2048,8192,3072,1.4333,71.919
b580,3b,8da4w,parent,sarc_dev_linear_dq8ca_coopmat_zpg_xe2bt_t128x128k64g84s16m8_texture3d_texture2d_half,2048,3072,8192,1.5624,65.973
b580,3b,8da4w,parent,sarc_dev_linear_dq8ca_coopmat_zpg_xe2bt_t128x128k64g84s16m8_texture3d_texture2d_half,2048,3072,3072,0.5233,73.863
b580,3b,8da4w,parent,sarc_dev_linear_dq8ca_coopmat_zpg_xe2bt_t128x128k64g84s16m8_texture3d_texture2d_half,2048,1024,3072,0.2064,62.415
b580,3b,8da4w,parent,sarc_dev_linear_dq8ca_coopmat_zpg_xe2bt_t128x128k64g84s16m8_texture3d_texture2d_half,2048,1024,3072,0.1993,64.646
b580,3b,8da4w,parent,sarc_dev_linear_dq8ca_coopmat_zpg_xe2bt_t128x128k64g84s16m8_texture3d_texture2d_half,2048,3072,3072,0.5246,73.688
b580,3b,8da4w,parent,sarc_dev_linear_dq8ca_coopmat_zpg_xe2bt_t128x128k64g84s16m8_texture3d_texture2d_half,2048,8192,3072,1.5046,68.511
b580,3b,8da4w,parent,sarc_dev_linear_dq8ca_coopmat_zpg_xe2bt_t128x128k64g84s16m8_texture3d_texture2d_half,2048,8192,3072,1.46,70.602
b580,3b,8da4w,parent,sarc_dev_linear_dq8ca_coopmat_zpg_xe2bt_t128x128k64g84s16m8_texture3d_texture2d_half,2048,3072,8192,1.5365,67.085
b580,3b,8da4w,parent,sarc_dev_linear_dq8ca_coopmat_zpg_xe2bt_t128x128k64g84s16m8_texture3d_texture2d_half,2048,3072,3072,0.5236,73.819
b580,3b,8da4w,parent,sarc_dev_linear_dq8ca_coopmat_zpg_xe2bt_t128x128k64g84s16m8_texture3d_texture2d_half,2048,1024,3072,0.2058,62.604
b580,3b,8da4w,parent,sarc_dev_linear_dq8ca_coopmat_zpg_xe2bt_t128x128k64g84s16m8_texture3d_texture2d_half,2048,1024,3072,0.2035,63.324
b580,3b,8da4w,parent,sarc_dev_linear_dq8ca_coopmat_zpg_xe2bt_t128x128k64g84s16m8_texture3d_texture2d_half,2048,3072,3072,0.5229,73.929
b580,3b,8da4w,parent,sarc_dev_linear_dq8ca_coopmat_zpg_xe2bt_t128x128k64g84s16m8_texture3d_texture2d_half,2048,8192,3072,1.4886,69.248
b580,3b,8da4w,parent,sarc_dev_linear_dq8ca_coopmat_zpg_xe2bt_t128x128k64g84s16m8_texture3d_texture2d_half,2048,8192,3072,1.4528,70.951
b580,3b,8da4w,parent,sarc_dev_linear_dq8ca_coopmat_zpg_xe2bt_t128x128k64g84s16m8_texture3d_texture2d_half,2048,3072,8192,1.5474,66.614
b580,3b,8da4w,parent,sarc_dev_linear_dq8ca_coopmat_zpg_xe2bt_t128x128k64g84s16m8_texture3d_texture2d_half,2048,3072,3072,0.5309,72.807
b580,3b,8da4w,parent,sarc_dev_linear_dq8ca_coopmat_zpg_xe2bt_t128x128k64g84s16m8_texture3d_texture2d_half,2048,1024,3072,0.2073,62.149
b580,3b,8da4w,parent,sarc_dev_linear_dq8ca_coopmat_zpg_xe2bt_t128x128k64g84s16m8_texture3d_texture2d_half,2048,1024,3072,0.2005,64.277
b580,3b,8da4w,parent,sarc_dev_linear_dq8ca_coopmat_zpg_xe2bt_t128x128k64g84s16m8_texture3d_texture2d_half,2048,3072,3072,0.5227,73.951
b580,3b,8da4w,parent,sarc_dev_linear_dq8ca_coopmat_zpg_xe2bt_t128x128k64g84s16m8_texture3d_texture2d_half,2048,8192,3072,1.4766,69.806
b580,3b,8da4w,parent,sarc_dev_linear_dq8ca_coopmat_zpg_xe2bt_t128x128k64g84s16m8_texture3d_texture2d_half,2048,8192,3072,1.4432,71.424
b580,3b,8da4w,parent,sarc_dev_linear_dq8ca_coopmat_zpg_xe2bt_t128x128k64g84s16m8_texture3d_texture2d_half,2048,3072,8192,1.5578,66.171
b580,3b,8da4w,parent,sarc_dev_linear_dq8ca_coopmat_zpg_xe2bt_t128x128k64g84s16m8_texture3d_texture2d_half,2048,3072,3072,0.5283,73.173
b580,3b,8da4w,parent,sarc_dev_linear_dq8ca_coopmat_zpg_xe2bt_t128x128k64g84s16m8_texture3d_texture2d_half,2048,1024,3072,0.2108,61.122
b580,3b,8da4w,parent,sarc_dev_linear_dq8ca_coopmat_zpg_xe2bt_t128x128k64g84s16m8_texture3d_texture2d_half,2048,1024,3072,0.2,64.427
b580,3b,8da4w,parent,sarc_dev_linear_dq8ca_coopmat_zpg_xe2bt_t128x128k64g84s16m8_texture3d_texture2d_half,2048,3072,3072,0.5212,74.165
b580,3b,8da4w,parent,sarc_dev_linear_dq8ca_coopmat_zpg_xe2bt_t128x128k64g84s16m8_texture3d_texture2d_half,2048,8192,3072,1.4827,69.522
b580,3b,8da4w,parent,sarc_dev_linear_dq8ca_coopmat_zpg_xe2bt_t128x128k64g84s16m8_texture3d_texture2d_half,2048,8192,3072,1.4239,72.391
b580,3b,8da4w,parent,sarc_dev_linear_dq8ca_coopmat_zpg_xe2bt_t128x128k64g84s16m8_texture3d_texture2d_half,2048,3072,8192,1.5498,66.513
b580,8b,4w,cand,sarc_linear_q4gsw_coopmat_t128x128k16g44s16m8fli_texture3d_texture2d_half,2048,4096,4096,1.5578,44.114
b580,8b,4w,cand,sarc_linear_q4gsw_coopmat_t128x128k16g44s16m8fli_texture3d_texture2d_half,2048,1024,4096,0.4431,38.773
b580,8b,4w,cand,sarc_linear_q4gsw_coopmat_t128x128k16g44s16m8fli_texture3d_texture2d_half,2048,1024,4096,0.4386,39.173
b580,8b,4w,cand,sarc_linear_q4gsw_coopmat_t128x128k16g44s16m8fli_texture3d_texture2d_half,2048,4096,4096,1.5198,45.218
b580,8b,4w,cand,sarc_linear_q4gsw_coopmat_t128x128k16g44s16m8fli_texture3d_texture2d_half,2048,14336,4096,5.5277,43.512
b580,8b,4w,cand,sarc_linear_q4gsw_coopmat_t128x128k16g44s16m8fli_texture3d_texture2d_half,2048,14336,4096,5.5279,43.51
b580,8b,4w,cand,sarc_linear_q4gsw_coopmat_t128x128k16g44s16m8fli_texture3d_texture2d_half,2048,4096,14336,5.6489,42.578
b580,8b,4w,cand,sarc_linear_q4gsw_coopmat_t128x128k16g44s16m8fli_texture3d_texture2d_half,2048,4096,4096,1.5247,45.071
b580,8b,4w,cand,sarc_linear_q4gsw_coopmat_t128x128k16g44s16m8fli_texture3d_texture2d_half,2048,1024,4096,0.4381,39.214
b580,8b,4w,cand,sarc_linear_q4gsw_coopmat_t128x128k16g44s16m8fli_texture3d_texture2d_half,2048,1024,4096,0.437,39.317
b580,8b,4w,cand,sarc_linear_q4gsw_coopmat_t128x128k16g44s16m8fli_texture3d_texture2d_half,2048,4096,4096,1.4927,46.038
b580,8b,4w,cand,sarc_linear_q4gsw_coopmat_t128x128k16g44s16m8fli_texture3d_texture2d_half,2048,14336,4096,5.4935,43.782
b580,8b,4w,cand,sarc_linear_q4gsw_coopmat_t128x128k16g44s16m8fli_texture3d_texture2d_half,2048,14336,4096,5.4797,43.893
b580,8b,4w,cand,sarc_linear_q4gsw_coopmat_t128x128k16g44s16m8fli_texture3d_texture2d_half,2048,4096,14336,5.6877,42.287
b580,8b,4w,cand,sarc_linear_q4gsw_coopmat_t128x128k16g44s16m8fli_texture3d_texture2d_half,2048,4096,4096,1.5107,45.49
b580,8b,4w,cand,sarc_linear_q4gsw_coopmat_t128x128k16g44s16m8fli_texture3d_texture2d_half,2048,1024,4096,0.4354,39.458
b580,8b,4w,cand,sarc_linear_q4gsw_coopmat_t128x128k16g44s16m8fli_texture3d_texture2d_half,2048,1024,4096,0.4357,39.43
b580,8b,4w,cand,sarc_linear_q4gsw_coopmat_t128x128k16g44s16m8fli_texture3d_texture2d_half,2048,4096,4096,1.494,45.997
b580,8b,4w,cand,sarc_linear_q4gsw_coopmat_t128x128k16g44s16m8fli_texture3d_texture2d_half,2048,14336,4096,5.5271,43.516
b580,8b,4w,cand,sarc_linear_q4gsw_coopmat_t128x128k16g44s16m8fli_texture3d_texture2d_half,2048,14336,4096,5.5466,43.363
b580,8b,4w,cand,sarc_linear_q4gsw_coopmat_t128x128k16g44s16m8fli_texture3d_texture2d_half,2048,4096,14336,5.69,42.27
b580,8b,4w,cand,sarc_linear_q4gsw_coopmat_t128x128k16g44s16m8fli_texture3d_texture2d_half,2048,4096,4096,1.5198,45.216
b580,8b,4w,cand,sarc_linear_q4gsw_coopmat_t128x128k16g44s16m8fli_texture3d_texture2d_half,2048,1024,4096,0.4377,39.252
b580,8b,4w,cand,sarc_linear_q4gsw_coopmat_t128x128k16g44s16m8fli_texture3d_texture2d_half,2048,1024,4096,0.4338,39.605
b580,8b,4w,cand,sarc_linear_q4gsw_coopmat_t128x128k16g44s16m8fli_texture3d_texture2d_half,2048,4096,4096,1.4947,45.974
b580,8b,4w,cand,sarc_linear_q4gsw_coopmat_t128x128k16g44s16m8fli_texture3d_texture2d_half,2048,14336,4096,5.4774,43.911
b580,8b,4w,cand,sarc_linear_q4gsw_coopmat_t128x128k16g44s16m8fli_texture3d_texture2d_half,2048,14336,4096,5.5577,43.277
b580,8b,4w,cand,sarc_linear_q4gsw_coopmat_t128x128k16g44s16m8fli_texture3d_texture2d_half,2048,4096,14336,5.6558,42.526
b580,8b,4w,cand,sarc_linear_q4gsw_coopmat_t128x128k16g44s16m8fli_texture3d_texture2d_half,2048,4096,4096,1.511,45.479
b580,8b,4w,cand,sarc_linear_q4gsw_coopmat_t128x128k16g44s16m8fli_texture3d_texture2d_half,2048,1024,4096,0.4387,39.159
b580,8b,4w,cand,sarc_linear_q4gsw_coopmat_t128x128k16g44s16m8fli_texture3d_texture2d_half,2048,1024,4096,0.4556,37.706
b580,8b,4w,cand,sarc_linear_q4gsw_coopmat_t128x128k16g44s16m8fli_texture3d_texture2d_half,2048,4096,4096,1.4973,45.894
b580,8b,4w,cand,sarc_linear_q4gsw_coopmat_t128x128k16g44s16m8fli_texture3d_texture2d_half,2048,14336,4096,5.4896,43.813
b580,8b,4w,cand,sarc_linear_q4gsw_coopmat_t128x128k16g44s16m8fli_texture3d_texture2d_half,2048,14336,4096,5.5375,43.434
b580,8b,4w,cand,sarc_linear_q4gsw_coopmat_t128x128k16g44s16m8fli_texture3d_texture2d_half,2048,4096,14336,5.6895,42.274
b580,8b,4w,cand,sarc_linear_q4gsw_coopmat_t128x128k16g44s16m8fli_texture3d_texture2d_half,2048,4096,4096,1.5273,44.994
b580,8b,4w,cand,sarc_linear_q4gsw_coopmat_t128x128k16g44s16m8fli_texture3d_texture2d_half,2048,1024,4096,0.4388,39.154
b580,8b,4w,cand,sarc_linear_q4gsw_coopmat_t128x128k16g44s16m8fli_texture3d_texture2d_half,2048,1024,4096,0.4371,39.303
b580,8b,4w,cand,sarc_linear_q4gsw_coopmat_t128x128k16g44s16m8fli_texture3d_texture2d_half,2048,4096,4096,1.4988,45.848
b580,8b,4w,cand,sarc_linear_q4gsw_coopmat_t128x128k16g44s16m8fli_texture3d_texture2d_half,2048,14336,4096,5.5283,43.506
b580,8b,4w,cand,sarc_linear_q4gsw_coopmat_t128x128k16g44s16m8fli_texture3d_texture2d_half,2048,14336,4096,5.5336,43.465
b580,8b,4w,cand,sarc_linear_q4gsw_coopmat_t128x128k16g44s16m8fli_texture3d_texture2d_half,2048,4096,14336,5.6742,42.388
b580,8b,4w,cand,sarc_linear_q4gsw_coopmat_t128x128k16g44s16m8fli_texture3d_texture2d_half,2048,4096,4096,1.523,45.12
b580,8b,4w,cand,sarc_linear_q4gsw_coopmat_t128x128k16g44s16m8fli_texture3d_texture2d_half,2048,1024,4096,0.4421,38.859
b580,8b,4w,cand,sarc_linear_q4gsw_coopmat_t128x128k16g44s16m8fli_texture3d_texture2d_half,2048,1024,4096,0.4384,39.191
b580,8b,4w,cand,sarc_linear_q4gsw_coopmat_t128x128k16g44s16m8fli_texture3d_texture2d_half,2048,4096,4096,1.5014,45.77
b580,8b,4w,cand,sarc_linear_q4gsw_coopmat_t128x128k16g44s16m8fli_texture3d_texture2d_half,2048,14336,4096,5.5607,43.253
b580,8b,4w,cand,sarc_linear_q4gsw_coopmat_t128x128k16g44s16m8fli_texture3d_texture2d_half,2048,14336,4096,5.5606,43.254
b580,8b,4w,cand,sarc_linear_q4gsw_coopmat_t128x128k16g44s16m8fli_texture3d_texture2d_half,2048,4096,14336,5.6601,42.494
b580,8b,4w,cand,sarc_linear_q4gsw_coopmat_t128x128k16g44s16m8fli_texture3d_texture2d_half,2048,4096,4096,1.5095,45.526
b580,8b,4w,cand,sarc_linear_q4gsw_coopmat_t128x128k16g44s16m8fli_texture3d_texture2d_half,2048,1024,4096,0.4635,37.063
b580,8b,4w,cand,sarc_linear_q4gsw_coopmat_t128x128k16g44s16m8fli_texture3d_texture2d_half,2048,1024,4096,0.444,38.695
b580,8b,4w,cand,sarc_linear_q4gsw_coopmat_t128x128k16g44s16m8fli_texture3d_texture2d_half,2048,4096,4096,1.5246,45.073
b580,8b,4w,cand,sarc_linear_q4gsw_coopmat_t128x128k16g44s16m8fli_texture3d_texture2d_half,2048,14336,4096,5.5241,43.54
b580,8b,4w,cand,sarc_linear_q4gsw_coopmat_t128x128k16g44s16m8fli_texture3d_texture2d_half,2048,14336,4096,5.5649,43.221
b580,8b,4w,cand,sarc_linear_q4gsw_coopmat_t128x128k16g44s16m8fli_texture3d_texture2d_half,2048,4096,14336,5.7709,41.678
b580,8b,4w,cand,sarc_linear_q4gsw_coopmat_t128x128k16g44s16m8fli_texture3d_texture2d_half,2048,4096,4096,1.5218,45.156
b580,8b,4w,cand,sarc_linear_q4gsw_coopmat_t128x128k16g44s16m8fli_texture3d_texture2d_half,2048,1024,4096,0.4409,38.969
b580,8b,4w,cand,sarc_linear_q4gsw_coopmat_t128x128k16g44s16m8fli_texture3d_texture2d_half,2048,1024,4096,0.4397,39.075
b580,8b,4w,cand,sarc_linear_q4gsw_coopmat_t128x128k16g44s16m8fli_texture3d_texture2d_half,2048,4096,4096,1.512,45.449
b580,8b,4w,cand,sarc_linear_q4gsw_coopmat_t128x128k16g44s16m8fli_texture3d_texture2d_half,2048,14336,4096,5.5299,43.494
b580,8b,4w,cand,sarc_linear_q4gsw_coopmat_t128x128k16g44s16m8fli_texture3d_texture2d_half,2048,14336,4096,5.5217,43.559
b580,8b,4w,cand,sarc_linear_q4gsw_coopmat_t128x128k16g44s16m8fli_texture3d_texture2d_half,2048,4096,14336,5.773,41.663
b580,8b,4w,cand,sarc_linear_q4gsw_coopmat_t128x128k16g44s16m8fli_texture3d_texture2d_half,2048,4096,4096,1.5276,44.985
b580,8b,4w,cand,sarc_linear_q4gsw_coopmat_t128x128k16g44s16m8fli_texture3d_texture2d_half,2048,1024,4096,0.4429,38.791
b580,8b,4w,cand,sarc_linear_q4gsw_coopmat_t128x128k16g44s16m8fli_texture3d_texture2d_half,2048,1024,4096,0.4418,38.882
b580,8b,4w,cand,sarc_linear_q4gsw_coopmat_t128x128k16g44s16m8fli_texture3d_texture2d_half,2048,4096,4096,1.5221,45.147
b580,8b,4w,cand,sarc_linear_q4gsw_coopmat_t128x128k16g44s16m8fli_texture3d_texture2d_half,2048,14336,4096,5.5439,43.384
b580,8b,4w,cand,sarc_linear_q4gsw_coopmat_t128x128k16g44s16m8fli_texture3d_texture2d_half,2048,14336,4096,5.5675,43.2
b580,8b,4w,cand,sarc_linear_q4gsw_coopmat_t128x128k16g44s16m8fli_texture3d_texture2d_half,2048,4096,14336,5.7656,41.716
b580,8b,4w,cand,sarc_linear_q4gsw_coopmat_t128x128k16g44s16m8fli_texture3d_texture2d_half,2048,4096,4096,1.5227,45.131
b580,8b,4w,cand,sarc_linear_q4gsw_coopmat_t128x128k16g44s16m8fli_texture3d_texture2d_half,2048,1024,4096,0.4447,38.632
b580,8b,4w,cand,sarc_linear_q4gsw_coopmat_t128x128k16g44s16m8fli_texture3d_texture2d_half,2048,1024,4096,0.4558,37.689
b580,8b,4w,cand,sarc_linear_q4gsw_coopmat_t128x128k16g44s16m8fli_texture3d_texture2d_half,2048,4096,4096,1.5003,45.805
b580,8b,4w,cand,sarc_linear_q4gsw_coopmat_t128x128k16g44s16m8fli_texture3d_texture2d_half,2048,14336,4096,5.5413,43.404
b580,8b,4w,cand,sarc_linear_q4gsw_coopmat_t128x128k16g44s16m8fli_texture3d_texture2d_half,2048,14336,4096,5.5708,43.175
b580,8b,4w,cand,sarc_linear_q4gsw_coopmat_t128x128k16g44s16m8fli_texture3d_texture2d_half,2048,4096,14336,5.6997,42.198
b580,8b,4w,cand,sarc_linear_q4gsw_coopmat_t128x128k16g44s16m8fli_texture3d_texture2d_half,2048,4096,4096,1.5274,44.99
b580,8b,4w,cand,sarc_linear_q4gsw_coopmat_t128x128k16g44s16m8fli_texture3d_texture2d_half,2048,1024,4096,0.4416,38.905
b580,8b,4w,cand,sarc_linear_q4gsw_coopmat_t128x128k16g44s16m8fli_texture3d_texture2d_half,2048,1024,4096,0.4406,38.992
b580,8b,4w,cand,sarc_linear_q4gsw_coopmat_t128x128k16g44s16m8fli_texture3d_texture2d_half,2048,4096,4096,1.5491,44.36
b580,8b,4w,cand,sarc_linear_q4gsw_coopmat_t128x128k16g44s16m8fli_texture3d_texture2d_half,2048,14336,4096,5.5618,43.245
b580,8b,4w,cand,sarc_linear_q4gsw_coopmat_t128x128k16g44s16m8fli_texture3d_texture2d_half,2048,14336,4096,5.5652,43.218
b580,8b,4w,cand,sarc_linear_q4gsw_coopmat_t128x128k16g44s16m8fli_texture3d_texture2d_half,2048,4096,14336,5.7065,42.148
b580,8b,4w,cand,sarc_linear_q4gsw_coopmat_t128x128k16g44s16m8fli_texture3d_texture2d_half,2048,4096,4096,1.5291,44.941
b580,8b,4w,cand,sarc_linear_q4gsw_coopmat_t128x128k16g44s16m8fli_texture3d_texture2d_half,2048,1024,4096,0.447,38.43
b580,8b,4w,cand,sarc_linear_q4gsw_coopmat_t128x128k16g44s16m8fli_texture3d_texture2d_half,2048,1024,4096,0.4404,39.006
b580,8b,4w,cand,sarc_linear_q4gsw_coopmat_t128x128k16g44s16m8fli_texture3d_texture2d_half,2048,4096,4096,1.5333,44.817
b580,8b,4w,cand,sarc_linear_q4gsw_coopmat_t128x128k16g44s16m8fli_texture3d_texture2d_half,2048,14336,4096,5.5675,43.2
b580,8b,4w,cand,sarc_linear_q4gsw_coopmat_t128x128k16g44s16m8fli_texture3d_texture2d_half,2048,14336,4096,5.5658,43.213
b580,8b,4w,cand,sarc_linear_q4gsw_coopmat_t128x128k16g44s16m8fli_texture3d_texture2d_half,2048,4096,14336,5.7559,41.787
b580,8b,4w,cand,sarc_linear_q4gsw_coopmat_t128x128k16g44s16m8fli_texture3d_texture2d_half,2048,4096,4096,1.5065,45.614
b580,8b,4w,cand,sarc_linear_q4gsw_coopmat_t128x128k16g44s16m8fli_texture3d_texture2d_half,2048,1024,4096,0.4604,37.319
b580,8b,4w,cand,sarc_linear_q4gsw_coopmat_t128x128k16g44s16m8fli_texture3d_texture2d_half,2048,1024,4096,0.4382,39.205
b580,8b,4w,cand,sarc_linear_q4gsw_coopmat_t128x128k16g44s16m8fli_texture3d_texture2d_half,2048,4096,4096,1.527,45.002
b580,8b,4w,cand,sarc_linear_q4gsw_coopmat_t128x128k16g44s16m8fli_texture3d_texture2d_half,2048,14336,4096,5.5905,43.023
b580,8b,4w,cand,sarc_linear_q4gsw_coopmat_t128x128k16g44s16m8fli_texture3d_texture2d_half,2048,14336,4096,5.5485,43.348
b580,8b,4w,cand,sarc_linear_q4gsw_coopmat_t128x128k16g44s16m8fli_texture3d_texture2d_half,2048,4096,14336,5.7299,41.976
b580,8b,4w,cand,sarc_linear_q4gsw_coopmat_t128x128k16g44s16m8fli_texture3d_texture2d_half,2048,4096,4096,1.5264,45.02
b580,8b,4w,cand,sarc_linear_q4gsw_coopmat_t128x128k16g44s16m8fli_texture3d_texture2d_half,2048,1024,4096,0.4445,38.65
b580,8b,4w,cand,sarc_linear_q4gsw_coopmat_t128x128k16g44s16m8fli_texture3d_texture2d_half,2048,1024,4096,0.4397,39.075
b580,8b,4w,cand,sarc_linear_q4gsw_coopmat_t128x128k16g44s16m8fli_texture3d_texture2d_half,2048,4096,4096,1.5154,45.346
b580,8b,4w,cand,sarc_linear_q4gsw_coopmat_t128x128k16g44s16m8fli_texture3d_texture2d_half,2048,14336,4096,5.5354,43.451
b580,8b,4w,cand,sarc_linear_q4gsw_coopmat_t128x128k16g44s16m8fli_texture3d_texture2d_half,2048,14336,4096,5.5156,43.607
b580,8b,4w,cand,sarc_linear_q4gsw_coopmat_t128x128k16g44s16m8fli_texture3d_texture2d_half,2048,4096,14336,5.7513,41.82
b580,8b,4w,cand,sarc_linear_q4gsw_coopmat_t128x128k16g44s16m8fli_texture3d_texture2d_half,2048,4096,4096,1.5269,45.005
b580,8b,4w,cand,sarc_linear_q4gsw_coopmat_t128x128k16g44s16m8fli_texture3d_texture2d_half,2048,1024,4096,0.4417,38.891
b580,8b,4w,cand,sarc_linear_q4gsw_coopmat_t128x128k16g44s16m8fli_texture3d_texture2d_half,2048,1024,4096,0.4386,39.168
b580,8b,4w,cand,sarc_linear_q4gsw_coopmat_t128x128k16g44s16m8fli_texture3d_texture2d_half,2048,4096,4096,1.5203,45.201
b580,8b,4w,cand,sarc_linear_q4gsw_coopmat_t128x128k16g44s16m8fli_texture3d_texture2d_half,2048,14336,4096,5.5722,43.164
b580,8b,4w,cand,sarc_linear_q4gsw_coopmat_t128x128k16g44s16m8fli_texture3d_texture2d_half,2048,14336,4096,5.5769,43.127
b580,8b,4w,cand,sarc_linear_q4gsw_coopmat_t128x128k16g44s16m8fli_texture3d_texture2d_half,2048,4096,14336,5.756,41.785
b580,8b,4w,cand,sarc_linear_q4gsw_coopmat_t128x128k16g44s16m8fli_texture3d_texture2d_half,2048,4096,4096,1.5271,45.0
b580,8b,4w,cand,sarc_linear_q4gsw_coopmat_t128x128k16g44s16m8fli_texture3d_texture2d_half,2048,1024,4096,0.4416,38.905
b580,8b,4w,cand,sarc_linear_q4gsw_coopmat_t128x128k16g44s16m8fli_texture3d_texture2d_half,2048,1024,4096,0.4403,39.02
b580,8b,4w,cand,sarc_linear_q4gsw_coopmat_t128x128k16g44s16m8fli_texture3d_texture2d_half,2048,4096,4096,1.5135,45.404
b580,8b,4w,cand,sarc_linear_q4gsw_coopmat_t128x128k16g44s16m8fli_texture3d_texture2d_half,2048,14336,4096,5.5296,43.496
b580,8b,4w,cand,sarc_linear_q4gsw_coopmat_t128x128k16g44s16m8fli_texture3d_texture2d_half,2048,14336,4096,5.563,43.236
b580,8b,4w,cand,sarc_linear_q4gsw_coopmat_t128x128k16g44s16m8fli_texture3d_texture2d_half,2048,4096,14336,5.884,40.877
b580,8b,4w,cand,sarc_linear_q4gsw_coopmat_t128x128k16g44s16m8fli_texture3d_texture2d_half,2048,4096,4096,1.5419,44.569
b580,8b,4w,cand,sarc_linear_q4gsw_coopmat_t128x128k16g44s16m8fli_texture3d_texture2d_half,2048,1024,4096,0.4608,37.281
b580,8b,4w,cand,sarc_linear_q4gsw_coopmat_t128x128k16g44s16m8fli_texture3d_texture2d_half,2048,1024,4096,0.4389,39.145
b580,8b,4w,cand,sarc_linear_q4gsw_coopmat_t128x128k16g44s16m8fli_texture3d_texture2d_half,2048,4096,4096,1.5245,45.076
b580,8b,4w,cand,sarc_linear_q4gsw_coopmat_t128x128k16g44s16m8fli_texture3d_texture2d_half,2048,14336,4096,5.6084,42.886
b580,8b,4w,cand,sarc_linear_q4gsw_coopmat_t128x128k16g44s16m8fli_texture3d_texture2d_half,2048,14336,4096,5.5844,43.069
b580,8b,4w,cand,sarc_linear_q4gsw_coopmat_t128x128k16g44s16m8fli_texture3d_texture2d_half,2048,4096,14336,5.7342,41.945
b580,8b,4w,cand,sarc_linear_q4gsw_coopmat_t128x128k16g44s16m8fli_texture3d_texture2d_half,2048,4096,4096,1.5095,45.524
b580,8b,4w,cand,sarc_linear_q4gsw_coopmat_t128x128k16g44s16m8fli_texture3d_texture2d_half,2048,1024,4096,0.4416,38.901
b580,8b,4w,cand,sarc_linear_q4gsw_coopmat_t128x128k16g44s16m8fli_texture3d_texture2d_half,2048,1024,4096,0.4427,38.809
b580,8b,4w,cand,sarc_linear_q4gsw_coopmat_t128x128k16g44s16m8fli_texture3d_texture2d_half,2048,4096,4096,1.5282,44.967
b580,8b,4w,cand,sarc_linear_q4gsw_coopmat_t128x128k16g44s16m8fli_texture3d_texture2d_half,2048,14336,4096,5.594,42.996
b580,8b,4w,cand,sarc_linear_q4gsw_coopmat_t128x128k16g44s16m8fli_texture3d_texture2d_half,2048,14336,4096,5.5292,43.5
b580,8b,4w,cand,sarc_linear_q4gsw_coopmat_t128x128k16g44s16m8fli_texture3d_texture2d_half,2048,4096,14336,5.8415,41.174
b580,8b,4w,cand,sarc_linear_q4gsw_coopmat_t128x128k16g44s16m8fli_texture3d_texture2d_half,2048,4096,4096,1.5284,44.962
b580,8b,4w,cand,sarc_linear_q4gsw_coopmat_t128x128k16g44s16m8fli_texture3d_texture2d_half,2048,1024,4096,0.4481,38.341
b580,8b,4w,cand,sarc_linear_q4gsw_coopmat_t128x128k16g44s16m8fli_texture3d_texture2d_half,2048,1024,4096,0.4391,39.126
b580,8b,4w,cand,sarc_linear_q4gsw_coopmat_t128x128k16g44s16m8fli_texture3d_texture2d_half,2048,4096,4096,1.5096,45.523
b580,8b,4w,cand,sarc_linear_q4gsw_coopmat_t128x128k16g44s16m8fli_texture3d_texture2d_half,2048,14336,4096,5.5455,43.371
b580,8b,4w,cand,sarc_linear_q4gsw_coopmat_t128x128k16g44s16m8fli_texture3d_texture2d_half,2048,14336,4096,5.5252,43.531
b580,8b,4w,cand,sarc_linear_q4gsw_coopmat_t128x128k16g44s16m8fli_texture3d_texture2d_half,2048,4096,14336,5.7481,41.843
b580,8b,4w,cand,sarc_linear_q4gsw_coopmat_t128x128k16g44s16m8fli_texture3d_texture2d_half,2048,4096,4096,1.5365,44.725
b580,8b,4w,cand,sarc_linear_q4gsw_coopmat_t128x128k16g44s16m8fli_texture3d_texture2d_half,2048,1024,4096,0.4499,38.186
b580,8b,4w,cand,sarc_linear_q4gsw_coopmat_t128x128k16g44s16m8fli_texture3d_texture2d_half,2048,1024,4096,0.4401,39.034
b580,8b,4w,cand,sarc_linear_q4gsw_coopmat_t128x128k16g44s16m8fli_texture3d_texture2d_half,2048,4096,4096,1.5247,45.071
b580,8b,4w,cand,sarc_linear_q4gsw_coopmat_t128x128k16g44s16m8fli_texture3d_texture2d_half,2048,14336,4096,5.5566,43.285
b580,8b,4w,cand,sarc_linear_q4gsw_coopmat_t128x128k16g44s16m8fli_texture3d_texture2d_half,2048,14336,4096,5.611,42.865
b580,8b,4w,cand,sarc_linear_q4gsw_coopmat_t128x128k16g44s16m8fli_texture3d_texture2d_half,2048,4096,14336,5.7074,42.141
b580,8b,4w,cand,sarc_linear_q4gsw_coopmat_t128x128k16g44s16m8fli_texture3d_texture2d_half,2048,4096,4096,1.5282,44.967
b580,8b,4w,cand,sarc_linear_q4gsw_coopmat_t128x128k16g44s16m8fli_texture3d_texture2d_half,2048,1024,4096,0.4429,38.791
b580,8b,4w,cand,sarc_linear_q4gsw_coopmat_t128x128k16g44s16m8fli_texture3d_texture2d_half,2048,1024,4096,0.4394,39.098
b580,8b,4w,cand,sarc_linear_q4gsw_coopmat_t128x128k16g44s16m8fli_texture3d_texture2d_half,2048,4096,4096,1.5356,44.752
b580,8b,4w,cand,sarc_linear_q4gsw_coopmat_t128x128k16g44s16m8fli_texture3d_texture2d_half,2048,14336,4096,5.592,43.011
b580,8b,4w,cand,sarc_linear_q4gsw_coopmat_t128x128k16g44s16m8fli_texture3d_texture2d_half,2048,14336,4096,5.5974,42.97
b580,8b,4w,cand,sarc_linear_q4gsw_coopmat_t128x128k16g44s16m8fli_texture3d_texture2d_half,2048,4096,14336,5.7574,41.775
b580,8b,4w,cand,sarc_linear_q4gsw_coopmat_t128x128k16g44s16m8fli_texture3d_texture2d_half,2048,4096,4096,1.5145,45.374
b580,8b,4w,cand,sarc_linear_q4gsw_coopmat_t128x128k16g44s16m8fli_texture3d_texture2d_half,2048,1024,4096,0.4461,38.511
b580,8b,4w,cand,sarc_linear_q4gsw_coopmat_t128x128k16g44s16m8fli_texture3d_texture2d_half,2048,1024,4096,0.4408,38.974
b580,8b,4w,cand,sarc_linear_q4gsw_coopmat_t128x128k16g44s16m8fli_texture3d_texture2d_half,2048,4096,4096,1.5323,44.848
b580,8b,4w,cand,sarc_linear_q4gsw_coopmat_t128x128k16g44s16m8fli_texture3d_texture2d_half,2048,14336,4096,5.5514,43.326
b580,8b,4w,cand,sarc_linear_q4gsw_coopmat_t128x128k16g44s16m8fli_texture3d_texture2d_half,2048,14336,4096,5.5739,43.151
b580,8b,4w,cand,sarc_linear_q4gsw_coopmat_t128x128k16g44s16m8fli_texture3d_texture2d_half,2048,4096,14336,5.7484,41.841
b580,8b,4w,cand,sarc_linear_q4gsw_coopmat_t128x128k16g44s16m8fli_texture3d_texture2d_half,2048,4096,4096,1.5265,45.019
b580,8b,4w,cand,sarc_linear_q4gsw_coopmat_t128x128k16g44s16m8fli_texture3d_texture2d_half,2048,1024,4096,0.4419,38.873
b580,8b,4w,cand,sarc_linear_q4gsw_coopmat_t128x128k16g44s16m8fli_texture3d_texture2d_half,2048,1024,4096,0.441,38.96
b580,8b,4w,cand,sarc_linear_q4gsw_coopmat_t128x128k16g44s16m8fli_texture3d_texture2d_half,2048,4096,4096,1.5127,45.427
b580,8b,4w,cand,sarc_linear_q4gsw_coopmat_t128x128k16g44s16m8fli_texture3d_texture2d_half,2048,14336,4096,5.564,43.228
b580,8b,4w,cand,sarc_linear_q4gsw_coopmat_t128x128k16g44s16m8fli_texture3d_texture2d_half,2048,14336,4096,5.5957,42.983
b580,8b,4w,cand,sarc_linear_q4gsw_coopmat_t128x128k16g44s16m8fli_texture3d_texture2d_half,2048,4096,14336,5.7376,41.919
b580,8b,4w,cand,sarc_linear_q4gsw_coopmat_t128x128k16g44s16m8fli_texture3d_texture2d_half,2048,4096,4096,1.5437,44.517
b580,8b,4w,cand,sarc_linear_q4gsw_coopmat_t128x128k16g44s16m8fli_texture3d_texture2d_half,2048,1024,4096,0.4439,38.7
b580,8b,4w,cand,sarc_linear_q4gsw_coopmat_t128x128k16g44s16m8fli_texture3d_texture2d_half,2048,1024,4096,0.4428,38.8
b580,8b,4w,cand,sarc_linear_q4gsw_coopmat_t128x128k16g44s16m8fli_texture3d_texture2d_half,2048,4096,4096,1.5112,45.473
b580,8b,4w,cand,sarc_linear_q4gsw_coopmat_t128x128k16g44s16m8fli_texture3d_texture2d_half,2048,14336,4096,5.5648,43.221
b580,8b,4w,cand,sarc_linear_q4gsw_coopmat_t128x128k16g44s16m8fli_texture3d_texture2d_half,2048,14336,4096,5.5936,42.999
b580,8b,4w,cand,sarc_linear_q4gsw_coopmat_t128x128k16g44s16m8fli_texture3d_texture2d_half,2048,4096,14336,5.7966,41.493
b580,8b,4w,cand,sarc_linear_q4gsw_coopmat_t128x128k16g44s16m8fli_texture3d_texture2d_half,2048,4096,4096,1.5273,44.993
b580,8b,4w,cand,sarc_linear_q4gsw_coopmat_t128x128k16g44s16m8fli_texture3d_texture2d_half,2048,1024,4096,0.4438,38.709
b580,8b,4w,cand,sarc_linear_q4gsw_coopmat_t128x128k16g44s16m8fli_texture3d_texture2d_half,2048,1024,4096,0.4425,38.823
b580,8b,4w,cand,sarc_linear_q4gsw_coopmat_t128x128k16g44s16m8fli_texture3d_texture2d_half,2048,4096,4096,1.5402,44.616
b580,8b,4w,cand,sarc_linear_q4gsw_coopmat_t128x128k16g44s16m8fli_texture3d_texture2d_half,2048,14336,4096,5.5978,42.967
b580,8b,4w,cand,sarc_linear_q4gsw_coopmat_t128x128k16g44s16m8fli_texture3d_texture2d_half,2048,14336,4096,5.6201,42.796
b580,8b,4w,cand,sarc_linear_q4gsw_coopmat_t128x128k16g44s16m8fli_texture3d_texture2d_half,2048,4096,14336,5.7485,41.84
b580,8b,4w,cand,sarc_linear_q4gsw_coopmat_t128x128k16g44s16m8fli_texture3d_texture2d_half,2048,4096,4096,1.516,45.329
b580,8b,4w,cand,sarc_linear_q4gsw_coopmat_t128x128k16g44s16m8fli_texture3d_texture2d_half,2048,1024,4096,0.446,38.524
b580,8b,4w,cand,sarc_linear_q4gsw_coopmat_t128x128k16g44s16m8fli_texture3d_texture2d_half,2048,1024,4096,0.4415,38.914
b580,8b,4w,cand,sarc_linear_q4gsw_coopmat_t128x128k16g44s16m8fli_texture3d_texture2d_half,2048,4096,4096,1.5333,44.819
b580,8b,4w,cand,sarc_linear_q4gsw_coopmat_t128x128k16g44s16m8fli_texture3d_texture2d_half,2048,14336,4096,5.5776,43.122
b580,8b,4w,cand,sarc_linear_q4gsw_coopmat_t128x128k16g44s16m8fli_texture3d_texture2d_half,2048,14336,4096,5.5568,43.283
b580,8b,4w,cand,sarc_linear_q4gsw_coopmat_t128x128k16g44s16m8fli_texture3d_texture2d_half,2048,4096,14336,5.7545,41.797
b580,8b,4w,cand,sarc_linear_q4gsw_coopmat_t128x128k16g44s16m8fli_texture3d_texture2d_half,2048,4096,4096,1.5352,44.761
b580,8b,4w,cand,sarc_linear_q4gsw_coopmat_t128x128k16g44s16m8fli_texture3d_texture2d_half,2048,1024,4096,0.4479,38.354
b580,8b,4w,cand,sarc_linear_q4gsw_coopmat_t128x128k16g44s16m8fli_texture3d_texture2d_half,2048,1024,4096,0.4447,38.637
b580,8b,4w,cand,sarc_linear_q4gsw_coopmat_t128x128k16g44s16m8fli_texture3d_texture2d_half,2048,4096,4096,1.5371,44.707
b580,8b,4w,cand,sarc_linear_q4gsw_coopmat_t128x128k16g44s16m8fli_texture3d_texture2d_half,2048,14336,4096,5.5717,43.167
b580,8b,4w,cand,sarc_linear_q4gsw_coopmat_t128x128k16g44s16m8fli_texture3d_texture2d_half,2048,14336,4096,5.6114,42.863
b580,8b,4w,cand,sarc_linear_q4gsw_coopmat_t128x128k16g44s16m8fli_texture3d_texture2d_half,2048,4096,14336,5.8719,40.961
b580,8b,4w,cand,sarc_linear_q4gsw_coopmat_t128x128k16g44s16m8fli_texture3d_texture2d_half,2048,4096,4096,1.5371,44.707
b580,8b,4w,cand,sarc_linear_q4gsw_coopmat_t128x128k16g44s16m8fli_texture3d_texture2d_half,2048,1024,4096,0.4425,38.823
b580,8b,4w,cand,sarc_linear_q4gsw_coopmat_t128x128k16g44s16m8fli_texture3d_texture2d_half,2048,1024,4096,0.4445,38.646
b580,8b,4w,cand,sarc_linear_q4gsw_coopmat_t128x128k16g44s16m8fli_texture3d_texture2d_half,2048,4096,4096,1.5192,45.235
b580,8b,4w,cand,sarc_linear_q4gsw_coopmat_t128x128k16g44s16m8fli_texture3d_texture2d_half,2048,14336,4096,5.5638,43.229
b580,8b,4w,cand,sarc_linear_q4gsw_coopmat_t128x128k16g44s16m8fli_texture3d_texture2d_half,2048,14336,4096,5.5931,43.003
b580,8b,4w,cand,sarc_linear_q4gsw_coopmat_t128x128k16g44s16m8fli_texture3d_texture2d_half,2048,4096,14336,5.7471,41.85
b580,8b,4w,cand,sarc_linear_q4gsw_coopmat_t128x128k16g44s16m8fli_texture3d_texture2d_half,2048,4096,4096,1.5282,44.968
b580,8b,4w,cand,sarc_linear_q4gsw_coopmat_t128x128k16g44s16m8fli_texture3d_texture2d_half,2048,1024,4096,0.4437,38.723
b580,8b,4w,cand,sarc_linear_q4gsw_coopmat_t128x128k16g44s16m8fli_texture3d_texture2d_half,2048,1024,4096,0.446,38.52
b580,8b,4w,cand,sarc_linear_q4gsw_coopmat_t128x128k16g44s16m8fli_texture3d_texture2d_half,2048,4096,4096,1.5394,44.642
b580,8b,4w,cand,sarc_linear_q4gsw_coopmat_t128x128k16g44s16m8fli_texture3d_texture2d_half,2048,14336,4096,5.5434,43.388
b580,8b,4w,cand,sarc_linear_q4gsw_coopmat_t128x128k16g44s16m8fli_texture3d_texture2d_half,2048,14336,4096,5.6044,42.916
b580,8b,4w,cand,sarc_linear_q4gsw_coopmat_t128x128k16g44s16m8fli_texture3d_texture2d_half,2048,4096,14336,5.8301,41.255
b580,8b,4w,cand,sarc_linear_q4gsw_coopmat_t128x128k16g44s16m8fli_texture3d_texture2d_half,2048,4096,4096,1.5161,45.328
b580,8b,4w,cand,sarc_linear_q4gsw_coopmat_t128x128k16g44s16m8fli_texture3d_texture2d_half,2048,1024,4096,0.4449,38.614
b580,8b,4w,cand,sarc_linear_q4gsw_coopmat_t128x128k16g44s16m8fli_texture3d_texture2d_half,2048,1024,4096,0.4421,38.859
b580,8b,4w,cand,sarc_linear_q4gsw_coopmat_t128x128k16g44s16m8fli_texture3d_texture2d_half,2048,4096,4096,1.5254,45.051
b580,8b,4w,cand,sarc_linear_q4gsw_coopmat_t128x128k16g44s16m8fli_texture3d_texture2d_half,2048,14336,4096,5.5935,43.0
b580,8b,4w,cand,sarc_linear_q4gsw_coopmat_t128x128k16g44s16m8fli_texture3d_texture2d_half,2048,14336,4096,5.6054,42.908
b580,8b,4w,cand,sarc_linear_q4gsw_coopmat_t128x128k16g44s16m8fli_texture3d_texture2d_half,2048,4096,14336,5.7241,42.019
b580,8b,4w,cand,sarc_linear_q4gsw_coopmat_t128x128k16g44s16m8fli_texture3d_texture2d_half,2048,4096,4096,1.544,44.508
b580,8b,4w,cand,sarc_linear_q4gsw_coopmat_t128x128k16g44s16m8fli_texture3d_texture2d_half,2048,1024,4096,0.4446,38.641
b580,8b,4w,cand,sarc_linear_q4gsw_coopmat_t128x128k16g44s16m8fli_texture3d_texture2d_half,2048,1024,4096,0.4423,38.846
b580,8b,4w,cand,sarc_linear_q4gsw_coopmat_t128x128k16g44s16m8fli_texture3d_texture2d_half,2048,4096,4096,1.5417,44.574
b580,8b,4w,cand,sarc_linear_q4gsw_coopmat_t128x128k16g44s16m8fli_texture3d_texture2d_half,2048,14336,4096,5.5909,43.02
b580,8b,4w,cand,sarc_linear_q4gsw_coopmat_t128x128k16g44s16m8fli_texture3d_texture2d_half,2048,14336,4096,5.5676,43.199
b580,8b,4w,cand,sarc_linear_q4gsw_coopmat_t128x128k16g44s16m8fli_texture3d_texture2d_half,2048,4096,14336,5.8203,41.324
b580,8b,4w,parent,sarc_linear_q4gsw_coopmat_t128x128k16g44s16m8fli_texture3d_texture2d_half,2048,4096,4096,1.5581,44.105
b580,8b,4w,parent,sarc_linear_q4gsw_coopmat_t128x128k16g44s16m8fli_texture3d_texture2d_half,2048,1024,4096,0.4422,38.855
b580,8b,4w,parent,sarc_linear_q4gsw_coopmat_t128x128k16g44s16m8fli_texture3d_texture2d_half,2048,1024,4096,0.4328,39.69
b580,8b,4w,parent,sarc_linear_q4gsw_coopmat_t128x128k16g44s16m8fli_texture3d_texture2d_half,2048,4096,4096,1.5098,45.517
b580,8b,4w,parent,sarc_linear_q4gsw_coopmat_t128x128k16g44s16m8fli_texture3d_texture2d_half,2048,14336,4096,5.4831,43.865
b580,8b,4w,parent,sarc_linear_q4gsw_coopmat_t128x128k16g44s16m8fli_texture3d_texture2d_half,2048,14336,4096,5.456,44.083
b580,8b,4w,parent,sarc_linear_q4gsw_coopmat_t128x128k16g44s16m8fli_texture3d_texture2d_half,2048,4096,14336,5.6149,42.836
b580,8b,4w,parent,sarc_linear_q4gsw_coopmat_t128x128k16g44s16m8fli_texture3d_texture2d_half,2048,4096,4096,1.4969,45.907
b580,8b,4w,parent,sarc_linear_q4gsw_coopmat_t128x128k16g44s16m8fli_texture3d_texture2d_half,2048,1024,4096,0.4344,39.548
b580,8b,4w,parent,sarc_linear_q4gsw_coopmat_t128x128k16g44s16m8fli_texture3d_texture2d_half,2048,1024,4096,0.432,39.767
b580,8b,4w,parent,sarc_linear_q4gsw_coopmat_t128x128k16g44s16m8fli_texture3d_texture2d_half,2048,4096,4096,1.5054,45.649
b580,8b,4w,parent,sarc_linear_q4gsw_coopmat_t128x128k16g44s16m8fli_texture3d_texture2d_half,2048,14336,4096,5.4765,43.918
b580,8b,4w,parent,sarc_linear_q4gsw_coopmat_t128x128k16g44s16m8fli_texture3d_texture2d_half,2048,14336,4096,5.4629,44.027
b580,8b,4w,parent,sarc_linear_q4gsw_coopmat_t128x128k16g44s16m8fli_texture3d_texture2d_half,2048,4096,14336,5.6286,42.732
b580,8b,4w,parent,sarc_linear_q4gsw_coopmat_t128x128k16g44s16m8fli_texture3d_texture2d_half,2048,4096,4096,1.5109,45.484
b580,8b,4w,parent,sarc_linear_q4gsw_coopmat_t128x128k16g44s16m8fli_texture3d_texture2d_half,2048,1024,4096,0.4381,39.214
b580,8b,4w,parent,sarc_linear_q4gsw_coopmat_t128x128k16g44s16m8fli_texture3d_texture2d_half,2048,1024,4096,0.4319,39.776
b580,8b,4w,parent,sarc_linear_q4gsw_coopmat_t128x128k16g44s16m8fli_texture3d_texture2d_half,2048,4096,4096,1.492,46.058
b580,8b,4w,parent,sarc_linear_q4gsw_coopmat_t128x128k16g44s16m8fli_texture3d_texture2d_half,2048,14336,4096,5.493,43.786
b580,8b,4w,parent,sarc_linear_q4gsw_coopmat_t128x128k16g44s16m8fli_texture3d_texture2d_half,2048,14336,4096,5.5089,43.66
b580,8b,4w,parent,sarc_linear_q4gsw_coopmat_t128x128k16g44s16m8fli_texture3d_texture2d_half,2048,4096,14336,5.6558,42.526
b580,8b,4w,parent,sarc_linear_q4gsw_coopmat_t128x128k16g44s16m8fli_texture3d_texture2d_half,2048,4096,4096,1.5135,45.406
b580,8b,4w,parent,sarc_linear_q4gsw_coopmat_t128x128k16g44s16m8fli_texture3d_texture2d_half,2048,1024,4096,0.4352,39.472
b580,8b,4w,parent,sarc_linear_q4gsw_coopmat_t128x128k16g44s16m8fli_texture3d_texture2d_half,2048,1024,4096,0.4344,39.553
b580,8b,4w,parent,sarc_linear_q4gsw_coopmat_t128x128k16g44s16m8fli_texture3d_texture2d_half,2048,4096,4096,1.5137,45.399
b580,8b,4w,parent,sarc_linear_q4gsw_coopmat_t128x128k16g44s16m8fli_texture3d_texture2d_half,2048,14336,4096,5.5019,43.715
b580,8b,4w,parent,sarc_linear_q4gsw_coopmat_t128x128k16g44s16m8fli_texture3d_texture2d_half,2048,14336,4096,5.4995,43.734
b580,8b,4w,parent,sarc_linear_q4gsw_coopmat_t128x128k16g44s16m8fli_texture3d_texture2d_half,2048,4096,14336,5.6933,42.246
b580,8b,4w,parent,sarc_linear_q4gsw_coopmat_t128x128k16g44s16m8fli_texture3d_texture2d_half,2048,4096,4096,1.5061,45.628
b580,8b,4w,parent,sarc_linear_q4gsw_coopmat_t128x128k16g44s16m8fli_texture3d_texture2d_half,2048,1024,4096,0.4354,39.458
b580,8b,4w,parent,sarc_linear_q4gsw_coopmat_t128x128k16g44s16m8fli_texture3d_texture2d_half,2048,1024,4096,0.4361,39.392
b580,8b,4w,parent,sarc_linear_q4gsw_coopmat_t128x128k16g44s16m8fli_texture3d_texture2d_half,2048,4096,4096,1.5004,45.801
b580,8b,4w,parent,sarc_linear_q4gsw_coopmat_t128x128k16g44s16m8fli_texture3d_texture2d_half,2048,14336,4096,5.4633,44.024
b580,8b,4w,parent,sarc_linear_q4gsw_coopmat_t128x128k16g44s16m8fli_texture3d_texture2d_half,2048,14336,4096,5.5304,43.49
b580,8b,4w,parent,sarc_linear_q4gsw_coopmat_t128x128k16g44s16m8fli_texture3d_texture2d_half,2048,4096,14336,5.6835,42.319
b580,8b,4w,parent,sarc_linear_q4gsw_coopmat_t128x128k16g44s16m8fli_texture3d_texture2d_half,2048,4096,4096,1.5131,45.415
b580,8b,4w,parent,sarc_linear_q4gsw_coopmat_t128x128k16g44s16m8fli_texture3d_texture2d_half,2048,1024,4096,0.437,39.317
b580,8b,4w,parent,sarc_linear_q4gsw_coopmat_t128x128k16g44s16m8fli_texture3d_texture2d_half,2048,1024,4096,0.4581,37.505
b580,8b,4w,parent,sarc_linear_q4gsw_coopmat_t128x128k16g44s16m8fli_texture3d_texture2d_half,2048,4096,4096,1.5217,45.159
b580,8b,4w,parent,sarc_linear_q4gsw_coopmat_t128x128k16g44s16m8fli_texture3d_texture2d_half,2048,14336,4096,5.5335,43.466
b580,8b,4w,parent,sarc_linear_q4gsw_coopmat_t128x128k16g44s16m8fli_texture3d_texture2d_half,2048,14336,4096,5.5074,43.672
b580,8b,4w,parent,sarc_linear_q4gsw_coopmat_t128x128k16g44s16m8fli_texture3d_texture2d_half,2048,4096,14336,5.6892,42.276
b580,8b,4w,parent,sarc_linear_q4gsw_coopmat_t128x128k16g44s16m8fli_texture3d_texture2d_half,2048,4096,4096,1.5168,45.306
b580,8b,4w,parent,sarc_linear_q4gsw_coopmat_t128x128k16g44s16m8fli_texture3d_texture2d_half,2048,1024,4096,0.4374,39.28
b580,8b,4w,parent,sarc_linear_q4gsw_coopmat_t128x128k16g44s16m8fli_texture3d_texture2d_half,2048,1024,4096,0.4382,39.21
b580,8b,4w,parent,sarc_linear_q4gsw_coopmat_t128x128k16g44s16m8fli_texture3d_texture2d_half,2048,4096,4096,1.5165,45.314
b580,8b,4w,parent,sarc_linear_q4gsw_coopmat_t128x128k16g44s16m8fli_texture3d_texture2d_half,2048,14336,4096,5.4887,43.821
b580,8b,4w,parent,sarc_linear_q4gsw_coopmat_t128x128k16g44s16m8fli_texture3d_texture2d_half,2048,14336,4096,5.5494,43.341
b580,8b,4w,parent,sarc_linear_q4gsw_coopmat_t128x128k16g44s16m8fli_texture3d_texture2d_half,2048,4096,14336,5.7293,41.98
b580,8b,4w,parent,sarc_linear_q4gsw_coopmat_t128x128k16g44s16m8fli_texture3d_texture2d_half,2048,4096,4096,1.5544,44.21
b580,8b,4w,parent,sarc_linear_q4gsw_coopmat_t128x128k16g44s16m8fli_texture3d_texture2d_half,2048,1024,4096,0.4592,37.412
b580,8b,4w,parent,sarc_linear_q4gsw_coopmat_t128x128k16g44s16m8fli_texture3d_texture2d_half,2048,1024,4096,0.4375,39.266
b580,8b,4w,parent,sarc_linear_q4gsw_coopmat_t128x128k16g44s16m8fli_texture3d_texture2d_half,2048,4096,4096,1.5268,45.01
b580,8b,4w,parent,sarc_linear_q4gsw_coopmat_t128x128k16g44s16m8fli_texture3d_texture2d_half,2048,14336,4096,5.5446,43.379
b580,8b,4w,parent,sarc_linear_q4gsw_coopmat_t128x128k16g44s16m8fli_texture3d_texture2d_half,2048,14336,4096,5.554,43.306
b580,8b,4w,parent,sarc_linear_q4gsw_coopmat_t128x128k16g44s16m8fli_texture3d_texture2d_half,2048,4096,14336,5.6809,42.338
b580,8b,4w,parent,sarc_linear_q4gsw_coopmat_t128x128k16g44s16m8fli_texture3d_texture2d_half,2048,4096,4096,1.5229,45.125
b580,8b,4w,parent,sarc_linear_q4gsw_coopmat_t128x128k16g44s16m8fli_texture3d_texture2d_half,2048,1024,4096,0.4403,39.02
b580,8b,4w,parent,sarc_linear_q4gsw_coopmat_t128x128k16g44s16m8fli_texture3d_texture2d_half,2048,1024,4096,0.4409,38.965
b580,8b,4w,parent,sarc_linear_q4gsw_coopmat_t128x128k16g44s16m8fli_texture3d_texture2d_half,2048,4096,4096,1.5388,44.658
b580,8b,4w,parent,sarc_linear_q4gsw_coopmat_t128x128k16g44s16m8fli_texture3d_texture2d_half,2048,14336,4096,5.5443,43.381
b580,8b,4w,parent,sarc_linear_q4gsw_coopmat_t128x128k16g44s16m8fli_texture3d_texture2d_half,2048,14336,4096,5.5136,43.623
b580,8b,4w,parent,sarc_linear_q4gsw_coopmat_t128x128k16g44s16m8fli_texture3d_texture2d_half,2048,4096,14336,5.6887,42.28
b580,8b,4w,parent,sarc_linear_q4gsw_coopmat_t128x128k16g44s16m8fli_texture3d_texture2d_half,2048,4096,4096,1.5156,45.342
b580,8b,4w,parent,sarc_linear_q4gsw_coopmat_t128x128k16g44s16m8fli_texture3d_texture2d_half,2048,1024,4096,0.4426,38.814
b580,8b,4w,parent,sarc_linear_q4gsw_coopmat_t128x128k16g44s16m8fli_texture3d_texture2d_half,2048,1024,4096,0.4402,39.029
b580,8b,4w,parent,sarc_linear_q4gsw_coopmat_t128x128k16g44s16m8fli_texture3d_texture2d_half,2048,4096,4096,1.5035,45.705
b580,8b,4w,parent,sarc_linear_q4gsw_coopmat_t128x128k16g44s16m8fli_texture3d_texture2d_half,2048,14336,4096,5.5269,43.518
b580,8b,4w,parent,sarc_linear_q4gsw_coopmat_t128x128k16g44s16m8fli_texture3d_texture2d_half,2048,14336,4096,5.5596,43.262
b580,8b,4w,parent,sarc_linear_q4gsw_coopmat_t128x128k16g44s16m8fli_texture3d_texture2d_half,2048,4096,14336,5.7072,42.143
b580,8b,4w,parent,sarc_linear_q4gsw_coopmat_t128x128k16g44s16m8fli_texture3d_texture2d_half,2048,4096,4096,1.5251,45.06
b580,8b,4w,parent,sarc_linear_q4gsw_coopmat_t128x128k16g44s16m8fli_texture3d_texture2d_half,2048,1024,4096,0.4436,38.727
b580,8b,4w,parent,sarc_linear_q4gsw_coopmat_t128x128k16g44s16m8fli_texture3d_texture2d_half,2048,1024,4096,0.4625,37.142
b580,8b,4w,parent,sarc_linear_q4gsw_coopmat_t128x128k16g44s16m8fli_texture3d_texture2d_half,2048,4096,4096,1.5211,45.177
b580,8b,4w,parent,sarc_linear_q4gsw_coopmat_t128x128k16g44s16m8fli_texture3d_texture2d_half,2048,14336,4096,5.5534,43.31
b580,8b,4w,parent,sarc_linear_q4gsw_coopmat_t128x128k16g44s16m8fli_texture3d_texture2d_half,2048,14336,4096,5.5531,43.313
b580,8b,4w,parent,sarc_linear_q4gsw_coopmat_t128x128k16g44s16m8fli_texture3d_texture2d_half,2048,4096,14336,5.7143,42.091
b580,8b,4w,parent,sarc_linear_q4gsw_coopmat_t128x128k16g44s16m8fli_texture3d_texture2d_half,2048,4096,4096,1.5296,44.927
b580,8b,4w,parent,sarc_linear_q4gsw_coopmat_t128x128k16g44s16m8fli_texture3d_texture2d_half,2048,1024,4096,0.4426,38.814
b580,8b,4w,parent,sarc_linear_q4gsw_coopmat_t128x128k16g44s16m8fli_texture3d_texture2d_half,2048,1024,4096,0.4416,38.905
b580,8b,4w,parent,sarc_linear_q4gsw_coopmat_t128x128k16g44s16m8fli_texture3d_texture2d_half,2048,4096,4096,1.548,44.393
b580,8b,4w,parent,sarc_linear_q4gsw_coopmat_t128x128k16g44s16m8fli_texture3d_texture2d_half,2048,14336,4096,5.5466,43.363
b580,8b,4w,parent,sarc_linear_q4gsw_coopmat_t128x128k16g44s16m8fli_texture3d_texture2d_half,2048,14336,4096,5.5657,43.214
b580,8b,4w,parent,sarc_linear_q4gsw_coopmat_t128x128k16g44s16m8fli_texture3d_texture2d_half,2048,4096,14336,5.6913,42.26
b580,8b,4w,parent,sarc_linear_q4gsw_coopmat_t128x128k16g44s16m8fli_texture3d_texture2d_half,2048,4096,4096,1.5099,45.512
b580,8b,4w,parent,sarc_linear_q4gsw_coopmat_t128x128k16g44s16m8fli_texture3d_texture2d_half,2048,1024,4096,0.4591,37.42
b580,8b,4w,parent,sarc_linear_q4gsw_coopmat_t128x128k16g44s16m8fli_texture3d_texture2d_half,2048,1024,4096,0.4395,39.089
b580,8b,4w,parent,sarc_linear_q4gsw_coopmat_t128x128k16g44s16m8fli_texture3d_texture2d_half,2048,4096,4096,1.5213,45.173
b580,8b,4w,parent,sarc_linear_q4gsw_coopmat_t128x128k16g44s16m8fli_texture3d_texture2d_half,2048,14336,4096,5.5213,43.562
b580,8b,4w,parent,sarc_linear_q4gsw_coopmat_t128x128k16g44s16m8fli_texture3d_texture2d_half,2048,14336,4096,5.5483,43.35
b580,8b,4w,parent,sarc_linear_q4gsw_coopmat_t128x128k16g44s16m8fli_texture3d_texture2d_half,2048,4096,14336,5.8401,41.184
b580,8b,4w,parent,sarc_linear_q4gsw_coopmat_t128x128k16g44s16m8fli_texture3d_texture2d_half,2048,4096,4096,1.5297,44.922
b580,8b,4w,parent,sarc_linear_q4gsw_coopmat_t128x128k16g44s16m8fli_texture3d_texture2d_half,2048,1024,4096,0.4419,38.878
b580,8b,4w,parent,sarc_linear_q4gsw_coopmat_t128x128k16g44s16m8fli_texture3d_texture2d_half,2048,1024,4096,0.4589,37.437
b580,8b,4w,parent,sarc_linear_q4gsw_coopmat_t128x128k16g44s16m8fli_texture3d_texture2d_half,2048,4096,4096,1.5298,44.921
b580,8b,4w,parent,sarc_linear_q4gsw_coopmat_t128x128k16g44s16m8fli_texture3d_texture2d_half,2048,14336,4096,5.5382,43.429
b580,8b,4w,parent,sarc_linear_q4gsw_coopmat_t128x128k16g44s16m8fli_texture3d_texture2d_half,2048,14336,4096,5.5355,43.45
b580,8b,4w,parent,sarc_linear_q4gsw_coopmat_t128x128k16g44s16m8fli_texture3d_texture2d_half,2048,4096,14336,5.7167,42.073
b580,8b,4w,parent,sarc_linear_q4gsw_coopmat_t128x128k16g44s16m8fli_texture3d_texture2d_half,2048,4096,4096,1.5305,44.901
b580,8b,4w,parent,sarc_linear_q4gsw_coopmat_t128x128k16g44s16m8fli_texture3d_texture2d_half,2048,1024,4096,0.4401,39.034
b580,8b,4w,parent,sarc_linear_q4gsw_coopmat_t128x128k16g44s16m8fli_texture3d_texture2d_half,2048,1024,4096,0.4392,39.117
b580,8b,4w,parent,sarc_linear_q4gsw_coopmat_t128x128k16g44s16m8fli_texture3d_texture2d_half,2048,4096,4096,1.5257,45.04
b580,8b,4w,parent,sarc_linear_q4gsw_coopmat_t128x128k16g44s16m8fli_texture3d_texture2d_half,2048,14336,4096,5.5812,43.095
b580,8b,4w,parent,sarc_linear_q4gsw_coopmat_t128x128k16g44s16m8fli_texture3d_texture2d_half,2048,14336,4096,5.5735,43.154
b580,8b,4w,parent,sarc_linear_q4gsw_coopmat_t128x128k16g44s16m8fli_texture3d_texture2d_half,2048,4096,14336,5.706,42.152
b580,8b,4w,parent,sarc_linear_q4gsw_coopmat_t128x128k16g44s16m8fli_texture3d_texture2d_half,2048,4096,4096,1.5248,45.068
b580,8b,4w,parent,sarc_linear_q4gsw_coopmat_t128x128k16g44s16m8fli_texture3d_texture2d_half,2048,1024,4096,0.4652,36.927
b580,8b,4w,parent,sarc_linear_q4gsw_coopmat_t128x128k16g44s16m8fli_texture3d_texture2d_half,2048,1024,4096,0.4443,38.668
b580,8b,4w,parent,sarc_linear_q4gsw_coopmat_t128x128k16g44s16m8fli_texture3d_texture2d_half,2048,4096,4096,1.5372,44.704
b580,8b,4w,parent,sarc_linear_q4gsw_coopmat_t128x128k16g44s16m8fli_texture3d_texture2d_half,2048,14336,4096,5.5332,43.468
b580,8b,4w,parent,sarc_linear_q4gsw_coopmat_t128x128k16g44s16m8fli_texture3d_texture2d_half,2048,14336,4096,5.5449,43.376
b580,8b,4w,parent,sarc_linear_q4gsw_coopmat_t128x128k16g44s16m8fli_texture3d_texture2d_half,2048,4096,14336,5.7956,41.5
b580,8b,4w,parent,sarc_linear_q4gsw_coopmat_t128x128k16g44s16m8fli_texture3d_texture2d_half,2048,4096,4096,1.5221,45.147
b580,8b,4w,parent,sarc_linear_q4gsw_coopmat_t128x128k16g44s16m8fli_texture3d_texture2d_half,2048,1024,4096,0.4407,38.983
b580,8b,4w,parent,sarc_linear_q4gsw_coopmat_t128x128k16g44s16m8fli_texture3d_texture2d_half,2048,1024,4096,0.446,38.52
b580,8b,4w,parent,sarc_linear_q4gsw_coopmat_t128x128k16g44s16m8fli_texture3d_texture2d_half,2048,4096,4096,1.5359,44.741
b580,8b,4w,parent,sarc_linear_q4gsw_coopmat_t128x128k16g44s16m8fli_texture3d_texture2d_half,2048,14336,4096,5.5511,43.328
b580,8b,4w,parent,sarc_linear_q4gsw_coopmat_t128x128k16g44s16m8fli_texture3d_texture2d_half,2048,14336,4096,5.5784,43.116
b580,8b,4w,parent,sarc_linear_q4gsw_coopmat_t128x128k16g44s16m8fli_texture3d_texture2d_half,2048,4096,14336,5.6864,42.297
b580,8b,4w,parent,sarc_linear_q4gsw_coopmat_t128x128k16g44s16m8fli_texture3d_texture2d_half,2048,4096,4096,1.5147,45.37
b580,8b,4w,parent,sarc_linear_q4gsw_coopmat_t128x128k16g44s16m8fli_texture3d_texture2d_half,2048,1024,4096,0.4627,37.13
b580,8b,4w,parent,sarc_linear_q4gsw_coopmat_t128x128k16g44s16m8fli_texture3d_texture2d_half,2048,1024,4096,0.4402,39.025
b580,8b,4w,parent,sarc_linear_q4gsw_coopmat_t128x128k16g44s16m8fli_texture3d_texture2d_half,2048,4096,4096,1.509,45.54
b580,8b,4w,parent,sarc_linear_q4gsw_coopmat_t128x128k16g44s16m8fli_texture3d_texture2d_half,2048,14336,4096,5.545,43.376
b580,8b,4w,parent,sarc_linear_q4gsw_coopmat_t128x128k16g44s16m8fli_texture3d_texture2d_half,2048,14336,4096,5.5975,42.969
b580,8b,4w,parent,sarc_linear_q4gsw_coopmat_t128x128k16g44s16m8fli_texture3d_texture2d_half,2048,4096,14336,5.7731,41.662
b580,8b,4w,parent,sarc_linear_q4gsw_coopmat_t128x128k16g44s16m8fli_texture3d_texture2d_half,2048,4096,4096,1.53,44.915
b580,8b,4w,parent,sarc_linear_q4gsw_coopmat_t128x128k16g44s16m8fli_texture3d_texture2d_half,2048,1024,4096,0.4446,38.641
b580,8b,4w,parent,sarc_linear_q4gsw_coopmat_t128x128k16g44s16m8fli_texture3d_texture2d_half,2048,1024,4096,0.459,37.433
b580,8b,4w,parent,sarc_linear_q4gsw_coopmat_t128x128k16g44s16m8fli_texture3d_texture2d_half,2048,4096,4096,1.5292,44.939
b580,8b,4w,parent,sarc_linear_q4gsw_coopmat_t128x128k16g44s16m8fli_texture3d_texture2d_half,2048,14336,4096,5.5745,43.147
b580,8b,4w,parent,sarc_linear_q4gsw_coopmat_t128x128k16g44s16m8fli_texture3d_texture2d_half,2048,14336,4096,5.5096,43.654
b580,8b,4w,parent,sarc_linear_q4gsw_coopmat_t128x128k16g44s16m8fli_texture3d_texture2d_half,2048,4096,14336,5.7178,42.065
b580,8b,4w,parent,sarc_linear_q4gsw_coopmat_t128x128k16g44s16m8fli_texture3d_texture2d_half,2048,4096,4096,1.5319,44.86
b580,8b,4w,parent,sarc_linear_q4gsw_coopmat_t128x128k16g44s16m8fli_texture3d_texture2d_half,2048,1024,4096,0.4495,38.221
b580,8b,4w,parent,sarc_linear_q4gsw_coopmat_t128x128k16g44s16m8fli_texture3d_texture2d_half,2048,1024,4096,0.4416,38.905
b580,8b,4w,parent,sarc_linear_q4gsw_coopmat_t128x128k16g44s16m8fli_texture3d_texture2d_half,2048,4096,4096,1.5301,44.912
b580,8b,4w,parent,sarc_linear_q4gsw_coopmat_t128x128k16g44s16m8fli_texture3d_texture2d_half,2048,14336,4096,5.5781,43.118
b580,8b,4w,parent,sarc_linear_q4gsw_coopmat_t128x128k16g44s16m8fli_texture3d_texture2d_half,2048,14336,4096,5.5837,43.075
b580,8b,4w,parent,sarc_linear_q4gsw_coopmat_t128x128k16g44s16m8fli_texture3d_texture2d_half,2048,4096,14336,5.7264,42.002
b580,8b,4w,parent,sarc_linear_q4gsw_coopmat_t128x128k16g44s16m8fli_texture3d_texture2d_half,2048,4096,4096,1.5159,45.332
b580,8b,4w,parent,sarc_linear_q4gsw_coopmat_t128x128k16g44s16m8fli_texture3d_texture2d_half,2048,1024,4096,0.467,36.791
b580,8b,4w,parent,sarc_linear_q4gsw_coopmat_t128x128k16g44s16m8fli_texture3d_texture2d_half,2048,1024,4096,0.4241,40.508
b580,8b,4w,parent,sarc_linear_q4gsw_coopmat_t128x128k16g44s16m8fli_texture3d_texture2d_half,2048,4096,4096,1.5122,45.443
b580,8b,4w,parent,sarc_linear_q4gsw_coopmat_t128x128k16g44s16m8fli_texture3d_texture2d_half,2048,14336,4096,5.5778,43.12
b580,8b,4w,parent,sarc_linear_q4gsw_coopmat_t128x128k16g44s16m8fli_texture3d_texture2d_half,2048,14336,4096,5.5955,42.985
b580,8b,4w,parent,sarc_linear_q4gsw_coopmat_t128x128k16g44s16m8fli_texture3d_texture2d_half,2048,4096,14336,5.732,41.961
b580,8b,4w,parent,sarc_linear_q4gsw_coopmat_t128x128k16g44s16m8fli_texture3d_texture2d_half,2048,4096,4096,1.5263,45.025
b580,8b,4w,parent,sarc_linear_q4gsw_coopmat_t128x128k16g44s16m8fli_texture3d_texture2d_half,2048,1024,4096,0.4434,38.75
b580,8b,4w,parent,sarc_linear_q4gsw_coopmat_t128x128k16g44s16m8fli_texture3d_texture2d_half,2048,1024,4096,0.44,39.048
b580,8b,4w,parent,sarc_linear_q4gsw_coopmat_t128x128k16g44s16m8fli_texture3d_texture2d_half,2048,4096,4096,1.5302,44.909
b580,8b,4w,parent,sarc_linear_q4gsw_coopmat_t128x128k16g44s16m8fli_texture3d_texture2d_half,2048,14336,4096,5.5365,43.442
b580,8b,4w,parent,sarc_linear_q4gsw_coopmat_t128x128k16g44s16m8fli_texture3d_texture2d_half,2048,14336,4096,5.5656,43.215
b580,8b,4w,parent,sarc_linear_q4gsw_coopmat_t128x128k16g44s16m8fli_texture3d_texture2d_half,2048,4096,14336,5.7346,41.941
b580,8b,4w,parent,sarc_linear_q4gsw_coopmat_t128x128k16g44s16m8fli_texture3d_texture2d_half,2048,4096,4096,1.5296,44.925
b580,8b,4w,parent,sarc_linear_q4gsw_coopmat_t128x128k16g44s16m8fli_texture3d_texture2d_half,2048,1024,4096,0.4476,38.381
b580,8b,4w,parent,sarc_linear_q4gsw_coopmat_t128x128k16g44s16m8fli_texture3d_texture2d_half,2048,1024,4096,0.4458,38.533
b580,8b,4w,parent,sarc_linear_q4gsw_coopmat_t128x128k16g44s16m8fli_texture3d_texture2d_half,2048,4096,4096,1.5149,45.362
b580,8b,4w,parent,sarc_linear_q4gsw_coopmat_t128x128k16g44s16m8fli_texture3d_texture2d_half,2048,14336,4096,5.533,43.47
b580,8b,4w,parent,sarc_linear_q4gsw_coopmat_t128x128k16g44s16m8fli_texture3d_texture2d_half,2048,14336,4096,5.5877,43.045
b580,8b,4w,parent,sarc_linear_q4gsw_coopmat_t128x128k16g44s16m8fli_texture3d_texture2d_half,2048,4096,14336,5.7374,41.921
b580,8b,4w,parent,sarc_linear_q4gsw_coopmat_t128x128k16g44s16m8fli_texture3d_texture2d_half,2048,4096,4096,1.5272,44.997
b580,8b,4w,parent,sarc_linear_q4gsw_coopmat_t128x128k16g44s16m8fli_texture3d_texture2d_half,2048,1024,4096,0.4429,38.786
b580,8b,4w,parent,sarc_linear_q4gsw_coopmat_t128x128k16g44s16m8fli_texture3d_texture2d_half,2048,1024,4096,0.4422,38.855
b580,8b,4w,parent,sarc_linear_q4gsw_coopmat_t128x128k16g44s16m8fli_texture3d_texture2d_half,2048,4096,4096,1.5369,44.713
b580,8b,4w,parent,sarc_linear_q4gsw_coopmat_t128x128k16g44s16m8fli_texture3d_texture2d_half,2048,14336,4096,5.5818,43.089
b580,8b,4w,parent,sarc_linear_q4gsw_coopmat_t128x128k16g44s16m8fli_texture3d_texture2d_half,2048,14336,4096,5.5448,43.378
b580,8b,4w,parent,sarc_linear_q4gsw_coopmat_t128x128k16g44s16m8fli_texture3d_texture2d_half,2048,4096,14336,5.7486,41.839
b580,8b,4w,parent,sarc_linear_q4gsw_coopmat_t128x128k16g44s16m8fli_texture3d_texture2d_half,2048,4096,4096,1.5305,44.9
b580,8b,4w,parent,sarc_linear_q4gsw_coopmat_t128x128k16g44s16m8fli_texture3d_texture2d_half,2048,1024,4096,0.4471,38.425
b580,8b,4w,parent,sarc_linear_q4gsw_coopmat_t128x128k16g44s16m8fli_texture3d_texture2d_half,2048,1024,4096,0.4452,38.587
b580,8b,4w,parent,sarc_linear_q4gsw_coopmat_t128x128k16g44s16m8fli_texture3d_texture2d_half,2048,4096,4096,1.5348,44.775
b580,8b,4w,parent,sarc_linear_q4gsw_coopmat_t128x128k16g44s16m8fli_texture3d_texture2d_half,2048,14336,4096,5.5853,43.063
b580,8b,4w,parent,sarc_linear_q4gsw_coopmat_t128x128k16g44s16m8fli_texture3d_texture2d_half,2048,14336,4096,5.5559,43.291
b580,8b,4w,parent,sarc_linear_q4gsw_coopmat_t128x128k16g44s16m8fli_texture3d_texture2d_half,2048,4096,14336,5.8559,41.073
b580,8b,4w,parent,sarc_linear_q4gsw_coopmat_t128x128k16g44s16m8fli_texture3d_texture2d_half,2048,4096,4096,1.5405,44.609
b580,8b,4w,parent,sarc_linear_q4gsw_coopmat_t128x128k16g44s16m8fli_texture3d_texture2d_half,2048,1024,4096,0.4439,38.705
b580,8b,4w,parent,sarc_linear_q4gsw_coopmat_t128x128k16g44s16m8fli_texture3d_texture2d_half,2048,1024,4096,0.4402,39.029
b580,8b,4w,parent,sarc_linear_q4gsw_coopmat_t128x128k16g44s16m8fli_texture3d_texture2d_half,2048,4096,4096,1.5434,44.526
b580,8b,4w,parent,sarc_linear_q4gsw_coopmat_t128x128k16g44s16m8fli_texture3d_texture2d_half,2048,14336,4096,5.5871,43.049
b580,8b,4w,parent,sarc_linear_q4gsw_coopmat_t128x128k16g44s16m8fli_texture3d_texture2d_half,2048,14336,4096,5.5948,42.99
b580,8b,4w,parent,sarc_linear_q4gsw_coopmat_t128x128k16g44s16m8fli_texture3d_texture2d_half,2048,4096,14336,5.707,42.144
b580,8b,4w,parent,sarc_linear_q4gsw_coopmat_t128x128k16g44s16m8fli_texture3d_texture2d_half,2048,4096,4096,1.514,45.388
b580,8b,4w,parent,sarc_linear_q4gsw_coopmat_t128x128k16g44s16m8fli_texture3d_texture2d_half,2048,1024,4096,0.4614,37.23
b580,8b,4w,parent,sarc_linear_q4gsw_coopmat_t128x128k16g44s16m8fli_texture3d_texture2d_half,2048,1024,4096,0.444,38.695
b580,8b,4w,parent,sarc_linear_q4gsw_coopmat_t128x128k16g44s16m8fli_texture3d_texture2d_half,2048,4096,4096,1.512,45.449
b580,8b,4w,parent,sarc_linear_q4gsw_coopmat_t128x128k16g44s16m8fli_texture3d_texture2d_half,2048,14336,4096,5.5609,43.252
b580,8b,4w,parent,sarc_linear_q4gsw_coopmat_t128x128k16g44s16m8fli_texture3d_texture2d_half,2048,14336,4096,5.5993,42.955
b580,8b,4w,parent,sarc_linear_q4gsw_coopmat_t128x128k16g44s16m8fli_texture3d_texture2d_half,2048,4096,14336,5.7853,41.574
b580,8b,4w,parent,sarc_linear_q4gsw_coopmat_t128x128k16g44s16m8fli_texture3d_texture2d_half,2048,4096,4096,1.5358,44.744
b580,8b,4w,parent,sarc_linear_q4gsw_coopmat_t128x128k16g44s16m8fli_texture3d_texture2d_half,2048,1024,4096,0.4429,38.786
b580,8b,4w,parent,sarc_linear_q4gsw_coopmat_t128x128k16g44s16m8fli_texture3d_texture2d_half,2048,1024,4096,0.4581,37.505
b580,8b,4w,parent,sarc_linear_q4gsw_coopmat_t128x128k16g44s16m8fli_texture3d_texture2d_half,2048,4096,4096,1.535,44.769
b580,8b,4w,parent,sarc_linear_q4gsw_coopmat_t128x128k16g44s16m8fli_texture3d_texture2d_half,2048,14336,4096,5.5982,42.963
b580,8b,4w,parent,sarc_linear_q4gsw_coopmat_t128x128k16g44s16m8fli_texture3d_texture2d_half,2048,14336,4096,5.5238,43.542
b580,8b,4w,parent,sarc_linear_q4gsw_coopmat_t128x128k16g44s16m8fli_texture3d_texture2d_half,2048,4096,14336,5.7662,41.712
b580,8b,4w,parent,sarc_linear_q4gsw_coopmat_t128x128k16g44s16m8fli_texture3d_texture2d_half,2048,4096,4096,1.5415,44.578
b580,8b,4w,parent,sarc_linear_q4gsw_coopmat_t128x128k16g44s16m8fli_texture3d_texture2d_half,2048,1024,4096,0.4422,38.855
b580,8b,4w,parent,sarc_linear_q4gsw_coopmat_t128x128k16g44s16m8fli_texture3d_texture2d_half,2048,1024,4096,0.4468,38.452
b580,8b,4w,parent,sarc_linear_q4gsw_coopmat_t128x128k16g44s16m8fli_texture3d_texture2d_half,2048,4096,4096,1.5377,44.69
b580,8b,4w,parent,sarc_linear_q4gsw_coopmat_t128x128k16g44s16m8fli_texture3d_texture2d_half,2048,14336,4096,5.585,43.065
b580,8b,4w,parent,sarc_linear_q4gsw_coopmat_t128x128k16g44s16m8fli_texture3d_texture2d_half,2048,14336,4096,5.5867,43.052
b580,8b,4w,parent,sarc_linear_q4gsw_coopmat_t128x128k16g44s16m8fli_texture3d_texture2d_half,2048,4096,14336,5.7752,41.647
b580,8b,4w,parent,sarc_linear_q4gsw_coopmat_t128x128k16g44s16m8fli_texture3d_texture2d_half,2048,4096,4096,1.5079,45.573
b580,8b,4w,parent,sarc_linear_q4gsw_coopmat_t128x128k16g44s16m8fli_texture3d_texture2d_half,2048,1024,4096,0.4626,37.134
b580,8b,4w,parent,sarc_linear_q4gsw_coopmat_t128x128k16g44s16m8fli_texture3d_texture2d_half,2048,1024,4096,0.4453,38.583
b580,8b,4w,parent,sarc_linear_q4gsw_coopmat_t128x128k16g44s16m8fli_texture3d_texture2d_half,2048,4096,4096,1.5207,45.19
b580,8b,4w,parent,sarc_linear_q4gsw_coopmat_t128x128k16g44s16m8fli_texture3d_texture2d_half,2048,14336,4096,5.5702,43.179
b580,8b,4w,parent,sarc_linear_q4gsw_coopmat_t128x128k16g44s16m8fli_texture3d_texture2d_half,2048,14336,4096,5.5836,43.076
b580,8b,4w,parent,sarc_linear_q4gsw_coopmat_t128x128k16g44s16m8fli_texture3d_texture2d_half,2048,4096,14336,5.8153,41.359
b580,8b,4w,parent,sarc_linear_q4gsw_coopmat_t128x128k16g44s16m8fli_texture3d_texture2d_half,2048,4096,4096,1.5299,44.916
b580,8b,4w,parent,sarc_linear_q4gsw_coopmat_t128x128k16g44s16m8fli_texture3d_texture2d_half,2048,1024,4096,0.4435,38.736
b580,8b,4w,parent,sarc_linear_q4gsw_coopmat_t128x128k16g44s16m8fli_texture3d_texture2d_half,2048,1024,4096,0.4578,37.531
b580,8b,4w,parent,sarc_linear_q4gsw_coopmat_t128x128k16g44s16m8fli_texture3d_texture2d_half,2048,4096,4096,1.5349,44.772
b580,8b,4w,parent,sarc_linear_q4gsw_coopmat_t128x128k16g44s16m8fli_texture3d_texture2d_half,2048,14336,4096,5.5507,43.331
b580,8b,4w,parent,sarc_linear_q4gsw_coopmat_t128x128k16g44s16m8fli_texture3d_texture2d_half,2048,14336,4096,5.5268,43.518
b580,8b,4w,parent,sarc_linear_q4gsw_coopmat_t128x128k16g44s16m8fli_texture3d_texture2d_half,2048,4096,14336,5.7526,41.811
b580,8b,4w,parent,sarc_linear_q4gsw_coopmat_t128x128k16g44s16m8fli_texture3d_texture2d_half,2048,4096,4096,1.5419,44.568
b580,8b,4w,parent,sarc_linear_q4gsw_coopmat_t128x128k16g44s16m8fli_texture3d_texture2d_half,2048,1024,4096,0.4428,38.8
b580,8b,4w,parent,sarc_linear_q4gsw_coopmat_t128x128k16g44s16m8fli_texture3d_texture2d_half,2048,1024,4096,0.4428,38.795
b580,8b,4w,parent,sarc_linear_q4gsw_coopmat_t128x128k16g44s16m8fli_texture3d_texture2d_half,2048,4096,4096,1.5364,44.726
b580,8b,4w,parent,sarc_linear_q4gsw_coopmat_t128x128k16g44s16m8fli_texture3d_texture2d_half,2048,14336,4096,5.5792,43.11
b580,8b,4w,parent,sarc_linear_q4gsw_coopmat_t128x128k16g44s16m8fli_texture3d_texture2d_half,2048,14336,4096,5.5829,43.081
b580,8b,4w,parent,sarc_linear_q4gsw_coopmat_t128x128k16g44s16m8fli_texture3d_texture2d_half,2048,4096,14336,5.7529,41.808
b580,8b,8da4w,cand,sarc_dev_linear_dq8ca_coopmat_zpg_xe2bt_t128x128k64g84s16m8_texture3d_texture2d_half,2048,4096,4096,0.9316,73.762
b580,8b,8da4w,cand,sarc_dev_linear_dq8ca_coopmat_zpg_xe2bt_t128x128k64g84s16m8_texture3d_texture2d_half,2048,1024,4096,0.2889,59.464
b580,8b,8da4w,cand,sarc_dev_linear_dq8ca_coopmat_zpg_xe2bt_t128x128k64g84s16m8_texture3d_texture2d_half,2048,1024,4096,0.284,60.487
b580,8b,8da4w,cand,sarc_dev_linear_dq8ca_coopmat_zpg_xe2bt_t128x128k64g84s16m8_texture3d_texture2d_half,2048,4096,4096,0.9296,73.928
b580,8b,8da4w,cand,sarc_dev_linear_dq8ca_coopmat_zpg_xe2bt_t128x128k64g84s16m8_texture3d_texture2d_half,2048,14336,4096,3.5664,67.441
b580,8b,8da4w,cand,sarc_dev_linear_dq8ca_coopmat_zpg_xe2bt_t128x128k64g84s16m8_texture3d_texture2d_half,2048,14336,4096,3.5493,67.765
b580,8b,8da4w,cand,sarc_dev_linear_dq8ca_coopmat_zpg_xe2bt_t128x128k64g84s16m8_texture3d_texture2d_half,2048,4096,14336,4.0143,59.915
b580,8b,8da4w,cand,sarc_dev_linear_dq8ca_coopmat_zpg_xe2bt_t128x128k64g84s16m8_texture3d_texture2d_half,2048,4096,4096,0.9208,74.629
b580,8b,8da4w,cand,sarc_dev_linear_dq8ca_coopmat_zpg_xe2bt_t128x128k64g84s16m8_texture3d_texture2d_half,2048,1024,4096,0.2814,61.057
b580,8b,8da4w,cand,sarc_dev_linear_dq8ca_coopmat_zpg_xe2bt_t128x128k64g84s16m8_texture3d_texture2d_half,2048,1024,4096,0.2807,61.205
b580,8b,8da4w,cand,sarc_dev_linear_dq8ca_coopmat_zpg_xe2bt_t128x128k64g84s16m8_texture3d_texture2d_half,2048,4096,4096,0.9296,73.923
b580,8b,8da4w,cand,sarc_dev_linear_dq8ca_coopmat_zpg_xe2bt_t128x128k64g84s16m8_texture3d_texture2d_half,2048,14336,4096,3.5669,67.431
b580,8b,8da4w,cand,sarc_dev_linear_dq8ca_coopmat_zpg_xe2bt_t128x128k64g84s16m8_texture3d_texture2d_half,2048,14336,4096,3.5442,67.863
b580,8b,8da4w,cand,sarc_dev_linear_dq8ca_coopmat_zpg_xe2bt_t128x128k64g84s16m8_texture3d_texture2d_half,2048,4096,14336,4.0227,59.791
b580,8b,8da4w,cand,sarc_dev_linear_dq8ca_coopmat_zpg_xe2bt_t128x128k64g84s16m8_texture3d_texture2d_half,2048,4096,4096,0.9375,73.304
b580,8b,8da4w,cand,sarc_dev_linear_dq8ca_coopmat_zpg_xe2bt_t128x128k64g84s16m8_texture3d_texture2d_half,2048,1024,4096,0.2839,60.51
b580,8b,8da4w,cand,sarc_dev_linear_dq8ca_coopmat_zpg_xe2bt_t128x128k64g84s16m8_texture3d_texture2d_half,2048,1024,4096,0.285,60.289
b580,8b,8da4w,cand,sarc_dev_linear_dq8ca_coopmat_zpg_xe2bt_t128x128k64g84s16m8_texture3d_texture2d_half,2048,4096,4096,0.9733,70.606
b580,8b,8da4w,cand,sarc_dev_linear_dq8ca_coopmat_zpg_xe2bt_t128x128k64g84s16m8_texture3d_texture2d_half,2048,14336,4096,3.5659,67.449
b580,8b,8da4w,cand,sarc_dev_linear_dq8ca_coopmat_zpg_xe2bt_t128x128k64g84s16m8_texture3d_texture2d_half,2048,14336,4096,3.5459,67.829
b580,8b,8da4w,cand,sarc_dev_linear_dq8ca_coopmat_zpg_xe2bt_t128x128k64g84s16m8_texture3d_texture2d_half,2048,4096,14336,4.3184,55.696
b580,8b,8da4w,cand,sarc_dev_linear_dq8ca_coopmat_zpg_xe2bt_t128x128k64g84s16m8_texture3d_texture2d_half,2048,4096,4096,0.9343,73.553
b580,8b,8da4w,cand,sarc_dev_linear_dq8ca_coopmat_zpg_xe2bt_t128x128k64g84s16m8_texture3d_texture2d_half,2048,1024,4096,0.289,59.453
b580,8b,8da4w,cand,sarc_dev_linear_dq8ca_coopmat_zpg_xe2bt_t128x128k64g84s16m8_texture3d_texture2d_half,2048,1024,4096,0.2832,60.654
b580,8b,8da4w,cand,sarc_dev_linear_dq8ca_coopmat_zpg_xe2bt_t128x128k64g84s16m8_texture3d_texture2d_half,2048,4096,4096,0.9376,73.292
b580,8b,8da4w,cand,sarc_dev_linear_dq8ca_coopmat_zpg_xe2bt_t128x128k64g84s16m8_texture3d_texture2d_half,2048,14336,4096,3.5259,68.215
b580,8b,8da4w,cand,sarc_dev_linear_dq8ca_coopmat_zpg_xe2bt_t128x128k64g84s16m8_texture3d_texture2d_half,2048,14336,4096,3.5378,67.986
b580,8b,8da4w,cand,sarc_dev_linear_dq8ca_coopmat_zpg_xe2bt_t128x128k64g84s16m8_texture3d_texture2d_half,2048,4096,14336,4.0659,59.155
b580,8b,8da4w,cand,sarc_dev_linear_dq8ca_coopmat_zpg_xe2bt_t128x128k64g84s16m8_texture3d_texture2d_half,2048,4096,4096,0.9412,73.013
b580,8b,8da4w,cand,sarc_dev_linear_dq8ca_coopmat_zpg_xe2bt_t128x128k64g84s16m8_texture3d_texture2d_half,2048,1024,4096,0.2883,59.593
b580,8b,8da4w,cand,sarc_dev_linear_dq8ca_coopmat_zpg_xe2bt_t128x128k64g84s16m8_texture3d_texture2d_half,2048,1024,4096,0.2835,60.598
b580,8b,8da4w,cand,sarc_dev_linear_dq8ca_coopmat_zpg_xe2bt_t128x128k64g84s16m8_texture3d_texture2d_half,2048,4096,4096,0.9339,73.582
b580,8b,8da4w,cand,sarc_dev_linear_dq8ca_coopmat_zpg_xe2bt_t128x128k64g84s16m8_texture3d_texture2d_half,2048,14336,4096,3.6132,66.567
b580,8b,8da4w,cand,sarc_dev_linear_dq8ca_coopmat_zpg_xe2bt_t128x128k64g84s16m8_texture3d_texture2d_half,2048,14336,4096,3.5345,68.048
b580,8b,8da4w,cand,sarc_dev_linear_dq8ca_coopmat_zpg_xe2bt_t128x128k64g84s16m8_texture3d_texture2d_half,2048,4096,14336,4.0451,59.459
b580,8b,8da4w,cand,sarc_dev_linear_dq8ca_coopmat_zpg_xe2bt_t128x128k64g84s16m8_texture3d_texture2d_half,2048,4096,4096,0.9346,73.524
b580,8b,8da4w,cand,sarc_dev_linear_dq8ca_coopmat_zpg_xe2bt_t128x128k64g84s16m8_texture3d_texture2d_half,2048,1024,4096,0.2842,60.443
b580,8b,8da4w,cand,sarc_dev_linear_dq8ca_coopmat_zpg_xe2bt_t128x128k64g84s16m8_texture3d_texture2d_half,2048,1024,4096,0.2818,60.967
b580,8b,8da4w,cand,sarc_dev_linear_dq8ca_coopmat_zpg_xe2bt_t128x128k64g84s16m8_texture3d_texture2d_half,2048,4096,4096,0.9235,74.415
b580,8b,8da4w,cand,sarc_dev_linear_dq8ca_coopmat_zpg_xe2bt_t128x128k64g84s16m8_texture3d_texture2d_half,2048,14336,4096,3.5724,67.327
b580,8b,8da4w,cand,sarc_dev_linear_dq8ca_coopmat_zpg_xe2bt_t128x128k64g84s16m8_texture3d_texture2d_half,2048,14336,4096,3.5342,68.055
b580,8b,8da4w,cand,sarc_dev_linear_dq8ca_coopmat_zpg_xe2bt_t128x128k64g84s16m8_texture3d_texture2d_half,2048,4096,14336,4.0361,59.592
b580,8b,8da4w,cand,sarc_dev_linear_dq8ca_coopmat_zpg_xe2bt_t128x128k64g84s16m8_texture3d_texture2d_half,2048,4096,4096,0.9229,74.456
b580,8b,8da4w,cand,sarc_dev_linear_dq8ca_coopmat_zpg_xe2bt_t128x128k64g84s16m8_texture3d_texture2d_half,2048,1024,4096,0.2868,59.906
b580,8b,8da4w,cand,sarc_dev_linear_dq8ca_coopmat_zpg_xe2bt_t128x128k64g84s16m8_texture3d_texture2d_half,2048,1024,4096,0.2815,61.035
b580,8b,8da4w,cand,sarc_dev_linear_dq8ca_coopmat_zpg_xe2bt_t128x128k64g84s16m8_texture3d_texture2d_half,2048,4096,4096,0.94,73.11
b580,8b,8da4w,cand,sarc_dev_linear_dq8ca_coopmat_zpg_xe2bt_t128x128k64g84s16m8_texture3d_texture2d_half,2048,14336,4096,3.5382,67.977
b580,8b,8da4w,cand,sarc_dev_linear_dq8ca_coopmat_zpg_xe2bt_t128x128k64g84s16m8_texture3d_texture2d_half,2048,14336,4096,3.5296,68.144
b580,8b,8da4w,cand,sarc_dev_linear_dq8ca_coopmat_zpg_xe2bt_t128x128k64g84s16m8_texture3d_texture2d_half,2048,4096,14336,4.0478,59.42
b580,8b,8da4w,cand,sarc_dev_linear_dq8ca_coopmat_zpg_xe2bt_t128x128k64g84s16m8_texture3d_texture2d_half,2048,4096,4096,0.9303,73.87
b580,8b,8da4w,cand,sarc_dev_linear_dq8ca_coopmat_zpg_xe2bt_t128x128k64g84s16m8_texture3d_texture2d_half,2048,1024,4096,0.2875,59.754
b580,8b,8da4w,cand,sarc_dev_linear_dq8ca_coopmat_zpg_xe2bt_t128x128k64g84s16m8_texture3d_texture2d_half,2048,1024,4096,0.2847,60.344
b580,8b,8da4w,cand,sarc_dev_linear_dq8ca_coopmat_zpg_xe2bt_t128x128k64g84s16m8_texture3d_texture2d_half,2048,4096,4096,0.9299,73.903
b580,8b,8da4w,cand,sarc_dev_linear_dq8ca_coopmat_zpg_xe2bt_t128x128k64g84s16m8_texture3d_texture2d_half,2048,14336,4096,3.5452,67.844
b580,8b,8da4w,cand,sarc_dev_linear_dq8ca_coopmat_zpg_xe2bt_t128x128k64g84s16m8_texture3d_texture2d_half,2048,14336,4096,3.6027,66.76
b580,8b,8da4w,cand,sarc_dev_linear_dq8ca_coopmat_zpg_xe2bt_t128x128k64g84s16m8_texture3d_texture2d_half,2048,4096,14336,4.0209,59.817
b580,8b,8da4w,cand,sarc_dev_linear_dq8ca_coopmat_zpg_xe2bt_t128x128k64g84s16m8_texture3d_texture2d_half,2048,4096,4096,0.9296,73.923
b580,8b,8da4w,cand,sarc_dev_linear_dq8ca_coopmat_zpg_xe2bt_t128x128k64g84s16m8_texture3d_texture2d_half,2048,1024,4096,0.2835,60.598
b580,8b,8da4w,cand,sarc_dev_linear_dq8ca_coopmat_zpg_xe2bt_t128x128k64g84s16m8_texture3d_texture2d_half,2048,1024,4096,0.2814,61.057
b580,8b,8da4w,cand,sarc_dev_linear_dq8ca_coopmat_zpg_xe2bt_t128x128k64g84s16m8_texture3d_texture2d_half,2048,4096,4096,0.9271,74.127
b580,8b,8da4w,cand,sarc_dev_linear_dq8ca_coopmat_zpg_xe2bt_t128x128k64g84s16m8_texture3d_texture2d_half,2048,14336,4096,3.5327,68.083
b580,8b,8da4w,cand,sarc_dev_linear_dq8ca_coopmat_zpg_xe2bt_t128x128k64g84s16m8_texture3d_texture2d_half,2048,14336,4096,3.5557,67.643
b580,8b,8da4w,cand,sarc_dev_linear_dq8ca_coopmat_zpg_xe2bt_t128x128k64g84s16m8_texture3d_texture2d_half,2048,4096,14336,4.0359,59.594
b580,8b,8da4w,cand,sarc_dev_linear_dq8ca_coopmat_zpg_xe2bt_t128x128k64g84s16m8_texture3d_texture2d_half,2048,4096,4096,0.9239,74.381
b580,8b,8da4w,cand,sarc_dev_linear_dq8ca_coopmat_zpg_xe2bt_t128x128k64g84s16m8_texture3d_texture2d_half,2048,1024,4096,0.2854,60.201
b580,8b,8da4w,cand,sarc_dev_linear_dq8ca_coopmat_zpg_xe2bt_t128x128k64g84s16m8_texture3d_texture2d_half,2048,1024,4096,0.2809,61.171
b580,8b,8da4w,cand,sarc_dev_linear_dq8ca_coopmat_zpg_xe2bt_t128x128k64g84s16m8_texture3d_texture2d_half,2048,4096,4096,0.9319,73.742
b580,8b,8da4w,cand,sarc_dev_linear_dq8ca_coopmat_zpg_xe2bt_t128x128k64g84s16m8_texture3d_texture2d_half,2048,14336,4096,3.5444,67.859
b580,8b,8da4w,cand,sarc_dev_linear_dq8ca_coopmat_zpg_xe2bt_t128x128k64g84s16m8_texture3d_texture2d_half,2048,14336,4096,3.5382,67.978
b580,8b,8da4w,cand,sarc_dev_linear_dq8ca_coopmat_zpg_xe2bt_t128x128k64g84s16m8_texture3d_texture2d_half,2048,4096,14336,4.0133,59.93
b580,8b,8da4w,cand,sarc_dev_linear_dq8ca_coopmat_zpg_xe2bt_t128x128k64g84s16m8_texture3d_texture2d_half,2048,4096,4096,0.9231,74.448
b580,8b,8da4w,cand,sarc_dev_linear_dq8ca_coopmat_zpg_xe2bt_t128x128k64g84s16m8_texture3d_texture2d_half,2048,1024,4096,0.2804,61.273
b580,8b,8da4w,cand,sarc_dev_linear_dq8ca_coopmat_zpg_xe2bt_t128x128k64g84s16m8_texture3d_texture2d_half,2048,1024,4096,0.2845,60.388
b580,8b,8da4w,cand,sarc_dev_linear_dq8ca_coopmat_zpg_xe2bt_t128x128k64g84s16m8_texture3d_texture2d_half,2048,4096,4096,0.9359,73.422
b580,8b,8da4w,cand,sarc_dev_linear_dq8ca_coopmat_zpg_xe2bt_t128x128k64g84s16m8_texture3d_texture2d_half,2048,14336,4096,3.5473,67.803
b580,8b,8da4w,cand,sarc_dev_linear_dq8ca_coopmat_zpg_xe2bt_t128x128k64g84s16m8_texture3d_texture2d_half,2048,14336,4096,3.5755,67.269
b580,8b,8da4w,cand,sarc_dev_linear_dq8ca_coopmat_zpg_xe2bt_t128x128k64g84s16m8_texture3d_texture2d_half,2048,4096,14336,4.0497,59.392
b580,8b,8da4w,cand,sarc_dev_linear_dq8ca_coopmat_zpg_xe2bt_t128x128k64g84s16m8_texture3d_texture2d_half,2048,4096,4096,0.9307,73.837
b580,8b,8da4w,cand,sarc_dev_linear_dq8ca_coopmat_zpg_xe2bt_t128x128k64g84s16m8_texture3d_texture2d_half,2048,1024,4096,0.2837,60.565
b580,8b,8da4w,cand,sarc_dev_linear_dq8ca_coopmat_zpg_xe2bt_t128x128k64g84s16m8_texture3d_texture2d_half,2048,1024,4096,0.2902,59.208
b580,8b,8da4w,cand,sarc_dev_linear_dq8ca_coopmat_zpg_xe2bt_t128x128k64g84s16m8_texture3d_texture2d_half,2048,4096,4096,0.9206,74.646
b580,8b,8da4w,cand,sarc_dev_linear_dq8ca_coopmat_zpg_xe2bt_t128x128k64g84s16m8_texture3d_texture2d_half,2048,14336,4096,3.5279,68.175
b580,8b,8da4w,cand,sarc_dev_linear_dq8ca_coopmat_zpg_xe2bt_t128x128k64g84s16m8_texture3d_texture2d_half,2048,14336,4096,3.5698,67.376
b580,8b,8da4w,cand,sarc_dev_linear_dq8ca_coopmat_zpg_xe2bt_t128x128k64g84s16m8_texture3d_texture2d_half,2048,4096,14336,4.0321,59.651
b580,8b,8da4w,cand,sarc_dev_linear_dq8ca_coopmat_zpg_xe2bt_t128x128k64g84s16m8_texture3d_texture2d_half,2048,4096,4096,0.9271,74.122
b580,8b,8da4w,cand,sarc_dev_linear_dq8ca_coopmat_zpg_xe2bt_t128x128k64g84s16m8_texture3d_texture2d_half,2048,1024,4096,0.2835,60.598
b580,8b,8da4w,cand,sarc_dev_linear_dq8ca_coopmat_zpg_xe2bt_t128x128k64g84s16m8_texture3d_texture2d_half,2048,1024,4096,0.2832,60.665
b580,8b,8da4w,cand,sarc_dev_linear_dq8ca_coopmat_zpg_xe2bt_t128x128k64g84s16m8_texture3d_texture2d_half,2048,4096,4096,0.9335,73.615
b580,8b,8da4w,cand,sarc_dev_linear_dq8ca_coopmat_zpg_xe2bt_t128x128k64g84s16m8_texture3d_texture2d_half,2048,14336,4096,3.5589,67.582
b580,8b,8da4w,cand,sarc_dev_linear_dq8ca_coopmat_zpg_xe2bt_t128x128k64g84s16m8_texture3d_texture2d_half,2048,14336,4096,3.5338,68.063
b580,8b,8da4w,cand,sarc_dev_linear_dq8ca_coopmat_zpg_xe2bt_t128x128k64g84s16m8_texture3d_texture2d_half,2048,4096,14336,4.0433,59.485
b580,8b,8da4w,cand,sarc_dev_linear_dq8ca_coopmat_zpg_xe2bt_t128x128k64g84s16m8_texture3d_texture2d_half,2048,4096,4096,0.9263,74.189
b580,8b,8da4w,cand,sarc_dev_linear_dq8ca_coopmat_zpg_xe2bt_t128x128k64g84s16m8_texture3d_texture2d_half,2048,1024,4096,0.2878,59.7
b580,8b,8da4w,cand,sarc_dev_linear_dq8ca_coopmat_zpg_xe2bt_t128x128k64g84s16m8_texture3d_texture2d_half,2048,1024,4096,0.2766,62.114
b580,8b,8da4w,cand,sarc_dev_linear_dq8ca_coopmat_zpg_xe2bt_t128x128k64g84s16m8_texture3d_texture2d_half,2048,4096,4096,0.9236,74.402
b580,8b,8da4w,cand,sarc_dev_linear_dq8ca_coopmat_zpg_xe2bt_t128x128k64g84s16m8_texture3d_texture2d_half,2048,14336,4096,3.5466,67.816
b580,8b,8da4w,cand,sarc_dev_linear_dq8ca_coopmat_zpg_xe2bt_t128x128k64g84s16m8_texture3d_texture2d_half,2048,14336,4096,3.5571,67.616
b580,8b,8da4w,cand,sarc_dev_linear_dq8ca_coopmat_zpg_xe2bt_t128x128k64g84s16m8_texture3d_texture2d_half,2048,4096,14336,4.0173,59.87
b580,8b,8da4w,cand,sarc_dev_linear_dq8ca_coopmat_zpg_xe2bt_t128x128k64g84s16m8_texture3d_texture2d_half,2048,4096,4096,0.9337,73.602
b580,8b,8da4w,cand,sarc_dev_linear_dq8ca_coopmat_zpg_xe2bt_t128x128k64g84s16m8_texture3d_texture2d_half,2048,1024,4096,0.2831,60.687
b580,8b,8da4w,cand,sarc_dev_linear_dq8ca_coopmat_zpg_xe2bt_t128x128k64g84s16m8_texture3d_texture2d_half,2048,1024,4096,0.2852,60.245
b580,8b,8da4w,cand,sarc_dev_linear_dq8ca_coopmat_zpg_xe2bt_t128x128k64g84s16m8_texture3d_texture2d_half,2048,4096,4096,0.9264,74.181
b580,8b,8da4w,cand,sarc_dev_linear_dq8ca_coopmat_zpg_xe2bt_t128x128k64g84s16m8_texture3d_texture2d_half,2048,14336,4096,3.536,68.02
b580,8b,8da4w,cand,sarc_dev_linear_dq8ca_coopmat_zpg_xe2bt_t128x128k64g84s16m8_texture3d_texture2d_half,2048,14336,4096,3.5613,67.536
b580,8b,8da4w,cand,sarc_dev_linear_dq8ca_coopmat_zpg_xe2bt_t128x128k64g84s16m8_texture3d_texture2d_half,2048,4096,14336,4.3357,55.474
b580,8b,8da4w,cand,sarc_dev_linear_dq8ca_coopmat_zpg_xe2bt_t128x128k64g84s16m8_texture3d_texture2d_half,2048,4096,4096,0.927,74.135
b580,8b,8da4w,cand,sarc_dev_linear_dq8ca_coopmat_zpg_xe2bt_t128x128k64g84s16m8_texture3d_texture2d_half,2048,1024,4096,0.2879,59.679
b580,8b,8da4w,cand,sarc_dev_linear_dq8ca_coopmat_zpg_xe2bt_t128x128k64g84s16m8_texture3d_texture2d_half,2048,1024,4096,0.2828,60.743
b580,8b,8da4w,cand,sarc_dev_linear_dq8ca_coopmat_zpg_xe2bt_t128x128k64g84s16m8_texture3d_texture2d_half,2048,4096,4096,0.9336,73.606
b580,8b,8da4w,cand,sarc_dev_linear_dq8ca_coopmat_zpg_xe2bt_t128x128k64g84s16m8_texture3d_texture2d_half,2048,14336,4096,3.5317,68.102
b580,8b,8da4w,cand,sarc_dev_linear_dq8ca_coopmat_zpg_xe2bt_t128x128k64g84s16m8_texture3d_texture2d_half,2048,14336,4096,3.5448,67.85
b580,8b,8da4w,cand,sarc_dev_linear_dq8ca_coopmat_zpg_xe2bt_t128x128k64g84s16m8_texture3d_texture2d_half,2048,4096,14336,4.0313,59.663
b580,8b,8da4w,cand,sarc_dev_linear_dq8ca_coopmat_zpg_xe2bt_t128x128k64g84s16m8_texture3d_texture2d_half,2048,4096,4096,0.9155,75.066
b580,8b,8da4w,cand,sarc_dev_linear_dq8ca_coopmat_zpg_xe2bt_t128x128k64g84s16m8_texture3d_texture2d_half,2048,1024,4096,0.2871,59.83
b580,8b,8da4w,cand,sarc_dev_linear_dq8ca_coopmat_zpg_xe2bt_t128x128k64g84s16m8_texture3d_texture2d_half,2048,1024,4096,0.2835,60.609
b580,8b,8da4w,cand,sarc_dev_linear_dq8ca_coopmat_zpg_xe2bt_t128x128k64g84s16m8_texture3d_texture2d_half,2048,4096,4096,0.9207,74.637
b580,8b,8da4w,cand,sarc_dev_linear_dq8ca_coopmat_zpg_xe2bt_t128x128k64g84s16m8_texture3d_texture2d_half,2048,14336,4096,3.5331,68.076
b580,8b,8da4w,cand,sarc_dev_linear_dq8ca_coopmat_zpg_xe2bt_t128x128k64g84s16m8_texture3d_texture2d_half,2048,14336,4096,3.5111,68.502
b580,8b,8da4w,cand,sarc_dev_linear_dq8ca_coopmat_zpg_xe2bt_t128x128k64g84s16m8_texture3d_texture2d_half,2048,4096,14336,4.0495,59.395
b580,8b,8da4w,cand,sarc_dev_linear_dq8ca_coopmat_zpg_xe2bt_t128x128k64g84s16m8_texture3d_texture2d_half,2048,4096,4096,0.9634,71.334
b580,8b,8da4w,cand,sarc_dev_linear_dq8ca_coopmat_zpg_xe2bt_t128x128k64g84s16m8_texture3d_texture2d_half,2048,1024,4096,0.2807,61.193
b580,8b,8da4w,cand,sarc_dev_linear_dq8ca_coopmat_zpg_xe2bt_t128x128k64g84s16m8_texture3d_texture2d_half,2048,1024,4096,0.2793,61.512
b580,8b,8da4w,cand,sarc_dev_linear_dq8ca_coopmat_zpg_xe2bt_t128x128k64g84s16m8_texture3d_texture2d_half,2048,4096,4096,0.9289,73.977
b580,8b,8da4w,cand,sarc_dev_linear_dq8ca_coopmat_zpg_xe2bt_t128x128k64g84s16m8_texture3d_texture2d_half,2048,14336,4096,3.5507,67.738
b580,8b,8da4w,cand,sarc_dev_linear_dq8ca_coopmat_zpg_xe2bt_t128x128k64g84s16m8_texture3d_texture2d_half,2048,14336,4096,3.5337,68.064
b580,8b,8da4w,cand,sarc_dev_linear_dq8ca_coopmat_zpg_xe2bt_t128x128k64g84s16m8_texture3d_texture2d_half,2048,4096,14336,4.0281,59.71
b580,8b,8da4w,cand,sarc_dev_linear_dq8ca_coopmat_zpg_xe2bt_t128x128k64g84s16m8_texture3d_texture2d_half,2048,4096,4096,0.9233,74.427
b580,8b,8da4w,cand,sarc_dev_linear_dq8ca_coopmat_zpg_xe2bt_t128x128k64g84s16m8_texture3d_texture2d_half,2048,1024,4096,0.2872,59.819
b580,8b,8da4w,cand,sarc_dev_linear_dq8ca_coopmat_zpg_xe2bt_t128x128k64g84s16m8_texture3d_texture2d_half,2048,1024,4096,0.2802,61.318
b580,8b,8da4w,cand,sarc_dev_linear_dq8ca_coopmat_zpg_xe2bt_t128x128k64g84s16m8_texture3d_texture2d_half,2048,4096,4096,0.9238,74.389
b580,8b,8da4w,cand,sarc_dev_linear_dq8ca_coopmat_zpg_xe2bt_t128x128k64g84s16m8_texture3d_texture2d_half,2048,14336,4096,3.532,68.097
b580,8b,8da4w,cand,sarc_dev_linear_dq8ca_coopmat_zpg_xe2bt_t128x128k64g84s16m8_texture3d_texture2d_half,2048,14336,4096,3.529,68.154
b580,8b,8da4w,cand,sarc_dev_linear_dq8ca_coopmat_zpg_xe2bt_t128x128k64g84s16m8_texture3d_texture2d_half,2048,4096,14336,4.0204,59.825
b580,8b,8da4w,cand,sarc_dev_linear_dq8ca_coopmat_zpg_xe2bt_t128x128k64g84s16m8_texture3d_texture2d_half,2048,4096,4096,0.9145,75.142
b580,8b,8da4w,cand,sarc_dev_linear_dq8ca_coopmat_zpg_xe2bt_t128x128k64g84s16m8_texture3d_texture2d_half,2048,1024,4096,0.2865,59.971
b580,8b,8da4w,cand,sarc_dev_linear_dq8ca_coopmat_zpg_xe2bt_t128x128k64g84s16m8_texture3d_texture2d_half,2048,1024,4096,0.2809,61.159
b580,8b,8da4w,cand,sarc_dev_linear_dq8ca_coopmat_zpg_xe2bt_t128x128k64g84s16m8_texture3d_texture2d_half,2048,4096,4096,0.9325,73.693
b580,8b,8da4w,cand,sarc_dev_linear_dq8ca_coopmat_zpg_xe2bt_t128x128k64g84s16m8_texture3d_texture2d_half,2048,14336,4096,3.5376,67.989
b580,8b,8da4w,cand,sarc_dev_linear_dq8ca_coopmat_zpg_xe2bt_t128x128k64g84s16m8_texture3d_texture2d_half,2048,14336,4096,3.5281,68.171
b580,8b,8da4w,cand,sarc_dev_linear_dq8ca_coopmat_zpg_xe2bt_t128x128k64g84s16m8_texture3d_texture2d_half,2048,4096,14336,4.008,60.009
b580,8b,8da4w,cand,sarc_dev_linear_dq8ca_coopmat_zpg_xe2bt_t128x128k64g84s16m8_texture3d_texture2d_half,2048,4096,4096,0.9261,74.206
b580,8b,8da4w,cand,sarc_dev_linear_dq8ca_coopmat_zpg_xe2bt_t128x128k64g84s16m8_texture3d_texture2d_half,2048,1024,4096,0.2827,60.766
b580,8b,8da4w,cand,sarc_dev_linear_dq8ca_coopmat_zpg_xe2bt_t128x128k64g84s16m8_texture3d_texture2d_half,2048,1024,4096,0.2823,60.866
b580,8b,8da4w,cand,sarc_dev_linear_dq8ca_coopmat_zpg_xe2bt_t128x128k64g84s16m8_texture3d_texture2d_half,2048,4096,4096,0.963,71.357
b580,8b,8da4w,cand,sarc_dev_linear_dq8ca_coopmat_zpg_xe2bt_t128x128k64g84s16m8_texture3d_texture2d_half,2048,14336,4096,3.5495,67.761
b580,8b,8da4w,cand,sarc_dev_linear_dq8ca_coopmat_zpg_xe2bt_t128x128k64g84s16m8_texture3d_texture2d_half,2048,14336,4096,3.5432,67.882
b580,8b,8da4w,cand,sarc_dev_linear_dq8ca_coopmat_zpg_xe2bt_t128x128k64g84s16m8_texture3d_texture2d_half,2048,4096,14336,4.0369,59.58
b580,8b,8da4w,cand,sarc_dev_linear_dq8ca_coopmat_zpg_xe2bt_t128x128k64g84s16m8_texture3d_texture2d_half,2048,4096,4096,0.9214,74.578
b580,8b,8da4w,cand,sarc_dev_linear_dq8ca_coopmat_zpg_xe2bt_t128x128k64g84s16m8_texture3d_texture2d_half,2048,1024,4096,0.2852,60.234
b580,8b,8da4w,cand,sarc_dev_linear_dq8ca_coopmat_zpg_xe2bt_t128x128k64g84s16m8_texture3d_texture2d_half,2048,1024,4096,0.2826,60.799
b580,8b,8da4w,cand,sarc_dev_linear_dq8ca_coopmat_zpg_xe2bt_t128x128k64g84s16m8_texture3d_texture2d_half,2048,4096,4096,0.9331,73.647
b580,8b,8da4w,cand,sarc_dev_linear_dq8ca_coopmat_zpg_xe2bt_t128x128k64g84s16m8_texture3d_texture2d_half,2048,14336,4096,3.5667,67.435
b580,8b,8da4w,cand,sarc_dev_linear_dq8ca_coopmat_zpg_xe2bt_t128x128k64g84s16m8_texture3d_texture2d_half,2048,14336,4096,3.5352,68.036
b580,8b,8da4w,cand,sarc_dev_linear_dq8ca_coopmat_zpg_xe2bt_t128x128k64g84s16m8_texture3d_texture2d_half,2048,4096,14336,4.0283,59.707
b580,8b,8da4w,cand,sarc_dev_linear_dq8ca_coopmat_zpg_xe2bt_t128x128k64g84s16m8_texture3d_texture2d_half,2048,4096,4096,0.9301,73.882
b580,8b,8da4w,cand,sarc_dev_linear_dq8ca_coopmat_zpg_xe2bt_t128x128k64g84s16m8_texture3d_texture2d_half,2048,1024,4096,0.2871,59.83
b580,8b,8da4w,cand,sarc_dev_linear_dq8ca_coopmat_zpg_xe2bt_t128x128k64g84s16m8_texture3d_texture2d_half,2048,1024,4096,0.2837,60.554
b580,8b,8da4w,cand,sarc_dev_linear_dq8ca_coopmat_zpg_xe2bt_t128x128k64g84s16m8_texture3d_texture2d_half,2048,4096,4096,0.9608,71.527
b580,8b,8da4w,cand,sarc_dev_linear_dq8ca_coopmat_zpg_xe2bt_t128x128k64g84s16m8_texture3d_texture2d_half,2048,14336,4096,3.5769,67.242
b580,8b,8da4w,cand,sarc_dev_linear_dq8ca_coopmat_zpg_xe2bt_t128x128k64g84s16m8_texture3d_texture2d_half,2048,14336,4096,3.5294,68.147
b580,8b,8da4w,cand,sarc_dev_linear_dq8ca_coopmat_zpg_xe2bt_t128x128k64g84s16m8_texture3d_texture2d_half,2048,4096,14336,4.009,59.994
b580,8b,8da4w,cand,sarc_dev_linear_dq8ca_coopmat_zpg_xe2bt_t128x128k64g84s16m8_texture3d_texture2d_half,2048,4096,4096,0.9274,74.097
b580,8b,8da4w,cand,sarc_dev_linear_dq8ca_coopmat_zpg_xe2bt_t128x128k64g84s16m8_texture3d_texture2d_half,2048,1024,4096,0.2859,60.091
b580,8b,8da4w,cand,sarc_dev_linear_dq8ca_coopmat_zpg_xe2bt_t128x128k64g84s16m8_texture3d_texture2d_half,2048,1024,4096,0.2789,61.604
b580,8b,8da4w,cand,sarc_dev_linear_dq8ca_coopmat_zpg_xe2bt_t128x128k64g84s16m8_texture3d_texture2d_half,2048,4096,4096,0.9338,73.59
b580,8b,8da4w,cand,sarc_dev_linear_dq8ca_coopmat_zpg_xe2bt_t128x128k64g84s16m8_texture3d_texture2d_half,2048,14336,4096,3.567,67.429
b580,8b,8da4w,cand,sarc_dev_linear_dq8ca_coopmat_zpg_xe2bt_t128x128k64g84s16m8_texture3d_texture2d_half,2048,14336,4096,3.5452,67.844
b580,8b,8da4w,cand,sarc_dev_linear_dq8ca_coopmat_zpg_xe2bt_t128x128k64g84s16m8_texture3d_texture2d_half,2048,4096,14336,4.03,59.682
b580,8b,8da4w,cand,sarc_dev_linear_dq8ca_coopmat_zpg_xe2bt_t128x128k64g84s16m8_texture3d_texture2d_half,2048,4096,4096,0.9573,71.783
b580,8b,8da4w,cand,sarc_dev_linear_dq8ca_coopmat_zpg_xe2bt_t128x128k64g84s16m8_texture3d_texture2d_half,2048,1024,4096,0.2845,60.388
b580,8b,8da4w,cand,sarc_dev_linear_dq8ca_coopmat_zpg_xe2bt_t128x128k64g84s16m8_texture3d_texture2d_half,2048,1024,4096,0.2831,60.687
b580,8b,8da4w,cand,sarc_dev_linear_dq8ca_coopmat_zpg_xe2bt_t128x128k64g84s16m8_texture3d_texture2d_half,2048,4096,4096,0.9314,73.779
b580,8b,8da4w,cand,sarc_dev_linear_dq8ca_coopmat_zpg_xe2bt_t128x128k64g84s16m8_texture3d_texture2d_half,2048,14336,4096,3.5617,67.528
b580,8b,8da4w,cand,sarc_dev_linear_dq8ca_coopmat_zpg_xe2bt_t128x128k64g84s16m8_texture3d_texture2d_half,2048,14336,4096,3.5271,68.192
b580,8b,8da4w,cand,sarc_dev_linear_dq8ca_coopmat_zpg_xe2bt_t128x128k64g84s16m8_texture3d_texture2d_half,2048,4096,14336,4.0325,59.644
b580,8b,8da4w,cand,sarc_dev_linear_dq8ca_coopmat_zpg_xe2bt_t128x128k64g84s16m8_texture3d_texture2d_half,2048,4096,4096,0.9288,73.99
b580,8b,8da4w,cand,sarc_dev_linear_dq8ca_coopmat_zpg_xe2bt_t128x128k64g84s16m8_texture3d_texture2d_half,2048,1024,4096,0.2841,60.476
b580,8b,8da4w,cand,sarc_dev_linear_dq8ca_coopmat_zpg_xe2bt_t128x128k64g84s16m8_texture3d_texture2d_half,2048,1024,4096,0.2771,62.009
b580,8b,8da4w,cand,sarc_dev_linear_dq8ca_coopmat_zpg_xe2bt_t128x128k64g84s16m8_texture3d_texture2d_half,2048,4096,4096,0.9254,74.256
b580,8b,8da4w,cand,sarc_dev_linear_dq8ca_coopmat_zpg_xe2bt_t128x128k64g84s16m8_texture3d_texture2d_half,2048,14336,4096,3.5449,67.849
b580,8b,8da4w,cand,sarc_dev_linear_dq8ca_coopmat_zpg_xe2bt_t128x128k64g84s16m8_texture3d_texture2d_half,2048,14336,4096,3.557,67.619
b580,8b,8da4w,cand,sarc_dev_linear_dq8ca_coopmat_zpg_xe2bt_t128x128k64g84s16m8_texture3d_texture2d_half,2048,4096,14336,4.0501,59.386
b580,8b,8da4w,cand,sarc_dev_linear_dq8ca_coopmat_zpg_xe2bt_t128x128k64g84s16m8_texture3d_texture2d_half,2048,4096,4096,0.9326,73.688
b580,8b,8da4w,cand,sarc_dev_linear_dq8ca_coopmat_zpg_xe2bt_t128x128k64g84s16m8_texture3d_texture2d_half,2048,1024,4096,0.2812,61.091
b580,8b,8da4w,cand,sarc_dev_linear_dq8ca_coopmat_zpg_xe2bt_t128x128k64g84s16m8_texture3d_texture2d_half,2048,1024,4096,0.279,61.57
b580,8b,8da4w,cand,sarc_dev_linear_dq8ca_coopmat_zpg_xe2bt_t128x128k64g84s16m8_texture3d_texture2d_half,2048,4096,4096,0.9292,73.952
b580,8b,8da4w,cand,sarc_dev_linear_dq8ca_coopmat_zpg_xe2bt_t128x128k64g84s16m8_texture3d_texture2d_half,2048,14336,4096,3.5525,67.704
b580,8b,8da4w,cand,sarc_dev_linear_dq8ca_coopmat_zpg_xe2bt_t128x128k64g84s16m8_texture3d_texture2d_half,2048,14336,4096,3.5524,67.705
b580,8b,8da4w,cand,sarc_dev_linear_dq8ca_coopmat_zpg_xe2bt_t128x128k64g84s16m8_texture3d_texture2d_half,2048,4096,14336,4.0236,59.777
b580,8b,8da4w,cand,sarc_dev_linear_dq8ca_coopmat_zpg_xe2bt_t128x128k64g84s16m8_texture3d_texture2d_half,2048,4096,4096,0.9355,73.455
b580,8b,8da4w,cand,sarc_dev_linear_dq8ca_coopmat_zpg_xe2bt_t128x128k64g84s16m8_texture3d_texture2d_half,2048,1024,4096,0.2841,60.476
b580,8b,8da4w,cand,sarc_dev_linear_dq8ca_coopmat_zpg_xe2bt_t128x128k64g84s16m8_texture3d_texture2d_half,2048,1024,4096,0.2826,60.799
b580,8b,8da4w,cand,sarc_dev_linear_dq8ca_coopmat_zpg_xe2bt_t128x128k64g84s16m8_texture3d_texture2d_half,2048,4096,4096,0.9215,74.57
b580,8b,8da4w,cand,sarc_dev_linear_dq8ca_coopmat_zpg_xe2bt_t128x128k64g84s16m8_texture3d_texture2d_half,2048,14336,4096,3.5708,67.356
b580,8b,8da4w,cand,sarc_dev_linear_dq8ca_coopmat_zpg_xe2bt_t128x128k64g84s16m8_texture3d_texture2d_half,2048,14336,4096,3.5385,67.972
b580,8b,8da4w,cand,sarc_dev_linear_dq8ca_coopmat_zpg_xe2bt_t128x128k64g84s16m8_texture3d_texture2d_half,2048,4096,14336,4.0099,59.981
b580,8b,8da4w,cand,sarc_dev_linear_dq8ca_coopmat_zpg_xe2bt_t128x128k64g84s16m8_texture3d_texture2d_half,2048,4096,4096,0.9232,74.44
b580,8b,8da4w,cand,sarc_dev_linear_dq8ca_coopmat_zpg_xe2bt_t128x128k64g84s16m8_texture3d_texture2d_half,2048,1024,4096,0.2872,59.819
b580,8b,8da4w,cand,sarc_dev_linear_dq8ca_coopmat_zpg_xe2bt_t128x128k64g84s16m8_texture3d_texture2d_half,2048,1024,4096,0.2865,59.96
b580,8b,8da4w,cand,sarc_dev_linear_dq8ca_coopmat_zpg_xe2bt_t128x128k64g84s16m8_texture3d_texture2d_half,2048,4096,4096,0.9382,73.247
b580,8b,8da4w,cand,sarc_dev_linear_dq8ca_coopmat_zpg_xe2bt_t128x128k64g84s16m8_texture3d_texture2d_half,2048,14336,4096,3.5419,67.907
b580,8b,8da4w,cand,sarc_dev_linear_dq8ca_coopmat_zpg_xe2bt_t128x128k64g84s16m8_texture3d_texture2d_half,2048,14336,4096,3.5196,68.336
b580,8b,8da4w,cand,sarc_dev_linear_dq8ca_coopmat_zpg_xe2bt_t128x128k64g84s16m8_texture3d_texture2d_half,2048,4096,14336,4.0356,59.6
b580,8b,8da4w,cand,sarc_dev_linear_dq8ca_coopmat_zpg_xe2bt_t128x128k64g84s16m8_texture3d_texture2d_half,2048,4096,4096,0.9324,73.705
b580,8b,8da4w,cand,sarc_dev_linear_dq8ca_coopmat_zpg_xe2bt_t128x128k64g84s16m8_texture3d_texture2d_half,2048,1024,4096,0.2875,59.754
b580,8b,8da4w,cand,sarc_dev_linear_dq8ca_coopmat_zpg_xe2bt_t128x128k64g84s16m8_texture3d_texture2d_half,2048,1024,4096,0.2793,61.512
b580,8b,8da4w,cand,sarc_dev_linear_dq8ca_coopmat_zpg_xe2bt_t128x128k64g84s16m8_texture3d_texture2d_half,2048,4096,4096,0.9228,74.469
b580,8b,8da4w,cand,sarc_dev_linear_dq8ca_coopmat_zpg_xe2bt_t128x128k64g84s16m8_texture3d_texture2d_half,2048,14336,4096,3.5333,68.072
b580,8b,8da4w,cand,sarc_dev_linear_dq8ca_coopmat_zpg_xe2bt_t128x128k64g84s16m8_texture3d_texture2d_half,2048,14336,4096,3.5644,67.477
b580,8b,8da4w,cand,sarc_dev_linear_dq8ca_coopmat_zpg_xe2bt_t128x128k64g84s16m8_texture3d_texture2d_half,2048,4096,14336,4.013,59.935
b580,8b,8da4w,cand,sarc_dev_linear_dq8ca_coopmat_zpg_xe2bt_t128x128k64g84s16m8_texture3d_texture2d_half,2048,4096,4096,0.9177,74.878
b580,8b,8da4w,cand,sarc_dev_linear_dq8ca_coopmat_zpg_xe2bt_t128x128k64g84s16m8_texture3d_texture2d_half,2048,1024,4096,0.2806,61.216
b580,8b,8da4w,cand,sarc_dev_linear_dq8ca_coopmat_zpg_xe2bt_t128x128k64g84s16m8_texture3d_texture2d_half,2048,1024,4096,0.2823,60.866
b580,8b,8da4w,cand,sarc_dev_linear_dq8ca_coopmat_zpg_xe2bt_t128x128k64g84s16m8_texture3d_texture2d_half,2048,4096,4096,0.9203,74.671
b580,8b,8da4w,cand,sarc_dev_linear_dq8ca_coopmat_zpg_xe2bt_t128x128k64g84s16m8_texture3d_texture2d_half,2048,14336,4096,3.5338,68.062
b580,8b,8da4w,cand,sarc_dev_linear_dq8ca_coopmat_zpg_xe2bt_t128x128k64g84s16m8_texture3d_texture2d_half,2048,14336,4096,3.5449,67.848
b580,8b,8da4w,cand,sarc_dev_linear_dq8ca_coopmat_zpg_xe2bt_t128x128k64g84s16m8_texture3d_texture2d_half,2048,4096,14336,4.0414,59.514
b580,8b,8da4w,cand,sarc_dev_linear_dq8ca_coopmat_zpg_xe2bt_t128x128k64g84s16m8_texture3d_texture2d_half,2048,4096,4096,0.9157,75.044
b580,8b,8da4w,cand,sarc_dev_linear_dq8ca_coopmat_zpg_xe2bt_t128x128k64g84s16m8_texture3d_texture2d_half,2048,1024,4096,0.2862,60.026
b580,8b,8da4w,cand,sarc_dev_linear_dq8ca_coopmat_zpg_xe2bt_t128x128k64g84s16m8_texture3d_texture2d_half,2048,1024,4096,0.2857,60.135
b580,8b,8da4w,cand,sarc_dev_linear_dq8ca_coopmat_zpg_xe2bt_t128x128k64g84s16m8_texture3d_texture2d_half,2048,4096,4096,0.9272,74.114
b580,8b,8da4w,cand,sarc_dev_linear_dq8ca_coopmat_zpg_xe2bt_t128x128k64g84s16m8_texture3d_texture2d_half,2048,14336,4096,3.5476,67.797
b580,8b,8da4w,cand,sarc_dev_linear_dq8ca_coopmat_zpg_xe2bt_t128x128k64g84s16m8_texture3d_texture2d_half,2048,14336,4096,3.5611,67.541
b580,8b,8da4w,cand,sarc_dev_linear_dq8ca_coopmat_zpg_xe2bt_t128x128k64g84s16m8_texture3d_texture2d_half,2048,4096,14336,4.0228,59.788
b580,8b,8da4w,parent,sarc_dev_linear_dq8ca_coopmat_zpg_xe2bt_t128x128k64g84s16m8_texture3d_texture2d_half,2048,4096,4096,0.9175,74.9
b580,8b,8da4w,parent,sarc_dev_linear_dq8ca_coopmat_zpg_xe2bt_t128x128k64g84s16m8_texture3d_texture2d_half,2048,1024,4096,0.2824,60.833
b580,8b,8da4w,parent,sarc_dev_linear_dq8ca_coopmat_zpg_xe2bt_t128x128k64g84s16m8_texture3d_texture2d_half,2048,1024,4096,0.2791,61.558
b580,8b,8da4w,parent,sarc_dev_linear_dq8ca_coopmat_zpg_xe2bt_t128x128k64g84s16m8_texture3d_texture2d_half,2048,4096,4096,0.9341,73.569
b580,8b,8da4w,parent,sarc_dev_linear_dq8ca_coopmat_zpg_xe2bt_t128x128k64g84s16m8_texture3d_texture2d_half,2048,14336,4096,3.5137,68.452
b580,8b,8da4w,parent,sarc_dev_linear_dq8ca_coopmat_zpg_xe2bt_t128x128k64g84s16m8_texture3d_texture2d_half,2048,14336,4096,3.5144,68.439
b580,8b,8da4w,parent,sarc_dev_linear_dq8ca_coopmat_zpg_xe2bt_t128x128k64g84s16m8_texture3d_texture2d_half,2048,4096,14336,4.0234,59.779
b580,8b,8da4w,parent,sarc_dev_linear_dq8ca_coopmat_zpg_xe2bt_t128x128k64g84s16m8_texture3d_texture2d_half,2048,4096,4096,0.9231,74.448
b580,8b,8da4w,parent,sarc_dev_linear_dq8ca_coopmat_zpg_xe2bt_t128x128k64g84s16m8_texture3d_texture2d_half,2048,1024,4096,0.2813,61.069
b580,8b,8da4w,parent,sarc_dev_linear_dq8ca_coopmat_zpg_xe2bt_t128x128k64g84s16m8_texture3d_texture2d_half,2048,1024,4096,0.2841,60.476
b580,8b,8da4w,parent,sarc_dev_linear_dq8ca_coopmat_zpg_xe2bt_t128x128k64g84s16m8_texture3d_texture2d_half,2048,4096,4096,0.9318,73.746
b580,8b,8da4w,parent,sarc_dev_linear_dq8ca_coopmat_zpg_xe2bt_t128x128k64g84s16m8_texture3d_texture2d_half,2048,14336,4096,3.5546,67.664
b580,8b,8da4w,parent,sarc_dev_linear_dq8ca_coopmat_zpg_xe2bt_t128x128k64g84s16m8_texture3d_texture2d_half,2048,14336,4096,3.5367,68.007
b580,8b,8da4w,parent,sarc_dev_linear_dq8ca_coopmat_zpg_xe2bt_t128x128k64g84s16m8_texture3d_texture2d_half,2048,4096,14336,4.0348,59.61
b580,8b,8da4w,parent,sarc_dev_linear_dq8ca_coopmat_zpg_xe2bt_t128x128k64g84s16m8_texture3d_texture2d_half,2048,4096,4096,0.924,74.373
b580,8b,8da4w,parent,sarc_dev_linear_dq8ca_coopmat_zpg_xe2bt_t128x128k64g84s16m8_texture3d_texture2d_half,2048,1024,4096,0.2782,61.754
b580,8b,8da4w,parent,sarc_dev_linear_dq8ca_coopmat_zpg_xe2bt_t128x128k64g84s16m8_texture3d_texture2d_half,2048,1024,4096,0.2837,60.565
b580,8b,8da4w,parent,sarc_dev_linear_dq8ca_coopmat_zpg_xe2bt_t128x128k64g84s16m8_texture3d_texture2d_half,2048,4096,4096,0.9774,70.305
b580,8b,8da4w,parent,sarc_dev_linear_dq8ca_coopmat_zpg_xe2bt_t128x128k64g84s16m8_texture3d_texture2d_half,2048,14336,4096,3.5668,67.432
b580,8b,8da4w,parent,sarc_dev_linear_dq8ca_coopmat_zpg_xe2bt_t128x128k64g84s16m8_texture3d_texture2d_half,2048,14336,4096,3.533,68.078
b580,8b,8da4w,parent,sarc_dev_linear_dq8ca_coopmat_zpg_xe2bt_t128x128k64g84s16m8_texture3d_texture2d_half,2048,4096,14336,4.0174,59.869
b580,8b,8da4w,parent,sarc_dev_linear_dq8ca_coopmat_zpg_xe2bt_t128x128k64g84s16m8_texture3d_texture2d_half,2048,4096,4096,0.9443,72.775
b580,8b,8da4w,parent,sarc_dev_linear_dq8ca_coopmat_zpg_xe2bt_t128x128k64g84s16m8_texture3d_texture2d_half,2048,1024,4096,0.2877,59.711
b580,8b,8da4w,parent,sarc_dev_linear_dq8ca_coopmat_zpg_xe2bt_t128x128k64g84s16m8_texture3d_texture2d_half,2048,1024,4096,0.2823,60.866
b580,8b,8da4w,parent,sarc_dev_linear_dq8ca_coopmat_zpg_xe2bt_t128x128k64g84s16m8_texture3d_texture2d_half,2048,4096,4096,0.9322,73.721
b580,8b,8da4w,parent,sarc_dev_linear_dq8ca_coopmat_zpg_xe2bt_t128x128k64g84s16m8_texture3d_texture2d_half,2048,14336,4096,3.5319,68.099
b580,8b,8da4w,parent,sarc_dev_linear_dq8ca_coopmat_zpg_xe2bt_t128x128k64g84s16m8_texture3d_texture2d_half,2048,14336,4096,3.5416,67.913
b580,8b,8da4w,parent,sarc_dev_linear_dq8ca_coopmat_zpg_xe2bt_t128x128k64g84s16m8_texture3d_texture2d_half,2048,4096,14336,4.3462,55.34
b580,8b,8da4w,parent,sarc_dev_linear_dq8ca_coopmat_zpg_xe2bt_t128x128k64g84s16m8_texture3d_texture2d_half,2048,4096,4096,0.9257,74.239
b580,8b,8da4w,parent,sarc_dev_linear_dq8ca_coopmat_zpg_xe2bt_t128x128k64g84s16m8_texture3d_texture2d_half,2048,1024,4096,0.2869,59.874
b580,8b,8da4w,parent,sarc_dev_linear_dq8ca_coopmat_zpg_xe2bt_t128x128k64g84s16m8_texture3d_texture2d_half,2048,1024,4096,0.283,60.71
b580,8b,8da4w,parent,sarc_dev_linear_dq8ca_coopmat_zpg_xe2bt_t128x128k64g84s16m8_texture3d_texture2d_half,2048,4096,4096,0.9258,74.231
b580,8b,8da4w,parent,sarc_dev_linear_dq8ca_coopmat_zpg_xe2bt_t128x128k64g84s16m8_texture3d_texture2d_half,2048,14336,4096,3.5415,67.915
b580,8b,8da4w,parent,sarc_dev_linear_dq8ca_coopmat_zpg_xe2bt_t128x128k64g84s16m8_texture3d_texture2d_half,2048,14336,4096,3.5335,68.069
b580,8b,8da4w,parent,sarc_dev_linear_dq8ca_coopmat_zpg_xe2bt_t128x128k64g84s16m8_texture3d_texture2d_half,2048,4096,14336,4.027,59.726
b580,8b,8da4w,parent,sarc_dev_linear_dq8ca_coopmat_zpg_xe2bt_t128x128k64g84s16m8_texture3d_texture2d_half,2048,4096,4096,0.9375,73.3
b580,8b,8da4w,parent,sarc_dev_linear_dq8ca_coopmat_zpg_xe2bt_t128x128k64g84s16m8_texture3d_texture2d_half,2048,1024,4096,0.2865,59.96
b580,8b,8da4w,parent,sarc_dev_linear_dq8ca_coopmat_zpg_xe2bt_t128x128k64g84s16m8_texture3d_texture2d_half,2048,1024,4096,0.2834,60.621
b580,8b,8da4w,parent,sarc_dev_linear_dq8ca_coopmat_zpg_xe2bt_t128x128k64g84s16m8_texture3d_texture2d_half,2048,4096,4096,0.9247,74.314
b580,8b,8da4w,parent,sarc_dev_linear_dq8ca_coopmat_zpg_xe2bt_t128x128k64g84s16m8_texture3d_texture2d_half,2048,14336,4096,3.5799,67.186
b580,8b,8da4w,parent,sarc_dev_linear_dq8ca_coopmat_zpg_xe2bt_t128x128k64g84s16m8_texture3d_texture2d_half,2048,14336,4096,3.5364,68.013
b580,8b,8da4w,parent,sarc_dev_linear_dq8ca_coopmat_zpg_xe2bt_t128x128k64g84s16m8_texture3d_texture2d_half,2048,4096,14336,4.0299,59.683
b580,8b,8da4w,parent,sarc_dev_linear_dq8ca_coopmat_zpg_xe2bt_t128x128k64g84s16m8_texture3d_texture2d_half,2048,4096,4096,0.9611,71.504
b580,8b,8da4w,parent,sarc_dev_linear_dq8ca_coopmat_zpg_xe2bt_t128x128k64g84s16m8_texture3d_texture2d_half,2048,1024,4096,0.2829,60.721
b580,8b,8da4w,parent,sarc_dev_linear_dq8ca_coopmat_zpg_xe2bt_t128x128k64g84s16m8_texture3d_texture2d_half,2048,1024,4096,0.2817,60.979
b580,8b,8da4w,parent,sarc_dev_linear_dq8ca_coopmat_zpg_xe2bt_t128x128k64g84s16m8_texture3d_texture2d_half,2048,4096,4096,0.9347,73.52
b580,8b,8da4w,parent,sarc_dev_linear_dq8ca_coopmat_zpg_xe2bt_t128x128k64g84s16m8_texture3d_texture2d_half,2048,14336,4096,3.5328,68.081
b580,8b,8da4w,parent,sarc_dev_linear_dq8ca_coopmat_zpg_xe2bt_t128x128k64g84s16m8_texture3d_texture2d_half,2048,14336,4096,3.5433,67.88
b580,8b,8da4w,parent,sarc_dev_linear_dq8ca_coopmat_zpg_xe2bt_t128x128k64g84s16m8_texture3d_texture2d_half,2048,4096,14336,4.0392,59.546
b580,8b,8da4w,parent,sarc_dev_linear_dq8ca_coopmat_zpg_xe2bt_t128x128k64g84s16m8_texture3d_texture2d_half,2048,4096,4096,0.9355,73.455
b580,8b,8da4w,parent,sarc_dev_linear_dq8ca_coopmat_zpg_xe2bt_t128x128k64g84s16m8_texture3d_texture2d_half,2048,1024,4096,0.2959,58.064
b580,8b,8da4w,parent,sarc_dev_linear_dq8ca_coopmat_zpg_xe2bt_t128x128k64g84s16m8_texture3d_texture2d_half,2048,1024,4096,0.2822,60.889
b580,8b,8da4w,parent,sarc_dev_linear_dq8ca_coopmat_zpg_xe2bt_t128x128k64g84s16m8_texture3d_texture2d_half,2048,4096,4096,0.9401,73.101
b580,8b,8da4w,parent,sarc_dev_linear_dq8ca_coopmat_zpg_xe2bt_t128x128k64g84s16m8_texture3d_texture2d_half,2048,14336,4096,3.5325,68.087
b580,8b,8da4w,parent,sarc_dev_linear_dq8ca_coopmat_zpg_xe2bt_t128x128k64g84s16m8_texture3d_texture2d_half,2048,14336,4096,3.5203,68.322
b580,8b,8da4w,parent,sarc_dev_linear_dq8ca_coopmat_zpg_xe2bt_t128x128k64g84s16m8_texture3d_texture2d_half,2048,4096,14336,4.3224,55.645
b580,8b,8da4w,parent,sarc_dev_linear_dq8ca_coopmat_zpg_xe2bt_t128x128k64g84s16m8_texture3d_texture2d_half,2048,4096,4096,0.931,73.812
b580,8b,8da4w,parent,sarc_dev_linear_dq8ca_coopmat_zpg_xe2bt_t128x128k64g84s16m8_texture3d_texture2d_half,2048,1024,4096,0.281,61.148
b580,8b,8da4w,parent,sarc_dev_linear_dq8ca_coopmat_zpg_xe2bt_t128x128k64g84s16m8_texture3d_texture2d_half,2048,1024,4096,0.2826,60.799
b580,8b,8da4w,parent,sarc_dev_linear_dq8ca_coopmat_zpg_xe2bt_t128x128k64g84s16m8_texture3d_texture2d_half,2048,4096,4096,0.9345,73.533
b580,8b,8da4w,parent,sarc_dev_linear_dq8ca_coopmat_zpg_xe2bt_t128x128k64g84s16m8_texture3d_texture2d_half,2048,14336,4096,3.5246,68.24
b580,8b,8da4w,parent,sarc_dev_linear_dq8ca_coopmat_zpg_xe2bt_t128x128k64g84s16m8_texture3d_texture2d_half,2048,14336,4096,3.548,67.791
b580,8b,8da4w,parent,sarc_dev_linear_dq8ca_coopmat_zpg_xe2bt_t128x128k64g84s16m8_texture3d_texture2d_half,2048,4096,14336,4.044,59.475
b580,8b,8da4w,parent,sarc_dev_linear_dq8ca_coopmat_zpg_xe2bt_t128x128k64g84s16m8_texture3d_texture2d_half,2048,4096,4096,0.9244,74.339
b580,8b,8da4w,parent,sarc_dev_linear_dq8ca_coopmat_zpg_xe2bt_t128x128k64g84s16m8_texture3d_texture2d_half,2048,1024,4096,0.2807,61.193
b580,8b,8da4w,parent,sarc_dev_linear_dq8ca_coopmat_zpg_xe2bt_t128x128k64g84s16m8_texture3d_texture2d_half,2048,1024,4096,0.2849,60.3
b580,8b,8da4w,parent,sarc_dev_linear_dq8ca_coopmat_zpg_xe2bt_t128x128k64g84s16m8_texture3d_texture2d_half,2048,4096,4096,0.9323,73.709
b580,8b,8da4w,parent,sarc_dev_linear_dq8ca_coopmat_zpg_xe2bt_t128x128k64g84s16m8_texture3d_texture2d_half,2048,14336,4096,3.5427,67.892
b580,8b,8da4w,parent,sarc_dev_linear_dq8ca_coopmat_zpg_xe2bt_t128x128k64g84s16m8_texture3d_texture2d_half,2048,14336,4096,3.5231,68.269
b580,8b,8da4w,parent,sarc_dev_linear_dq8ca_coopmat_zpg_xe2bt_t128x128k64g84s16m8_texture3d_texture2d_half,2048,4096,14336,4.0343,59.619
b580,8b,8da4w,parent,sarc_dev_linear_dq8ca_coopmat_zpg_xe2bt_t128x128k64g84s16m8_texture3d_texture2d_half,2048,4096,4096,0.9258,74.226
b580,8b,8da4w,parent,sarc_dev_linear_dq8ca_coopmat_zpg_xe2bt_t128x128k64g84s16m8_texture3d_texture2d_half,2048,1024,4096,0.2839,60.521
b580,8b,8da4w,parent,sarc_dev_linear_dq8ca_coopmat_zpg_xe2bt_t128x128k64g84s16m8_texture3d_texture2d_half,2048,1024,4096,0.28,61.352
b580,8b,8da4w,parent,sarc_dev_linear_dq8ca_coopmat_zpg_xe2bt_t128x128k64g84s16m8_texture3d_texture2d_half,2048,4096,4096,0.9368,73.357
b580,8b,8da4w,parent,sarc_dev_linear_dq8ca_coopmat_zpg_xe2bt_t128x128k64g84s16m8_texture3d_texture2d_half,2048,14336,4096,3.5416,67.912
b580,8b,8da4w,parent,sarc_dev_linear_dq8ca_coopmat_zpg_xe2bt_t128x128k64g84s16m8_texture3d_texture2d_half,2048,14336,4096,3.5788,67.206
b580,8b,8da4w,parent,sarc_dev_linear_dq8ca_coopmat_zpg_xe2bt_t128x128k64g84s16m8_texture3d_texture2d_half,2048,4096,14336,4.0362,59.59
b580,8b,8da4w,parent,sarc_dev_linear_dq8ca_coopmat_zpg_xe2bt_t128x128k64g84s16m8_texture3d_texture2d_half,2048,4096,4096,0.9238,74.389
b580,8b,8da4w,parent,sarc_dev_linear_dq8ca_coopmat_zpg_xe2bt_t128x128k64g84s16m8_texture3d_texture2d_half,2048,1024,4096,0.2834,60.621
b580,8b,8da4w,parent,sarc_dev_linear_dq8ca_coopmat_zpg_xe2bt_t128x128k64g84s16m8_texture3d_texture2d_half,2048,1024,4096,0.2844,60.41
b580,8b,8da4w,parent,sarc_dev_linear_dq8ca_coopmat_zpg_xe2bt_t128x128k64g84s16m8_texture3d_texture2d_half,2048,4096,4096,0.9212,74.595
b580,8b,8da4w,parent,sarc_dev_linear_dq8ca_coopmat_zpg_xe2bt_t128x128k64g84s16m8_texture3d_texture2d_half,2048,14336,4096,3.5539,67.676
b580,8b,8da4w,parent,sarc_dev_linear_dq8ca_coopmat_zpg_xe2bt_t128x128k64g84s16m8_texture3d_texture2d_half,2048,14336,4096,3.5244,68.245
b580,8b,8da4w,parent,sarc_dev_linear_dq8ca_coopmat_zpg_xe2bt_t128x128k64g84s16m8_texture3d_texture2d_half,2048,4096,14336,4.0299,59.683
b580,8b,8da4w,parent,sarc_dev_linear_dq8ca_coopmat_zpg_xe2bt_t128x128k64g84s16m8_texture3d_texture2d_half,2048,4096,4096,0.9289,73.977
b580,8b,8da4w,parent,sarc_dev_linear_dq8ca_coopmat_zpg_xe2bt_t128x128k64g84s16m8_texture3d_texture2d_half,2048,1024,4096,0.2836,60.576
b580,8b,8da4w,parent,sarc_dev_linear_dq8ca_coopmat_zpg_xe2bt_t128x128k64g84s16m8_texture3d_texture2d_half,2048,1024,4096,0.2784,61.719
b580,8b,8da4w,parent,sarc_dev_linear_dq8ca_coopmat_zpg_xe2bt_t128x128k64g84s16m8_texture3d_texture2d_half,2048,4096,4096,0.9271,74.122
b580,8b,8da4w,parent,sarc_dev_linear_dq8ca_coopmat_zpg_xe2bt_t128x128k64g84s16m8_texture3d_texture2d_half,2048,14336,4096,3.5135,68.455
b580,8b,8da4w,parent,sarc_dev_linear_dq8ca_coopmat_zpg_xe2bt_t128x128k64g84s16m8_texture3d_texture2d_half,2048,14336,4096,3.5368,68.005
b580,8b,8da4w,parent,sarc_dev_linear_dq8ca_coopmat_zpg_xe2bt_t128x128k64g84s16m8_texture3d_texture2d_half,2048,4096,14336,4.0375,59.571
b580,8b,8da4w,parent,sarc_dev_linear_dq8ca_coopmat_zpg_xe2bt_t128x128k64g84s16m8_texture3d_texture2d_half,2048,4096,4096,0.9373,73.316
b580,8b,8da4w,parent,sarc_dev_linear_dq8ca_coopmat_zpg_xe2bt_t128x128k64g84s16m8_texture3d_texture2d_half,2048,1024,4096,0.2853,60.212
b580,8b,8da4w,parent,sarc_dev_linear_dq8ca_coopmat_zpg_xe2bt_t128x128k64g84s16m8_texture3d_texture2d_half,2048,1024,4096,0.283,60.71
b580,8b,8da4w,parent,sarc_dev_linear_dq8ca_coopmat_zpg_xe2bt_t128x128k64g84s16m8_texture3d_texture2d_half,2048,4096,4096,0.9249,74.297
b580,8b,8da4w,parent,sarc_dev_linear_dq8ca_coopmat_zpg_xe2bt_t128x128k64g84s16m8_texture3d_texture2d_half,2048,14336,4096,3.5371,67.998
b580,8b,8da4w,parent,sarc_dev_linear_dq8ca_coopmat_zpg_xe2bt_t128x128k64g84s16m8_texture3d_texture2d_half,2048,14336,4096,3.5225,68.281
b580,8b,8da4w,parent,sarc_dev_linear_dq8ca_coopmat_zpg_xe2bt_t128x128k64g84s16m8_texture3d_texture2d_half,2048,4096,14336,4.3115,55.785
b580,8b,8da4w,parent,sarc_dev_linear_dq8ca_coopmat_zpg_xe2bt_t128x128k64g84s16m8_texture3d_texture2d_half,2048,4096,4096,0.9574,71.779
b580,8b,8da4w,parent,sarc_dev_linear_dq8ca_coopmat_zpg_xe2bt_t128x128k64g84s16m8_texture3d_texture2d_half,2048,1024,4096,0.2821,60.9
b580,8b,8da4w,parent,sarc_dev_linear_dq8ca_coopmat_zpg_xe2bt_t128x128k64g84s16m8_texture3d_texture2d_half,2048,1024,4096,0.2824,60.844
b580,8b,8da4w,parent,sarc_dev_linear_dq8ca_coopmat_zpg_xe2bt_t128x128k64g84s16m8_texture3d_texture2d_half,2048,4096,4096,0.9264,74.181
b580,8b,8da4w,parent,sarc_dev_linear_dq8ca_coopmat_zpg_xe2bt_t128x128k64g84s16m8_texture3d_texture2d_half,2048,14336,4096,3.5323,68.092
b580,8b,8da4w,parent,sarc_dev_linear_dq8ca_coopmat_zpg_xe2bt_t128x128k64g84s16m8_texture3d_texture2d_half,2048,14336,4096,3.5357,68.026
b580,8b,8da4w,parent,sarc_dev_linear_dq8ca_coopmat_zpg_xe2bt_t128x128k64g84s16m8_texture3d_texture2d_half,2048,4096,14336,4.0305,59.674
b580,8b,8da4w,parent,sarc_dev_linear_dq8ca_coopmat_zpg_xe2bt_t128x128k64g84s16m8_texture3d_texture2d_half,2048,4096,4096,0.9331,73.647
b580,8b,8da4w,parent,sarc_dev_linear_dq8ca_coopmat_zpg_xe2bt_t128x128k64g84s16m8_texture3d_texture2d_half,2048,1024,4096,0.2797,61.421
b580,8b,8da4w,parent,sarc_dev_linear_dq8ca_coopmat_zpg_xe2bt_t128x128k64g84s16m8_texture3d_texture2d_half,2048,1024,4096,0.2793,61.501
b580,8b,8da4w,parent,sarc_dev_linear_dq8ca_coopmat_zpg_xe2bt_t128x128k64g84s16m8_texture3d_texture2d_half,2048,4096,4096,0.935,73.5
b580,8b,8da4w,parent,sarc_dev_linear_dq8ca_coopmat_zpg_xe2bt_t128x128k64g84s16m8_texture3d_texture2d_half,2048,14336,4096,3.5596,67.57
b580,8b,8da4w,parent,sarc_dev_linear_dq8ca_coopmat_zpg_xe2bt_t128x128k64g84s16m8_texture3d_texture2d_half,2048,14336,4096,3.5207,68.315
b580,8b,8da4w,parent,sarc_dev_linear_dq8ca_coopmat_zpg_xe2bt_t128x128k64g84s16m8_texture3d_texture2d_half,2048,4096,14336,4.3538,55.244
b580,8b,8da4w,parent,sarc_dev_linear_dq8ca_coopmat_zpg_xe2bt_t128x128k64g84s16m8_texture3d_texture2d_half,2048,4096,4096,0.9327,73.676
b580,8b,8da4w,parent,sarc_dev_linear_dq8ca_coopmat_zpg_xe2bt_t128x128k64g84s16m8_texture3d_texture2d_half,2048,1024,4096,0.2837,60.565
b580,8b,8da4w,parent,sarc_dev_linear_dq8ca_coopmat_zpg_xe2bt_t128x128k64g84s16m8_texture3d_texture2d_half,2048,1024,4096,0.2843,60.421
b580,8b,8da4w,parent,sarc_dev_linear_dq8ca_coopmat_zpg_xe2bt_t128x128k64g84s16m8_texture3d_texture2d_half,2048,4096,4096,0.9312,73.795
b580,8b,8da4w,parent,sarc_dev_linear_dq8ca_coopmat_zpg_xe2bt_t128x128k64g84s16m8_texture3d_texture2d_half,2048,14336,4096,3.5719,67.337
b580,8b,8da4w,parent,sarc_dev_linear_dq8ca_coopmat_zpg_xe2bt_t128x128k64g84s16m8_texture3d_texture2d_half,2048,14336,4096,3.5062,68.599
b580,8b,8da4w,parent,sarc_dev_linear_dq8ca_coopmat_zpg_xe2bt_t128x128k64g84s16m8_texture3d_texture2d_half,2048,4096,14336,4.3276,55.577
b580,8b,8da4w,parent,sarc_dev_linear_dq8ca_coopmat_zpg_xe2bt_t128x128k64g84s16m8_texture3d_texture2d_half,2048,4096,4096,0.93,73.89
b580,8b,8da4w,parent,sarc_dev_linear_dq8ca_coopmat_zpg_xe2bt_t128x128k64g84s16m8_texture3d_texture2d_half,2048,1024,4096,0.2822,60.877
b580,8b,8da4w,parent,sarc_dev_linear_dq8ca_coopmat_zpg_xe2bt_t128x128k64g84s16m8_texture3d_texture2d_half,2048,1024,4096,0.2843,60.421
b580,8b,8da4w,parent,sarc_dev_linear_dq8ca_coopmat_zpg_xe2bt_t128x128k64g84s16m8_texture3d_texture2d_half,2048,4096,4096,0.9323,73.713
b580,8b,8da4w,parent,sarc_dev_linear_dq8ca_coopmat_zpg_xe2bt_t128x128k64g84s16m8_texture3d_texture2d_half,2048,14336,4096,3.5297,68.141
b580,8b,8da4w,parent,sarc_dev_linear_dq8ca_coopmat_zpg_xe2bt_t128x128k64g84s16m8_texture3d_texture2d_half,2048,14336,4096,3.5501,67.75
b580,8b,8da4w,parent,sarc_dev_linear_dq8ca_coopmat_zpg_xe2bt_t128x128k64g84s16m8_texture3d_texture2d_half,2048,4096,14336,4.0242,59.768
b580,8b,8da4w,parent,sarc_dev_linear_dq8ca_coopmat_zpg_xe2bt_t128x128k64g84s16m8_texture3d_texture2d_half,2048,4096,4096,0.9225,74.494
b580,8b,8da4w,parent,sarc_dev_linear_dq8ca_coopmat_zpg_xe2bt_t128x128k64g84s16m8_texture3d_texture2d_half,2048,1024,4096,0.2916,58.913
b580,8b,8da4w,parent,sarc_dev_linear_dq8ca_coopmat_zpg_xe2bt_t128x128k64g84s16m8_texture3d_texture2d_half,2048,1024,4096,0.2802,61.307
b580,8b,8da4w,parent,sarc_dev_linear_dq8ca_coopmat_zpg_xe2bt_t128x128k64g84s16m8_texture3d_texture2d_half,2048,4096,4096,0.9286,74.002
b580,8b,8da4w,parent,sarc_dev_linear_dq8ca_coopmat_zpg_xe2bt_t128x128k64g84s16m8_texture3d_texture2d_half,2048,14336,4096,3.5233,68.265
b580,8b,8da4w,parent,sarc_dev_linear_dq8ca_coopmat_zpg_xe2bt_t128x128k64g84s16m8_texture3d_texture2d_half,2048,14336,4096,3.5415,67.914
b580,8b,8da4w,parent,sarc_dev_linear_dq8ca_coopmat_zpg_xe2bt_t128x128k64g84s16m8_texture3d_texture2d_half,2048,4096,14336,4.0133,59.931
b580,8b,8da4w,parent,sarc_dev_linear_dq8ca_coopmat_zpg_xe2bt_t128x128k64g84s16m8_texture3d_texture2d_half,2048,4096,4096,0.9104,75.486
b580,8b,8da4w,parent,sarc_dev_linear_dq8ca_coopmat_zpg_xe2bt_t128x128k64g84s16m8_texture3d_texture2d_half,2048,1024,4096,0.2881,59.625
b580,8b,8da4w,parent,sarc_dev_linear_dq8ca_coopmat_zpg_xe2bt_t128x128k64g84s16m8_texture3d_texture2d_half,2048,1024,4096,0.2774,61.927
b580,8b,8da4w,parent,sarc_dev_linear_dq8ca_coopmat_zpg_xe2bt_t128x128k64g84s16m8_texture3d_texture2d_half,2048,4096,4096,0.9299,73.903
b580,8b,8da4w,parent,sarc_dev_linear_dq8ca_coopmat_zpg_xe2bt_t128x128k64g84s16m8_texture3d_texture2d_half,2048,14336,4096,3.5502,67.748
b580,8b,8da4w,parent,sarc_dev_linear_dq8ca_coopmat_zpg_xe2bt_t128x128k64g84s16m8_texture3d_texture2d_half,2048,14336,4096,3.5522,67.709
b580,8b,8da4w,parent,sarc_dev_linear_dq8ca_coopmat_zpg_xe2bt_t128x128k64g84s16m8_texture3d_texture2d_half,2048,4096,14336,4.0334,59.632
b580,8b,8da4w,parent,sarc_dev_linear_dq8ca_coopmat_zpg_xe2bt_t128x128k64g84s16m8_texture3d_texture2d_half,2048,4096,4096,0.9359,73.422
b580,8b,8da4w,parent,sarc_dev_linear_dq8ca_coopmat_zpg_xe2bt_t128x128k64g84s16m8_texture3d_texture2d_half,2048,1024,4096,0.2906,59.123
b580,8b,8da4w,parent,sarc_dev_linear_dq8ca_coopmat_zpg_xe2bt_t128x128k64g84s16m8_texture3d_texture2d_half,2048,1024,4096,0.2876,59.744
b580,8b,8da4w,parent,sarc_dev_linear_dq8ca_coopmat_zpg_xe2bt_t128x128k64g84s16m8_texture3d_texture2d_half,2048,4096,4096,0.9335,73.615
b580,8b,8da4w,parent,sarc_dev_linear_dq8ca_coopmat_zpg_xe2bt_t128x128k64g84s16m8_texture3d_texture2d_half,2048,14336,4096,3.5646,67.474
b580,8b,8da4w,parent,sarc_dev_linear_dq8ca_coopmat_zpg_xe2bt_t128x128k64g84s16m8_texture3d_texture2d_half,2048,14336,4096,3.5145,68.435
b580,8b,8da4w,parent,sarc_dev_linear_dq8ca_coopmat_zpg_xe2bt_t128x128k64g84s16m8_texture3d_texture2d_half,2048,4096,14336,4.0602,59.238
b580,8b,8da4w,parent,sarc_dev_linear_dq8ca_coopmat_zpg_xe2bt_t128x128k64g84s16m8_texture3d_texture2d_half,2048,4096,4096,0.9238,74.385
b580,8b,8da4w,parent,sarc_dev_linear_dq8ca_coopmat_zpg_xe2bt_t128x128k64g84s16m8_texture3d_texture2d_half,2048,1024,4096,0.2814,61.046
b580,8b,8da4w,parent,sarc_dev_linear_dq8ca_coopmat_zpg_xe2bt_t128x128k64g84s16m8_texture3d_texture2d_half,2048,1024,4096,0.2846,60.355
b580,8b,8da4w,parent,sarc_dev_linear_dq8ca_coopmat_zpg_xe2bt_t128x128k64g84s16m8_texture3d_texture2d_half,2048,4096,4096,0.937,73.341
b580,8b,8da4w,parent,sarc_dev_linear_dq8ca_coopmat_zpg_xe2bt_t128x128k64g84s16m8_texture3d_texture2d_half,2048,14336,4096,3.5419,67.907
b580,8b,8da4w,parent,sarc_dev_linear_dq8ca_coopmat_zpg_xe2bt_t128x128k64g84s16m8_texture3d_texture2d_half,2048,14336,4096,3.5402,67.94
b580,8b,8da4w,parent,sarc_dev_linear_dq8ca_coopmat_zpg_xe2bt_t128x128k64g84s16m8_texture3d_texture2d_half,2048,4096,14336,4.02,59.83
b580,8b,8da4w,parent,sarc_dev_linear_dq8ca_coopmat_zpg_xe2bt_t128x128k64g84s16m8_texture3d_texture2d_half,2048,4096,4096,0.924,74.369
b580,8b,8da4w,parent,sarc_dev_linear_dq8ca_coopmat_zpg_xe2bt_t128x128k64g84s16m8_texture3d_texture2d_half,2048,1024,4096,0.2878,59.7
b580,8b,8da4w,parent,sarc_dev_linear_dq8ca_coopmat_zpg_xe2bt_t128x128k64g84s16m8_texture3d_texture2d_half,2048,1024,4096,0.2826,60.788
b580,8b,8da4w,parent,sarc_dev_linear_dq8ca_coopmat_zpg_xe2bt_t128x128k64g84s16m8_texture3d_texture2d_half,2048,4096,4096,0.9327,73.676
b580,8b,8da4w,parent,sarc_dev_linear_dq8ca_coopmat_zpg_xe2bt_t128x128k64g84s16m8_texture3d_texture2d_half,2048,14336,4096,3.5482,67.787
b580,8b,8da4w,parent,sarc_dev_linear_dq8ca_coopmat_zpg_xe2bt_t128x128k64g84s16m8_texture3d_texture2d_half,2048,14336,4096,3.5457,67.834
b580,8b,8da4w,parent,sarc_dev_linear_dq8ca_coopmat_zpg_xe2bt_t128x128k64g84s16m8_texture3d_texture2d_half,2048,4096,14336,4.0264,59.735
b580,8b,8da4w,parent,sarc_dev_linear_dq8ca_coopmat_zpg_xe2bt_t128x128k64g84s16m8_texture3d_texture2d_half,2048,4096,4096,0.9395,73.142
b580,8b,8da4w,parent,sarc_dev_linear_dq8ca_coopmat_zpg_xe2bt_t128x128k64g84s16m8_texture3d_texture2d_half,2048,1024,4096,0.2851,60.267
b580,8b,8da4w,parent,sarc_dev_linear_dq8ca_coopmat_zpg_xe2bt_t128x128k64g84s16m8_texture3d_texture2d_half,2048,1024,4096,0.2846,60.355
b580,8b,8da4w,parent,sarc_dev_linear_dq8ca_coopmat_zpg_xe2bt_t128x128k64g84s16m8_texture3d_texture2d_half,2048,4096,4096,0.965,71.215
b580,8b,8da4w,parent,sarc_dev_linear_dq8ca_coopmat_zpg_xe2bt_t128x128k64g84s16m8_texture3d_texture2d_half,2048,14336,4096,3.5432,67.882
b580,8b,8da4w,parent,sarc_dev_linear_dq8ca_coopmat_zpg_xe2bt_t128x128k64g84s16m8_texture3d_texture2d_half,2048,14336,4096,3.5424,67.897
b580,8b,8da4w,parent,sarc_dev_linear_dq8ca_coopmat_zpg_xe2bt_t128x128k64g84s16m8_texture3d_texture2d_half,2048,4096,14336,4.0704,59.09
b580,8b,8da4w,parent,sarc_dev_linear_dq8ca_coopmat_zpg_xe2bt_t128x128k64g84s16m8_texture3d_texture2d_half,2048,4096,4096,0.927,74.131
b580,8b,8da4w,parent,sarc_dev_linear_dq8ca_coopmat_zpg_xe2bt_t128x128k64g84s16m8_texture3d_texture2d_half,2048,1024,4096,0.2829,60.732
b580,8b,8da4w,parent,sarc_dev_linear_dq8ca_coopmat_zpg_xe2bt_t128x128k64g84s16m8_texture3d_texture2d_half,2048,1024,4096,0.2901,59.219
b580,8b,8da4w,parent,sarc_dev_linear_dq8ca_coopmat_zpg_xe2bt_t128x128k64g84s16m8_texture3d_texture2d_half,2048,4096,4096,0.9283,74.027
b580,8b,8da4w,parent,sarc_dev_linear_dq8ca_coopmat_zpg_xe2bt_t128x128k64g84s16m8_texture3d_texture2d_half,2048,14336,4096,3.5342,68.055
b580,8b,8da4w,parent,sarc_dev_linear_dq8ca_coopmat_zpg_xe2bt_t128x128k64g84s16m8_texture3d_texture2d_half,2048,14336,4096,3.5276,68.181
b580,8b,8da4w,parent,sarc_dev_linear_dq8ca_coopmat_zpg_xe2bt_t128x128k64g84s16m8_texture3d_texture2d_half,2048,4096,14336,4.0552,59.311
b580,8b,8da4w,parent,sarc_dev_linear_dq8ca_coopmat_zpg_xe2bt_t128x128k64g84s16m8_texture3d_texture2d_half,2048,4096,4096,0.9283,74.031
b580,8b,8da4w,parent,sarc_dev_linear_dq8ca_coopmat_zpg_xe2bt_t128x128k64g84s16m8_texture3d_texture2d_half,2048,1024,4096,0.2846,60.355
b580,8b,8da4w,parent,sarc_dev_linear_dq8ca_coopmat_zpg_xe2bt_t128x128k64g84s16m8_texture3d_texture2d_half,2048,1024,4096,0.2857,60.135
b580,8b,8da4w,parent,sarc_dev_linear_dq8ca_coopmat_zpg_xe2bt_t128x128k64g84s16m8_texture3d_texture2d_half,2048,4096,4096,0.9254,74.256
b580,8b,8da4w,parent,sarc_dev_linear_dq8ca_coopmat_zpg_xe2bt_t128x128k64g84s16m8_texture3d_texture2d_half,2048,14336,4096,3.5249,68.235
b580,8b,8da4w,parent,sarc_dev_linear_dq8ca_coopmat_zpg_xe2bt_t128x128k64g84s16m8_texture3d_texture2d_half,2048,14336,4096,3.5137,68.452
b580,8b,8da4w,parent,sarc_dev_linear_dq8ca_coopmat_zpg_xe2bt_t128x128k64g84s16m8_texture3d_texture2d_half,2048,4096,14336,4.0603,59.236
b580,8b,8da4w,parent,sarc_dev_linear_dq8ca_coopmat_zpg_xe2bt_t128x128k64g84s16m8_texture3d_texture2d_half,2048,4096,4096,0.9371,73.329
b580,8b,8da4w,parent,sarc_dev_linear_dq8ca_coopmat_zpg_xe2bt_t128x128k64g84s16m8_texture3d_texture2d_half,2048,1024,4096,0.2824,60.844
b580,8b,8da4w,parent,sarc_dev_linear_dq8ca_coopmat_zpg_xe2bt_t128x128k64g84s16m8_texture3d_texture2d_half,2048,1024,4096,0.2783,61.742
b580,8b,8da4w,parent,sarc_dev_linear_dq8ca_coopmat_zpg_xe2bt_t128x128k64g84s16m8_texture3d_texture2d_half,2048,4096,4096,0.9435,72.832
b580,8b,8da4w,parent,sarc_dev_linear_dq8ca_coopmat_zpg_xe2bt_t128x128k64g84s16m8_texture3d_texture2d_half,2048,14336,4096,3.5219,68.292
b580,8b,8da4w,parent,sarc_dev_linear_dq8ca_coopmat_zpg_xe2bt_t128x128k64g84s16m8_texture3d_texture2d_half,2048,14336,4096,3.5289,68.157
b580,8b,8da4w,parent,sarc_dev_linear_dq8ca_coopmat_zpg_xe2bt_t128x128k64g84s16m8_texture3d_texture2d_half,2048,4096,14336,4.3215,55.656
b580,8b,8da4w,parent,sarc_dev_linear_dq8ca_coopmat_zpg_xe2bt_t128x128k64g84s16m8_texture3d_texture2d_half,2048,4096,4096,0.9385,73.223
b580,8b,8da4w,parent,sarc_dev_linear_dq8ca_coopmat_zpg_xe2bt_t128x128k64g84s16m8_texture3d_texture2d_half,2048,1024,4096,0.2793,61.501
b580,8b,8da4w,parent,sarc_dev_linear_dq8ca_coopmat_zpg_xe2bt_t128x128k64g84s16m8_texture3d_texture2d_half,2048,1024,4096,0.2823,60.855
b580,8b,8da4w,parent,sarc_dev_linear_dq8ca_coopmat_zpg_xe2bt_t128x128k64g84s16m8_texture3d_texture2d_half,2048,4096,4096,0.9365,73.377
b580,8b,8da4w,parent,sarc_dev_linear_dq8ca_coopmat_zpg_xe2bt_t128x128k64g84s16m8_texture3d_texture2d_half,2048,14336,4096,3.5269,68.195
b580,8b,8da4w,parent,sarc_dev_linear_dq8ca_coopmat_zpg_xe2bt_t128x128k64g84s16m8_texture3d_texture2d_half,2048,14336,4096,3.5322,68.093
b580,8b,8da4w,parent,sarc_dev_linear_dq8ca_coopmat_zpg_xe2bt_t128x128k64g84s16m8_texture3d_texture2d_half,2048,4096,14336,4.0217,59.805
b580,8b,8da4w,parent,sarc_dev_linear_dq8ca_coopmat_zpg_xe2bt_t128x128k64g84s16m8_texture3d_texture2d_half,2048,4096,4096,0.9337,73.602
b580,8b,8da4w,parent,sarc_dev_linear_dq8ca_coopmat_zpg_xe2bt_t128x128k64g84s16m8_texture3d_texture2d_half,2048,1024,4096,0.2876,59.744
b580,8b,8da4w,parent,sarc_dev_linear_dq8ca_coopmat_zpg_xe2bt_t128x128k64g84s16m8_texture3d_texture2d_half,2048,1024,4096,0.2828,60.754
b580,8b,8da4w,parent,sarc_dev_linear_dq8ca_coopmat_zpg_xe2bt_t128x128k64g84s16m8_texture3d_texture2d_half,2048,4096,4096,0.9343,73.549
b580,8b,8da4w,parent,sarc_dev_linear_dq8ca_coopmat_zpg_xe2bt_t128x128k64g84s16m8_texture3d_texture2d_half,2048,14336,4096,3.5454,67.84
b580,8b,8da4w,parent,sarc_dev_linear_dq8ca_coopmat_zpg_xe2bt_t128x128k64g84s16m8_texture3d_texture2d_half,2048,14336,4096,3.5531,67.692
b580,8b,8da4w,parent,sarc_dev_linear_dq8ca_coopmat_zpg_xe2bt_t128x128k64g84s16m8_texture3d_texture2d_half,2048,4096,14336,4.0597,59.245
b580,8b,8da4w,parent,sarc_dev_linear_dq8ca_coopmat_zpg_xe2bt_t128x128k64g84s16m8_texture3d_texture2d_half,2048,4096,4096,0.9566,71.834
b580,8b,8da4w,parent,sarc_dev_linear_dq8ca_coopmat_zpg_xe2bt_t128x128k64g84s16m8_texture3d_texture2d_half,2048,1024,4096,0.2864,59.993
b580,8b,8da4w,parent,sarc_dev_linear_dq8ca_coopmat_zpg_xe2bt_t128x128k64g84s16m8_texture3d_texture2d_half,2048,1024,4096,0.2774,61.939
b580,8b,8da4w,parent,sarc_dev_linear_dq8ca_coopmat_zpg_xe2bt_t128x128k64g84s16m8_texture3d_texture2d_half,2048,4096,4096,0.9225,74.49
b580,8b,8da4w,parent,sarc_dev_linear_dq8ca_coopmat_zpg_xe2bt_t128x128k64g84s16m8_texture3d_texture2d_half,2048,14336,4096,3.5808,67.169
b580,8b,8da4w,parent,sarc_dev_linear_dq8ca_coopmat_zpg_xe2bt_t128x128k64g84s16m8_texture3d_texture2d_half,2048,14336,4096,3.5563,67.632
b580,8b,8da4w,parent,sarc_dev_linear_dq8ca_coopmat_zpg_xe2bt_t128x128k64g84s16m8_texture3d_texture2d_half,2048,4096,14336,4.05,59.388
b580,8b,8da4w,parent,sarc_dev_linear_dq8ca_coopmat_zpg_xe2bt_t128x128k64g84s16m8_texture3d_texture2d_half,2048,4096,4096,0.9175,74.895
b580,8b,8da4w,parent,sarc_dev_linear_dq8ca_coopmat_zpg_xe2bt_t128x128k64g84s16m8_texture3d_texture2d_half,2048,1024,4096,0.2851,60.267
b580,8b,8da4w,parent,sarc_dev_linear_dq8ca_coopmat_zpg_xe2bt_t128x128k64g84s16m8_texture3d_texture2d_half,2048,1024,4096,0.2785,61.684
b580,8b,8da4w,parent,sarc_dev_linear_dq8ca_coopmat_zpg_xe2bt_t128x128k64g84s16m8_texture3d_texture2d_half,2048,4096,4096,0.9312,73.8
b580,8b,8da4w,parent,sarc_dev_linear_dq8ca_coopmat_zpg_xe2bt_t128x128k64g84s16m8_texture3d_texture2d_half,2048,14336,4096,3.5307,68.122
b580,8b,8da4w,parent,sarc_dev_linear_dq8ca_coopmat_zpg_xe2bt_t128x128k64g84s16m8_texture3d_texture2d_half,2048,14336,4096,3.5322,68.094
b580,8b,8da4w,parent,sarc_dev_linear_dq8ca_coopmat_zpg_xe2bt_t128x128k64g84s16m8_texture3d_texture2d_half,2048,4096,14336,4.0308,59.67
b580,8b,8da4w,parent,sarc_dev_linear_dq8ca_coopmat_zpg_xe2bt_t128x128k64g84s16m8_texture3d_texture2d_half,2048,4096,4096,0.9286,74.002
b580,8b,8da4w,parent,sarc_dev_linear_dq8ca_coopmat_zpg_xe2bt_t128x128k64g84s16m8_texture3d_texture2d_half,2048,1024,4096,0.2843,60.421
b580,8b,8da4w,parent,sarc_dev_linear_dq8ca_coopmat_zpg_xe2bt_t128x128k64g84s16m8_texture3d_texture2d_half,2048,1024,4096,0.2822,60.889
b580,8b,8da4w,parent,sarc_dev_linear_dq8ca_coopmat_zpg_xe2bt_t128x128k64g84s16m8_texture3d_texture2d_half,2048,4096,4096,0.9354,73.467
b580,8b,8da4w,parent,sarc_dev_linear_dq8ca_coopmat_zpg_xe2bt_t128x128k64g84s16m8_texture3d_texture2d_half,2048,14336,4096,3.5365,68.011
b580,8b,8da4w,parent,sarc_dev_linear_dq8ca_coopmat_zpg_xe2bt_t128x128k64g84s16m8_texture3d_texture2d_half,2048,14336,4096,3.5388,67.966
b580,8b,8da4w,parent,sarc_dev_linear_dq8ca_coopmat_zpg_xe2bt_t128x128k64g84s16m8_texture3d_texture2d_half,2048,4096,14336,4.2915,56.046
