gpu,model,scheme,build,kernel,M,N,K,ms,tflops
orin,1b,4w,cand,sarc_linear_q4gsw_coopmat_orin_t256x128k16g42s32bt_texture3d_texture2d_half,2048,2048,2048,2.8837,5.957
orin,1b,4w,cand,sarc_linear_q4gsw_coopmat_orin_t256x128k16g42s32bt_texture3d_texture2d_half,2048,512,2048,0.7356,5.839
orin,1b,4w,cand,sarc_linear_q4gsw_coopmat_orin_t256x128k16g42s32bt_texture3d_texture2d_half,2048,512,2048,0.7366,5.831
orin,1b,4w,cand,sarc_linear_q4gsw_coopmat_orin_t256x128k16g42s32bt_texture3d_texture2d_half,2048,2048,2048,2.8945,5.935
orin,1b,4w,cand,sarc_linear_q4gsw_coopmat_orin_t256x128k16g42s32bt_texture3d_texture2d_half,2048,8192,2048,11.4165,6.019
orin,1b,4w,cand,sarc_linear_q4gsw_coopmat_orin_t256x128k16g42s32bt_texture3d_texture2d_half,2048,8192,2048,11.3922,6.032
orin,1b,4w,cand,sarc_linear_q4gsw_coopmat_orin_t256x128k16g42s32bt_texture3d_texture2d_half,2048,2048,8192,10.9404,6.281
orin,1b,4w,cand,sarc_linear_q4gsw_coopmat_orin_t256x128k16g42s32bt_texture3d_texture2d_half,2048,2048,2048,2.8767,5.972
orin,1b,4w,cand,sarc_linear_q4gsw_coopmat_orin_t256x128k16g42s32bt_texture3d_texture2d_half,2048,512,2048,0.7324,5.864
orin,1b,4w,cand,sarc_linear_q4gsw_coopmat_orin_t256x128k16g42s32bt_texture3d_texture2d_half,2048,512,2048,0.7348,5.845
orin,1b,4w,cand,sarc_linear_q4gsw_coopmat_orin_t256x128k16g42s32bt_texture3d_texture2d_half,2048,2048,2048,2.8912,5.942
orin,1b,4w,cand,sarc_linear_q4gsw_coopmat_orin_t256x128k16g42s32bt_texture3d_texture2d_half,2048,8192,2048,11.3853,6.036
orin,1b,4w,cand,sarc_linear_q4gsw_coopmat_orin_t256x128k16g42s32bt_texture3d_texture2d_half,2048,8192,2048,11.3786,6.039
orin,1b,4w,cand,sarc_linear_q4gsw_coopmat_orin_t256x128k16g42s32bt_texture3d_texture2d_half,2048,2048,8192,10.9267,6.289
orin,1b,4w,cand,sarc_linear_q4gsw_coopmat_orin_t256x128k16g42s32bt_texture3d_texture2d_half,2048,2048,2048,2.8697,5.987
orin,1b,4w,cand,sarc_linear_q4gsw_coopmat_orin_t256x128k16g42s32bt_texture3d_texture2d_half,2048,512,2048,0.7355,5.839
orin,1b,4w,cand,sarc_linear_q4gsw_coopmat_orin_t256x128k16g42s32bt_texture3d_texture2d_half,2048,512,2048,0.7359,5.836
orin,1b,4w,cand,sarc_linear_q4gsw_coopmat_orin_t256x128k16g42s32bt_texture3d_texture2d_half,2048,2048,2048,2.8967,5.931
orin,1b,4w,cand,sarc_linear_q4gsw_coopmat_orin_t256x128k16g42s32bt_texture3d_texture2d_half,2048,8192,2048,11.3869,6.035
orin,1b,4w,cand,sarc_linear_q4gsw_coopmat_orin_t256x128k16g42s32bt_texture3d_texture2d_half,2048,8192,2048,11.3792,6.039
orin,1b,4w,cand,sarc_linear_q4gsw_coopmat_orin_t256x128k16g42s32bt_texture3d_texture2d_half,2048,2048,8192,10.9149,6.296
orin,1b,4w,cand,sarc_linear_q4gsw_coopmat_orin_t256x128k16g42s32bt_texture3d_texture2d_half,2048,2048,2048,2.8787,5.968
orin,1b,4w,cand,sarc_linear_q4gsw_coopmat_orin_t256x128k16g42s32bt_texture3d_texture2d_half,2048,512,2048,0.7387,5.814
orin,1b,4w,cand,sarc_linear_q4gsw_coopmat_orin_t256x128k16g42s32bt_texture3d_texture2d_half,2048,512,2048,0.736,5.835
orin,1b,4w,cand,sarc_linear_q4gsw_coopmat_orin_t256x128k16g42s32bt_texture3d_texture2d_half,2048,2048,2048,2.8921,5.94
orin,1b,4w,cand,sarc_linear_q4gsw_coopmat_orin_t256x128k16g42s32bt_texture3d_texture2d_half,2048,8192,2048,11.3848,6.036
orin,1b,4w,cand,sarc_linear_q4gsw_coopmat_orin_t256x128k16g42s32bt_texture3d_texture2d_half,2048,8192,2048,11.378,6.04
orin,1b,4w,cand,sarc_linear_q4gsw_coopmat_orin_t256x128k16g42s32bt_texture3d_texture2d_half,2048,2048,8192,10.8666,6.324
orin,1b,4w,cand,sarc_linear_q4gsw_coopmat_orin_t256x128k16g42s32bt_texture3d_texture2d_half,2048,2048,2048,2.8566,6.014
orin,1b,4w,cand,sarc_linear_q4gsw_coopmat_orin_t256x128k16g42s32bt_texture3d_texture2d_half,2048,512,2048,0.7358,5.837
orin,1b,4w,cand,sarc_linear_q4gsw_coopmat_orin_t256x128k16g42s32bt_texture3d_texture2d_half,2048,512,2048,0.7311,5.875
orin,1b,4w,cand,sarc_linear_q4gsw_coopmat_orin_t256x128k16g42s32bt_texture3d_texture2d_half,2048,2048,2048,2.8789,5.967
orin,1b,4w,cand,sarc_linear_q4gsw_coopmat_orin_t256x128k16g42s32bt_texture3d_texture2d_half,2048,8192,2048,11.3228,6.069
orin,1b,4w,cand,sarc_linear_q4gsw_coopmat_orin_t256x128k16g42s32bt_texture3d_texture2d_half,2048,8192,2048,11.31,6.076
orin,1b,4w,cand,sarc_linear_q4gsw_coopmat_orin_t256x128k16g42s32bt_texture3d_texture2d_half,2048,2048,8192,10.9286,6.288
orin,1b,4w,cand,sarc_linear_q4gsw_coopmat_orin_t256x128k16g42s32bt_texture3d_texture2d_half,2048,2048,2048,2.8726,5.981
orin,1b,4w,cand,sarc_linear_q4gsw_coopmat_orin_t256x128k16g42s32bt_texture3d_texture2d_half,2048,512,2048,0.7355,5.839
orin,1b,4w,cand,sarc_linear_q4gsw_coopmat_orin_t256x128k16g42s32bt_texture3d_texture2d_half,2048,512,2048,0.7336,5.855
orin,1b,4w,cand,sarc_linear_q4gsw_coopmat_orin_t256x128k16g42s32bt_texture3d_texture2d_half,2048,2048,2048,2.8886,5.947
orin,1b,4w,cand,sarc_linear_q4gsw_coopmat_orin_t256x128k16g42s32bt_texture3d_texture2d_half,2048,8192,2048,11.3726,6.043
orin,1b,4w,cand,sarc_linear_q4gsw_coopmat_orin_t256x128k16g42s32bt_texture3d_texture2d_half,2048,8192,2048,11.3836,6.037
orin,1b,4w,cand,sarc_linear_q4gsw_coopmat_orin_t256x128k16g42s32bt_texture3d_texture2d_half,2048,2048,8192,10.9232,6.291
orin,1b,4w,cand,sarc_linear_q4gsw_coopmat_orin_t256x128k16g42s32bt_texture3d_texture2d_half,2048,2048,2048,2.8762,5.973
orin,1b,4w,cand,sarc_linear_q4gsw_coopmat_orin_t256x128k16g42s32bt_texture3d_texture2d_half,2048,512,2048,0.736,5.835
orin,1b,4w,cand,sarc_linear_q4gsw_coopmat_orin_t256x128k16g42s32bt_texture3d_texture2d_half,2048,512,2048,0.7381,5.819
orin,1b,4w,cand,sarc_linear_q4gsw_coopmat_orin_t256x128k16g42s32bt_texture3d_texture2d_half,2048,2048,2048,2.8939,5.937
orin,1b,4w,cand,sarc_linear_q4gsw_coopmat_orin_t256x128k16g42s32bt_texture3d_texture2d_half,2048,8192,2048,11.3834,6.037
orin,1b,4w,cand,sarc_linear_q4gsw_coopmat_orin_t256x128k16g42s32bt_texture3d_texture2d_half,2048,8192,2048,11.3761,6.041
orin,1b,4w,cand,sarc_linear_q4gsw_coopmat_orin_t256x128k16g42s32bt_texture3d_texture2d_half,2048,2048,8192,10.9264,6.289
orin,1b,4w,cand,sarc_linear_q4gsw_coopmat_orin_t256x128k16g42s32bt_texture3d_texture2d_half,2048,2048,2048,2.8767,5.972
orin,1b,4w,cand,sarc_linear_q4gsw_coopmat_orin_t256x128k16g42s32bt_texture3d_texture2d_half,2048,512,2048,0.7335,5.855
orin,1b,4w,cand,sarc_linear_q4gsw_coopmat_orin_t256x128k16g42s32bt_texture3d_texture2d_half,2048,512,2048,0.7343,5.849
orin,1b,4w,cand,sarc_linear_q4gsw_coopmat_orin_t256x128k16g42s32bt_texture3d_texture2d_half,2048,2048,2048,2.8869,5.951
orin,1b,4w,cand,sarc_linear_q4gsw_coopmat_orin_t256x128k16g42s32bt_texture3d_texture2d_half,2048,8192,2048,11.3845,6.036
orin,1b,4w,cand,sarc_linear_q4gsw_coopmat_orin_t256x128k16g42s32bt_texture3d_texture2d_half,2048,8192,2048,11.3883,6.034
orin,1b,4w,cand,sarc_linear_q4gsw_coopmat_orin_t256x128k16g42s32bt_texture3d_texture2d_half,2048,2048,8192,10.934,6.285
orin,1b,4w,cand,sarc_linear_q4gsw_coopmat_orin_t256x128k16g42s32bt_texture3d_texture2d_half,2048,2048,2048,2.8825,5.96
orin,1b,4w,cand,sarc_linear_q4gsw_coopmat_orin_t256x128k16g42s32bt_texture3d_texture2d_half,2048,512,2048,0.7308,5.877
orin,1b,4w,cand,sarc_linear_q4gsw_coopmat_orin_t256x128k16g42s32bt_texture3d_texture2d_half,2048,512,2048,0.7358,5.837
orin,1b,4w,cand,sarc_linear_q4gsw_coopmat_orin_t256x128k16g42s32bt_texture3d_texture2d_half,2048,2048,2048,2.8942,5.936
orin,1b,4w,cand,sarc_linear_q4gsw_coopmat_orin_t256x128k16g42s32bt_texture3d_texture2d_half,2048,8192,2048,11.3628,6.048
orin,1b,4w,cand,sarc_linear_q4gsw_coopmat_orin_t256x128k16g42s32bt_texture3d_texture2d_half,2048,8192,2048,11.3941,6.031
orin,1b,4w,cand,sarc_linear_q4gsw_coopmat_orin_t256x128k16g42s32bt_texture3d_texture2d_half,2048,2048,8192,10.9334,6.285
orin,1b,4w,cand,sarc_linear_q4gsw_coopmat_orin_t256x128k16g42s32bt_texture3d_texture2d_half,2048,2048,2048,2.8808,5.964
orin,1b,4w,cand,sarc_linear_q4gsw_coopmat_orin_t256x128k16g42s32bt_texture3d_texture2d_half,2048,512,2048,0.7357,5.838
orin,1b,4w,cand,sarc_linear_q4gsw_coopmat_orin_t256x128k16g42s32bt_texture3d_texture2d_half,2048,512,2048,0.7501,5.726
orin,1b,4w,cand,sarc_linear_q4gsw_coopmat_orin_t256x128k16g42s32bt_texture3d_texture2d_half,2048,2048,2048,2.8878,5.949
orin,1b,4w,cand,sarc_linear_q4gsw_coopmat_orin_t256x128k16g42s32bt_texture3d_texture2d_half,2048,8192,2048,11.3774,6.04
orin,1b,4w,cand,sarc_linear_q4gsw_coopmat_orin_t256x128k16g42s32bt_texture3d_texture2d_half,2048,8192,2048,11.3855,6.036
orin,1b,4w,cand,sarc_linear_q4gsw_coopmat_orin_t256x128k16g42s32bt_texture3d_texture2d_half,2048,2048,8192,10.921,6.292
orin,1b,4w,cand,sarc_linear_q4gsw_coopmat_orin_t256x128k16g42s32bt_texture3d_texture2d_half,2048,2048,2048,2.8771,5.971
orin,1b,4w,cand,sarc_linear_q4gsw_coopmat_orin_t256x128k16g42s32bt_texture3d_texture2d_half,2048,512,2048,0.7321,5.866
orin,1b,4w,cand,sarc_linear_q4gsw_coopmat_orin_t256x128k16g42s32bt_texture3d_texture2d_half,2048,512,2048,0.7352,5.842
orin,1b,4w,cand,sarc_linear_q4gsw_coopmat_orin_t256x128k16g42s32bt_texture3d_texture2d_half,2048,2048,2048,2.8896,5.945
orin,1b,4w,cand,sarc_linear_q4gsw_coopmat_orin_t256x128k16g42s32bt_texture3d_texture2d_half,2048,8192,2048,11.3891,6.034
orin,1b,4w,cand,sarc_linear_q4gsw_coopmat_orin_t256x128k16g42s32bt_texture3d_texture2d_half,2048,8192,2048,11.388,6.034
orin,1b,4w,cand,sarc_linear_q4gsw_coopmat_orin_t256x128k16g42s32bt_texture3d_texture2d_half,2048,2048,8192,10.9181,6.294
orin,1b,4w,cand,sarc_linear_q4gsw_coopmat_orin_t256x128k16g42s32bt_texture3d_texture2d_half,2048,2048,2048,2.8825,5.96
orin,1b,4w,cand,sarc_linear_q4gsw_coopmat_orin_t256x128k16g42s32bt_texture3d_texture2d_half,2048,512,2048,0.7358,5.837
orin,1b,4w,cand,sarc_linear_q4gsw_coopmat_orin_t256x128k16g42s32bt_texture3d_texture2d_half,2048,512,2048,0.7387,5.814
orin,1b,4w,cand,sarc_linear_q4gsw_coopmat_orin_t256x128k16g42s32bt_texture3d_texture2d_half,2048,2048,2048,2.8731,5.98
orin,1b,4w,cand,sarc_linear_q4gsw_coopmat_orin_t256x128k16g42s32bt_texture3d_texture2d_half,2048,8192,2048,11.3144,6.074
orin,1b,4w,cand,sarc_linear_q4gsw_coopmat_orin_t256x128k16g42s32bt_texture3d_texture2d_half,2048,8192,2048,11.3136,6.074
orin,1b,4w,cand,sarc_linear_q4gsw_coopmat_orin_t256x128k16g42s32bt_texture3d_texture2d_half,2048,2048,8192,10.8763,6.318
orin,1b,4w,cand,sarc_linear_q4gsw_coopmat_orin_t256x128k16g42s32bt_texture3d_texture2d_half,2048,2048,2048,2.8734,5.979
orin,1b,4w,cand,sarc_linear_q4gsw_coopmat_orin_t256x128k16g42s32bt_texture3d_texture2d_half,2048,512,2048,0.7324,5.864
orin,1b,4w,cand,sarc_linear_q4gsw_coopmat_orin_t256x128k16g42s32bt_texture3d_texture2d_half,2048,512,2048,0.7361,5.835
orin,1b,4w,cand,sarc_linear_q4gsw_coopmat_orin_t256x128k16g42s32bt_texture3d_texture2d_half,2048,2048,2048,2.8952,5.934
orin,1b,4w,cand,sarc_linear_q4gsw_coopmat_orin_t256x128k16g42s32bt_texture3d_texture2d_half,2048,8192,2048,11.3837,6.037
orin,1b,4w,cand,sarc_linear_q4gsw_coopmat_orin_t256x128k16g42s32bt_texture3d_texture2d_half,2048,8192,2048,11.38,6.039
orin,1b,4w,cand,sarc_linear_q4gsw_coopmat_orin_t256x128k16g42s32bt_texture3d_texture2d_half,2048,2048,8192,10.9191,6.294
orin,1b,4w,cand,sarc_linear_q4gsw_coopmat_orin_t256x128k16g42s32bt_texture3d_texture2d_half,2048,2048,2048,2.8857,5.953
orin,1b,4w,cand,sarc_linear_q4gsw_coopmat_orin_t256x128k16g42s32bt_texture3d_texture2d_half,2048,512,2048,0.7384,5.817
orin,1b,4w,cand,sarc_linear_q4gsw_coopmat_orin_t256x128k16g42s32bt_texture3d_texture2d_half,2048,512,2048,0.7375,5.824
orin,1b,4w,cand,sarc_linear_q4gsw_coopmat_orin_t256x128k16g42s32bt_texture3d_texture2d_half,2048,2048,2048,2.8947,5.935
orin,1b,4w,cand,sarc_linear_q4gsw_coopmat_orin_t256x128k16g42s32bt_texture3d_texture2d_half,2048,8192,2048,11.3877,6.035
orin,1b,4w,cand,sarc_linear_q4gsw_coopmat_orin_t256x128k16g42s32bt_texture3d_texture2d_half,2048,8192,2048,11.3772,6.04
orin,1b,4w,cand,sarc_linear_q4gsw_coopmat_orin_t256x128k16g42s32bt_texture3d_texture2d_half,2048,2048,8192,10.9315,6.286
orin,1b,4w,cand,sarc_linear_q4gsw_coopmat_orin_t256x128k16g42s32bt_texture3d_texture2d_half,2048,2048,2048,2.8828,5.959
orin,1b,4w,cand,sarc_linear_q4gsw_coopmat_orin_t256x128k16g42s32bt_texture3d_texture2d_half,2048,512,2048,0.7347,5.846
orin,1b,4w,cand,sarc_linear_q4gsw_coopmat_orin_t256x128k16g42s32bt_texture3d_texture2d_half,2048,512,2048,0.736,5.836
orin,1b,4w,cand,sarc_linear_q4gsw_coopmat_orin_t256x128k16g42s32bt_texture3d_texture2d_half,2048,2048,2048,2.8846,5.956
orin,1b,4w,cand,sarc_linear_q4gsw_coopmat_orin_t256x128k16g42s32bt_texture3d_texture2d_half,2048,8192,2048,11.3898,6.033
orin,1b,4w,cand,sarc_linear_q4gsw_coopmat_orin_t256x128k16g42s32bt_texture3d_texture2d_half,2048,8192,2048,11.3726,6.043
orin,1b,4w,cand,sarc_linear_q4gsw_coopmat_orin_t256x128k16g42s32bt_texture3d_texture2d_half,2048,2048,8192,10.9284,6.288
orin,1b,4w,cand,sarc_linear_q4gsw_coopmat_orin_t256x128k16g42s32bt_texture3d_texture2d_half,2048,2048,2048,2.8781,5.969
orin,1b,4w,cand,sarc_linear_q4gsw_coopmat_orin_t256x128k16g42s32bt_texture3d_texture2d_half,2048,512,2048,0.7361,5.835
orin,1b,4w,cand,sarc_linear_q4gsw_coopmat_orin_t256x128k16g42s32bt_texture3d_texture2d_half,2048,512,2048,0.7389,5.813
orin,1b,4w,cand,sarc_linear_q4gsw_coopmat_orin_t256x128k16g42s32bt_texture3d_texture2d_half,2048,2048,2048,2.8898,5.945
orin,1b,4w,cand,sarc_linear_q4gsw_coopmat_orin_t256x128k16g42s32bt_texture3d_texture2d_half,2048,8192,2048,11.3809,6.038
orin,1b,4w,cand,sarc_linear_q4gsw_coopmat_orin_t256x128k16g42s32bt_texture3d_texture2d_half,2048,8192,2048,11.3832,6.037
orin,1b,4w,cand,sarc_linear_q4gsw_coopmat_orin_t256x128k16g42s32bt_texture3d_texture2d_half,2048,2048,8192,10.9341,6.285
orin,1b,4w,parent,sarc_linear_q4gsw_coopmat_orin_t256x128k16g42s32bt_texture3d_texture2d_half,2048,2048,2048,2.8873,5.95
orin,1b,4w,parent,sarc_linear_q4gsw_coopmat_orin_t256x128k16g42s32bt_texture3d_texture2d_half,2048,512,2048,0.7348,5.845
orin,1b,4w,parent,sarc_linear_q4gsw_coopmat_orin_t256x128k16g42s32bt_texture3d_texture2d_half,2048,512,2048,0.7381,5.819
orin,1b,4w,parent,sarc_linear_q4gsw_coopmat_orin_t256x128k16g42s32bt_texture3d_texture2d_half,2048,2048,2048,2.8748,5.976
orin,1b,4w,parent,sarc_linear_q4gsw_coopmat_orin_t256x128k16g42s32bt_texture3d_texture2d_half,2048,8192,2048,11.4489,6.002
orin,1b,4w,parent,sarc_linear_q4gsw_coopmat_orin_t256x128k16g42s32bt_texture3d_texture2d_half,2048,8192,2048,11.3879,6.034
orin,1b,4w,parent,sarc_linear_q4gsw_coopmat_orin_t256x128k16g42s32bt_texture3d_texture2d_half,2048,2048,8192,10.923,6.291
orin,1b,4w,parent,sarc_linear_q4gsw_coopmat_orin_t256x128k16g42s32bt_texture3d_texture2d_half,2048,2048,2048,2.8821,5.961
orin,1b,4w,parent,sarc_linear_q4gsw_coopmat_orin_t256x128k16g42s32bt_texture3d_texture2d_half,2048,512,2048,0.7356,5.839
orin,1b,4w,parent,sarc_linear_q4gsw_coopmat_orin_t256x128k16g42s32bt_texture3d_texture2d_half,2048,512,2048,0.7311,5.874
orin,1b,4w,parent,sarc_linear_q4gsw_coopmat_orin_t256x128k16g42s32bt_texture3d_texture2d_half,2048,2048,2048,2.8786,5.968
orin,1b,4w,parent,sarc_linear_q4gsw_coopmat_orin_t256x128k16g42s32bt_texture3d_texture2d_half,2048,8192,2048,11.46,5.996
orin,1b,4w,parent,sarc_linear_q4gsw_coopmat_orin_t256x128k16g42s32bt_texture3d_texture2d_half,2048,8192,2048,11.3936,6.031
orin,1b,4w,parent,sarc_linear_q4gsw_coopmat_orin_t256x128k16g42s32bt_texture3d_texture2d_half,2048,2048,8192,10.8998,6.305
orin,1b,4w,parent,sarc_linear_q4gsw_coopmat_orin_t256x128k16g42s32bt_texture3d_texture2d_half,2048,2048,2048,2.8605,6.006
orin,1b,4w,parent,sarc_linear_q4gsw_coopmat_orin_t256x128k16g42s32bt_texture3d_texture2d_half,2048,512,2048,0.737,5.827
orin,1b,4w,parent,sarc_linear_q4gsw_coopmat_orin_t256x128k16g42s32bt_texture3d_texture2d_half,2048,512,2048,0.7318,5.869
orin,1b,4w,parent,sarc_linear_q4gsw_coopmat_orin_t256x128k16g42s32bt_texture3d_texture2d_half,2048,2048,2048,2.8615,6.004
orin,1b,4w,parent,sarc_linear_q4gsw_coopmat_orin_t256x128k16g42s32bt_texture3d_texture2d_half,2048,8192,2048,11.3941,6.031
orin,1b,4w,parent,sarc_linear_q4gsw_coopmat_orin_t256x128k16g42s32bt_texture3d_texture2d_half,2048,8192,2048,11.3708,6.044
orin,1b,4w,parent,sarc_linear_q4gsw_coopmat_orin_t256x128k16g42s32bt_texture3d_texture2d_half,2048,2048,8192,10.9228,6.291
orin,1b,4w,parent,sarc_linear_q4gsw_coopmat_orin_t256x128k16g42s32bt_texture3d_texture2d_half,2048,2048,2048,2.8835,5.958
orin,1b,4w,parent,sarc_linear_q4gsw_coopmat_orin_t256x128k16g42s32bt_texture3d_texture2d_half,2048,512,2048,0.7338,5.853
orin,1b,4w,parent,sarc_linear_q4gsw_coopmat_orin_t256x128k16g42s32bt_texture3d_texture2d_half,2048,512,2048,0.7386,5.815
orin,1b,4w,parent,sarc_linear_q4gsw_coopmat_orin_t256x128k16g42s32bt_texture3d_texture2d_half,2048,2048,2048,2.8807,5.964
orin,1b,4w,parent,sarc_linear_q4gsw_coopmat_orin_t256x128k16g42s32bt_texture3d_texture2d_half,2048,8192,2048,11.443,6.005
orin,1b,4w,parent,sarc_linear_q4gsw_coopmat_orin_t256x128k16g42s32bt_texture3d_texture2d_half,2048,8192,2048,11.3971,6.03
orin,1b,4w,parent,sarc_linear_q4gsw_coopmat_orin_t256x128k16g42s32bt_texture3d_texture2d_half,2048,2048,8192,10.9117,6.298
orin,1b,4w,parent,sarc_linear_q4gsw_coopmat_orin_t256x128k16g42s32bt_texture3d_texture2d_half,2048,2048,2048,2.8867,5.951
orin,1b,4w,parent,sarc_linear_q4gsw_coopmat_orin_t256x128k16g42s32bt_texture3d_texture2d_half,2048,512,2048,0.7341,5.851
orin,1b,4w,parent,sarc_linear_q4gsw_coopmat_orin_t256x128k16g42s32bt_texture3d_texture2d_half,2048,512,2048,0.7345,5.848
orin,1b,4w,parent,sarc_linear_q4gsw_coopmat_orin_t256x128k16g42s32bt_texture3d_texture2d_half,2048,2048,2048,2.8826,5.96
orin,1b,4w,parent,sarc_linear_q4gsw_coopmat_orin_t256x128k16g42s32bt_texture3d_texture2d_half,2048,8192,2048,11.4452,6.004
orin,1b,4w,parent,sarc_linear_q4gsw_coopmat_orin_t256x128k16g42s32bt_texture3d_texture2d_half,2048,8192,2048,11.3853,6.036
orin,1b,4w,parent,sarc_linear_q4gsw_coopmat_orin_t256x128k16g42s32bt_texture3d_texture2d_half,2048,2048,8192,10.9123,6.297
orin,1b,4w,parent,sarc_linear_q4gsw_coopmat_orin_t256x128k16g42s32bt_texture3d_texture2d_half,2048,2048,2048,2.8873,5.95
orin,1b,4w,parent,sarc_linear_q4gsw_coopmat_orin_t256x128k16g42s32bt_texture3d_texture2d_half,2048,512,2048,0.7366,5.831
orin,1b,4w,parent,sarc_linear_q4gsw_coopmat_orin_t256x128k16g42s32bt_texture3d_texture2d_half,2048,512,2048,0.7344,5.849
orin,1b,4w,parent,sarc_linear_q4gsw_coopmat_orin_t256x128k16g42s32bt_texture3d_texture2d_half,2048,2048,2048,2.8806,5.964
orin,1b,4w,parent,sarc_linear_q4gsw_coopmat_orin_t256x128k16g42s32bt_texture3d_texture2d_half,2048,8192,2048,11.4648,5.994
orin,1b,4w,parent,sarc_linear_q4gsw_coopmat_orin_t256x128k16g42s32bt_texture3d_texture2d_half,2048,8192,2048,11.3941,6.031
orin,1b,4w,parent,sarc_linear_q4gsw_coopmat_orin_t256x128k16g42s32bt_texture3d_texture2d_half,2048,2048,8192,10.9173,6.295
orin,1b,4w,parent,sarc_linear_q4gsw_coopmat_orin_t256x128k16g42s32bt_texture3d_texture2d_half,2048,2048,2048,2.8789,5.968
orin,1b,4w,parent,sarc_linear_q4gsw_coopmat_orin_t256x128k16g42s32bt_texture3d_texture2d_half,2048,512,2048,0.7368,5.829
orin,1b,4w,parent,sarc_linear_q4gsw_coopmat_orin_t256x128k16g42s32bt_texture3d_texture2d_half,2048,512,2048,0.7326,5.862
orin,1b,4w,parent,sarc_linear_q4gsw_coopmat_orin_t256x128k16g42s32bt_texture3d_texture2d_half,2048,2048,2048,2.8801,5.965
orin,1b,4w,parent,sarc_linear_q4gsw_coopmat_orin_t256x128k16g42s32bt_texture3d_texture2d_half,2048,8192,2048,11.4459,6.004
orin,1b,4w,parent,sarc_linear_q4gsw_coopmat_orin_t256x128k16g42s32bt_texture3d_texture2d_half,2048,8192,2048,11.3867,6.035
orin,1b,4w,parent,sarc_linear_q4gsw_coopmat_orin_t256x128k16g42s32bt_texture3d_texture2d_half,2048,2048,8192,10.9098,6.299
orin,1b,4w,parent,sarc_linear_q4gsw_coopmat_orin_t256x128k16g42s32bt_texture3d_texture2d_half,2048,2048,2048,2.8753,5.975
orin,1b,4w,parent,sarc_linear_q4gsw_coopmat_orin_t256x128k16g42s32bt_texture3d_texture2d_half,2048,512,2048,0.7355,5.84
orin,1b,4w,parent,sarc_linear_q4gsw_coopmat_orin_t256x128k16g42s32bt_texture3d_texture2d_half,2048,512,2048,0.7329,5.861
orin,1b,4w,parent,sarc_linear_q4gsw_coopmat_orin_t256x128k16g42s32bt_texture3d_texture2d_half,2048,2048,2048,2.8789,5.967
orin,1b,4w,parent,sarc_linear_q4gsw_coopmat_orin_t256x128k16g42s32bt_texture3d_texture2d_half,2048,8192,2048,11.4544,5.999
orin,1b,4w,parent,sarc_linear_q4gsw_coopmat_orin_t256x128k16g42s32bt_texture3d_texture2d_half,2048,8192,2048,11.3854,6.036
orin,1b,4w,parent,sarc_linear_q4gsw_coopmat_orin_t256x128k16g42s32bt_texture3d_texture2d_half,2048,2048,8192,10.918,6.294
orin,1b,4w,parent,sarc_linear_q4gsw_coopmat_orin_t256x128k16g42s32bt_texture3d_texture2d_half,2048,2048,2048,2.8782,5.969
orin,1b,4w,parent,sarc_linear_q4gsw_coopmat_orin_t256x128k16g42s32bt_texture3d_texture2d_half,2048,512,2048,0.7364,5.832
orin,1b,4w,parent,sarc_linear_q4gsw_coopmat_orin_t256x128k16g42s32bt_texture3d_texture2d_half,2048,512,2048,0.7329,5.861
orin,1b,4w,parent,sarc_linear_q4gsw_coopmat_orin_t256x128k16g42s32bt_texture3d_texture2d_half,2048,2048,2048,2.8816,5.962
orin,1b,4w,parent,sarc_linear_q4gsw_coopmat_orin_t256x128k16g42s32bt_texture3d_texture2d_half,2048,8192,2048,11.4401,6.007
orin,1b,4w,parent,sarc_linear_q4gsw_coopmat_orin_t256x128k16g42s32bt_texture3d_texture2d_half,2048,8192,2048,11.3248,6.068
orin,1b,4w,parent,sarc_linear_q4gsw_coopmat_orin_t256x128k16g42s32bt_texture3d_texture2d_half,2048,2048,8192,10.8599,6.328
orin,1b,4w,parent,sarc_linear_q4gsw_coopmat_orin_t256x128k16g42s32bt_texture3d_texture2d_half,2048,2048,2048,2.8676,5.991
orin,1b,4w,parent,sarc_linear_q4gsw_coopmat_orin_t256x128k16g42s32bt_texture3d_texture2d_half,2048,512,2048,0.7315,5.872
orin,1b,4w,parent,sarc_linear_q4gsw_coopmat_orin_t256x128k16g42s32bt_texture3d_texture2d_half,2048,512,2048,0.7328,5.861
orin,1b,4w,parent,sarc_linear_q4gsw_coopmat_orin_t256x128k16g42s32bt_texture3d_texture2d_half,2048,2048,2048,2.872,5.982
orin,1b,4w,parent,sarc_linear_q4gsw_coopmat_orin_t256x128k16g42s32bt_texture3d_texture2d_half,2048,8192,2048,11.4382,6.008
orin,1b,4w,parent,sarc_linear_q4gsw_coopmat_orin_t256x128k16g42s32bt_texture3d_texture2d_half,2048,8192,2048,11.3443,6.058
orin,1b,4w,parent,sarc_linear_q4gsw_coopmat_orin_t256x128k16g42s32bt_texture3d_texture2d_half,2048,2048,8192,10.878,6.317
orin,1b,4w,parent,sarc_linear_q4gsw_coopmat_orin_t256x128k16g42s32bt_texture3d_texture2d_half,2048,2048,2048,2.8781,5.969
orin,1b,4w,parent,sarc_linear_q4gsw_coopmat_orin_t256x128k16g42s32bt_texture3d_texture2d_half,2048,512,2048,0.7387,5.814
orin,1b,4w,parent,sarc_linear_q4gsw_coopmat_orin_t256x128k16g42s32bt_texture3d_texture2d_half,2048,512,2048,0.7361,5.835
orin,1b,4w,parent,sarc_linear_q4gsw_coopmat_orin_t256x128k16g42s32bt_texture3d_texture2d_half,2048,2048,2048,2.886,5.953
orin,1b,4w,parent,sarc_linear_q4gsw_coopmat_orin_t256x128k16g42s32bt_texture3d_texture2d_half,2048,8192,2048,11.4445,6.005
orin,1b,4w,parent,sarc_linear_q4gsw_coopmat_orin_t256x128k16g42s32bt_texture3d_texture2d_half,2048,8192,2048,11.3868,6.035
orin,1b,4w,parent,sarc_linear_q4gsw_coopmat_orin_t256x128k16g42s32bt_texture3d_texture2d_half,2048,2048,8192,10.9066,6.301
orin,1b,4w,parent,sarc_linear_q4gsw_coopmat_orin_t256x128k16g42s32bt_texture3d_texture2d_half,2048,2048,2048,2.8765,5.973
orin,1b,4w,parent,sarc_linear_q4gsw_coopmat_orin_t256x128k16g42s32bt_texture3d_texture2d_half,2048,512,2048,0.7347,5.846
orin,1b,4w,parent,sarc_linear_q4gsw_coopmat_orin_t256x128k16g42s32bt_texture3d_texture2d_half,2048,512,2048,0.7372,5.826
orin,1b,4w,parent,sarc_linear_q4gsw_coopmat_orin_t256x128k16g42s32bt_texture3d_texture2d_half,2048,2048,2048,2.8804,5.964
orin,1b,4w,parent,sarc_linear_q4gsw_coopmat_orin_t256x128k16g42s32bt_texture3d_texture2d_half,2048,8192,2048,11.4308,6.012
orin,1b,4w,parent,sarc_linear_q4gsw_coopmat_orin_t256x128k16g42s32bt_texture3d_texture2d_half,2048,8192,2048,11.3885,6.034
orin,1b,4w,parent,sarc_linear_q4gsw_coopmat_orin_t256x128k16g42s32bt_texture3d_texture2d_half,2048,2048,8192,10.918,6.294
orin,1b,4w,parent,sarc_linear_q4gsw_coopmat_orin_t256x128k16g42s32bt_texture3d_texture2d_half,2048,2048,2048,2.8836,5.958
orin,1b,4w,parent,sarc_linear_q4gsw_coopmat_orin_t256x128k16g42s32bt_texture3d_texture2d_half,2048,512,2048,0.7342,5.85
orin,1b,4w,parent,sarc_linear_q4gsw_coopmat_orin_t256x128k16g42s32bt_texture3d_texture2d_half,2048,512,2048,0.7351,5.842
orin,1b,4w,parent,sarc_linear_q4gsw_coopmat_orin_t256x128k16g42s32bt_texture3d_texture2d_half,2048,2048,2048,2.8846,5.956
orin,1b,4w,parent,sarc_linear_q4gsw_coopmat_orin_t256x128k16g42s32bt_texture3d_texture2d_half,2048,8192,2048,11.4279,6.013
orin,1b,4w,parent,sarc_linear_q4gsw_coopmat_orin_t256x128k16g42s32bt_texture3d_texture2d_half,2048,8192,2048,11.3847,6.036
orin,1b,4w,parent,sarc_linear_q4gsw_coopmat_orin_t256x128k16g42s32bt_texture3d_texture2d_half,2048,2048,8192,10.9195,6.293
orin,1b,4w,parent,sarc_linear_q4gsw_coopmat_orin_t256x128k16g42s32bt_texture3d_texture2d_half,2048,2048,2048,2.8802,5.965
orin,1b,4w,parent,sarc_linear_q4gsw_coopmat_orin_t256x128k16g42s32bt_texture3d_texture2d_half,2048,512,2048,0.7385,5.816
orin,1b,4w,parent,sarc_linear_q4gsw_coopmat_orin_t256x128k16g42s32bt_texture3d_texture2d_half,2048,512,2048,0.7372,5.826
orin,1b,4w,parent,sarc_linear_q4gsw_coopmat_orin_t256x128k16g42s32bt_texture3d_texture2d_half,2048,2048,2048,2.886,5.953
orin,1b,4w,parent,sarc_linear_q4gsw_coopmat_orin_t256x128k16g42s32bt_texture3d_texture2d_half,2048,8192,2048,11.4676,5.993
orin,1b,4w,parent,sarc_linear_q4gsw_coopmat_orin_t256x128k16g42s32bt_texture3d_texture2d_half,2048,8192,2048,11.3992,6.028
orin,1b,4w,parent,sarc_linear_q4gsw_coopmat_orin_t256x128k16g42s32bt_texture3d_texture2d_half,2048,2048,8192,10.9157,6.295
orin,1b,4w,parent,sarc_linear_q4gsw_coopmat_orin_t256x128k16g42s32bt_texture3d_texture2d_half,2048,2048,2048,2.876,5.974
orin,1b,4w,parent,sarc_linear_q4gsw_coopmat_orin_t256x128k16g42s32bt_texture3d_texture2d_half,2048,512,2048,0.7402,5.803
orin,1b,4w,parent,sarc_linear_q4gsw_coopmat_orin_t256x128k16g42s32bt_texture3d_texture2d_half,2048,512,2048,0.7383,5.818
orin,1b,4w,parent,sarc_linear_q4gsw_coopmat_orin_t256x128k16g42s32bt_texture3d_texture2d_half,2048,2048,2048,2.8791,5.967
orin,1b,4w,parent,sarc_linear_q4gsw_coopmat_orin_t256x128k16g42s32bt_texture3d_texture2d_half,2048,8192,2048,11.4292,6.013
orin,1b,4w,parent,sarc_linear_q4gsw_coopmat_orin_t256x128k16g42s32bt_texture3d_texture2d_half,2048,8192,2048,11.3978,6.029
orin,1b,4w,parent,sarc_linear_q4gsw_coopmat_orin_t256x128k16g42s32bt_texture3d_texture2d_half,2048,2048,8192,10.9237,6.291
orin,1b,4w,parent,sarc_linear_q4gsw_coopmat_orin_t256x128k16g42s32bt_texture3d_texture2d_half,2048,2048,2048,2.8807,5.964
orin,1b,4w,parent,sarc_linear_q4gsw_coopmat_orin_t256x128k16g42s32bt_texture3d_texture2d_half,2048,512,2048,0.7353,5.841
orin,1b,4w,parent,sarc_linear_q4gsw_coopmat_orin_t256x128k16g42s32bt_texture3d_texture2d_half,2048,512,2048,0.7432,5.779
orin,1b,4w,parent,sarc_linear_q4gsw_coopmat_orin_t256x128k16g42s32bt_texture3d_texture2d_half,2048,2048,2048,2.8635,6.0
orin,1b,4w,parent,sarc_linear_q4gsw_coopmat_orin_t256x128k16g42s32bt_texture3d_texture2d_half,2048,8192,2048,11.368,6.045
orin,1b,4w,parent,sarc_linear_q4gsw_coopmat_orin_t256x128k16g42s32bt_texture3d_texture2d_half,2048,8192,2048,11.3235,6.069
orin,1b,4w,parent,sarc_linear_q4gsw_coopmat_orin_t256x128k16g42s32bt_texture3d_texture2d_half,2048,2048,8192,10.9068,6.301
orin,1b,8da4w,cand,sarc_linear_dq8ca_coopmat_zpgtr_orin_bf_t128x128k64g24s32mk32ra_texture3d_texture2d_half,2048,2048,2048,3.4544,4.973
orin,1b,8da4w,cand,sarc_linear_dq8ca_coopmat_zpgtr_orin_bf_t128x128k64g24s32mk32ra_texture3d_texture2d_half,2048,512,2048,0.8395,5.116
orin,1b,8da4w,cand,sarc_linear_dq8ca_coopmat_zpgtr_orin_bf_t128x128k64g24s32mk32ra_texture3d_texture2d_half,2048,512,2048,0.8332,5.155
orin,1b,8da4w,cand,sarc_linear_dq8ca_coopmat_zpgtr_orin_bf_t128x128k64g24s32mk32ra_texture3d_texture2d_half,2048,2048,2048,3.4223,5.02
orin,1b,8da4w,cand,sarc_linear_dq8ca_coopmat_zpgtr_orin_bf_t128x128k64g24s32mk32ra_texture3d_texture2d_half,2048,8192,2048,13.6781,5.024
orin,1b,8da4w,cand,sarc_linear_dq8ca_coopmat_zpgtr_orin_bf_t128x128k64g24s32mk32ra_texture3d_texture2d_half,2048,8192,2048,13.6197,5.046
orin,1b,8da4w,cand,sarc_linear_dq8ca_coopmat_zpgtr_orin_bf_t128x128k64g24s32mk32ra_texture3d_texture2d_half,2048,2048,8192,12.6838,5.418
orin,1b,8da4w,cand,sarc_linear_dq8ca_coopmat_zpgtr_orin_bf_t128x128k64g24s32mk32ra_texture3d_texture2d_half,2048,2048,2048,3.4216,5.021
orin,1b,8da4w,cand,sarc_linear_dq8ca_coopmat_zpgtr_orin_bf_t128x128k64g24s32mk32ra_texture3d_texture2d_half,2048,512,2048,0.8329,5.157
orin,1b,8da4w,cand,sarc_linear_dq8ca_coopmat_zpgtr_orin_bf_t128x128k64g24s32mk32ra_texture3d_texture2d_half,2048,512,2048,0.8419,5.102
orin,1b,8da4w,cand,sarc_linear_dq8ca_coopmat_zpgtr_orin_bf_t128x128k64g24s32mk32ra_texture3d_texture2d_half,2048,2048,2048,3.433,5.004
orin,1b,8da4w,cand,sarc_linear_dq8ca_coopmat_zpgtr_orin_bf_t128x128k64g24s32mk32ra_texture3d_texture2d_half,2048,8192,2048,13.6223,5.045
orin,1b,8da4w,cand,sarc_linear_dq8ca_coopmat_zpgtr_orin_bf_t128x128k64g24s32mk32ra_texture3d_texture2d_half,2048,8192,2048,13.6246,5.044
orin,1b,8da4w,cand,sarc_linear_dq8ca_coopmat_zpgtr_orin_bf_t128x128k64g24s32mk32ra_texture3d_texture2d_half,2048,2048,8192,12.6773,5.421
orin,1b,8da4w,cand,sarc_linear_dq8ca_coopmat_zpgtr_orin_bf_t128x128k64g24s32mk32ra_texture3d_texture2d_half,2048,2048,2048,3.3984,5.055
orin,1b,8da4w,cand,sarc_linear_dq8ca_coopmat_zpgtr_orin_bf_t128x128k64g24s32mk32ra_texture3d_texture2d_half,2048,512,2048,0.8311,5.168
orin,1b,8da4w,cand,sarc_linear_dq8ca_coopmat_zpgtr_orin_bf_t128x128k64g24s32mk32ra_texture3d_texture2d_half,2048,512,2048,0.8296,5.177
orin,1b,8da4w,cand,sarc_linear_dq8ca_coopmat_zpgtr_orin_bf_t128x128k64g24s32mk32ra_texture3d_texture2d_half,2048,2048,2048,3.4164,5.029
orin,1b,8da4w,cand,sarc_linear_dq8ca_coopmat_zpgtr_orin_bf_t128x128k64g24s32mk32ra_texture3d_texture2d_half,2048,8192,2048,13.5614,5.067
orin,1b,8da4w,cand,sarc_linear_dq8ca_coopmat_zpgtr_orin_bf_t128x128k64g24s32mk32ra_texture3d_texture2d_half,2048,8192,2048,13.6256,5.043
orin,1b,8da4w,cand,sarc_linear_dq8ca_coopmat_zpgtr_orin_bf_t128x128k64g24s32mk32ra_texture3d_texture2d_half,2048,2048,8192,12.7221,5.402
orin,1b,8da4w,cand,sarc_linear_dq8ca_coopmat_zpgtr_orin_bf_t128x128k64g24s32mk32ra_texture3d_texture2d_half,2048,2048,2048,3.4133,5.033
orin,1b,8da4w,cand,sarc_linear_dq8ca_coopmat_zpgtr_orin_bf_t128x128k64g24s32mk32ra_texture3d_texture2d_half,2048,512,2048,0.8327,5.158
orin,1b,8da4w,cand,sarc_linear_dq8ca_coopmat_zpgtr_orin_bf_t128x128k64g24s32mk32ra_texture3d_texture2d_half,2048,512,2048,0.833,5.156
orin,1b,8da4w,cand,sarc_linear_dq8ca_coopmat_zpgtr_orin_bf_t128x128k64g24s32mk32ra_texture3d_texture2d_half,2048,2048,2048,3.4254,5.015
orin,1b,8da4w,cand,sarc_linear_dq8ca_coopmat_zpgtr_orin_bf_t128x128k64g24s32mk32ra_texture3d_texture2d_half,2048,8192,2048,13.6261,5.043
orin,1b,8da4w,cand,sarc_linear_dq8ca_coopmat_zpgtr_orin_bf_t128x128k64g24s32mk32ra_texture3d_texture2d_half,2048,8192,2048,13.5902,5.057
orin,1b,8da4w,cand,sarc_linear_dq8ca_coopmat_zpgtr_orin_bf_t128x128k64g24s32mk32ra_texture3d_texture2d_half,2048,2048,8192,12.6933,5.414
orin,1b,8da4w,cand,sarc_linear_dq8ca_coopmat_zpgtr_orin_bf_t128x128k64g24s32mk32ra_texture3d_texture2d_half,2048,2048,2048,3.431,5.007
orin,1b,8da4w,cand,sarc_linear_dq8ca_coopmat_zpgtr_orin_bf_t128x128k64g24s32mk32ra_texture3d_texture2d_half,2048,512,2048,0.835,5.144
orin,1b,8da4w,cand,sarc_linear_dq8ca_coopmat_zpgtr_orin_bf_t128x128k64g24s32mk32ra_texture3d_texture2d_half,2048,512,2048,0.8333,5.154
orin,1b,8da4w,cand,sarc_linear_dq8ca_coopmat_zpgtr_orin_bf_t128x128k64g24s32mk32ra_texture3d_texture2d_half,2048,2048,2048,3.4217,5.021
orin,1b,8da4w,cand,sarc_linear_dq8ca_coopmat_zpgtr_orin_bf_t128x128k64g24s32mk32ra_texture3d_texture2d_half,2048,8192,2048,13.614,5.048
orin,1b,8da4w,cand,sarc_linear_dq8ca_coopmat_zpgtr_orin_bf_t128x128k64g24s32mk32ra_texture3d_texture2d_half,2048,8192,2048,13.5877,5.057
orin,1b,8da4w,cand,sarc_linear_dq8ca_coopmat_zpgtr_orin_bf_t128x128k64g24s32mk32ra_texture3d_texture2d_half,2048,2048,8192,12.6692,5.424
orin,1b,8da4w,cand,sarc_linear_dq8ca_coopmat_zpgtr_orin_bf_t128x128k64g24s32mk32ra_texture3d_texture2d_half,2048,2048,2048,3.4066,5.043
orin,1b,8da4w,cand,sarc_linear_dq8ca_coopmat_zpgtr_orin_bf_t128x128k64g24s32mk32ra_texture3d_texture2d_half,2048,512,2048,0.8341,5.149
orin,1b,8da4w,cand,sarc_linear_dq8ca_coopmat_zpgtr_orin_bf_t128x128k64g24s32mk32ra_texture3d_texture2d_half,2048,512,2048,0.8347,5.146
orin,1b,8da4w,cand,sarc_linear_dq8ca_coopmat_zpgtr_orin_bf_t128x128k64g24s32mk32ra_texture3d_texture2d_half,2048,2048,2048,3.4017,5.05
orin,1b,8da4w,cand,sarc_linear_dq8ca_coopmat_zpgtr_orin_bf_t128x128k64g24s32mk32ra_texture3d_texture2d_half,2048,8192,2048,13.5445,5.074
orin,1b,8da4w,cand,sarc_linear_dq8ca_coopmat_zpgtr_orin_bf_t128x128k64g24s32mk32ra_texture3d_texture2d_half,2048,8192,2048,13.6273,5.043
orin,1b,8da4w,cand,sarc_linear_dq8ca_coopmat_zpgtr_orin_bf_t128x128k64g24s32mk32ra_texture3d_texture2d_half,2048,2048,8192,12.7015,5.41
orin,1b,8da4w,cand,sarc_linear_dq8ca_coopmat_zpgtr_orin_bf_t128x128k64g24s32mk32ra_texture3d_texture2d_half,2048,2048,2048,3.4201,5.023
orin,1b,8da4w,cand,sarc_linear_dq8ca_coopmat_zpgtr_orin_bf_t128x128k64g24s32mk32ra_texture3d_texture2d_half,2048,512,2048,0.8331,5.155
orin,1b,8da4w,cand,sarc_linear_dq8ca_coopmat_zpgtr_orin_bf_t128x128k64g24s32mk32ra_texture3d_texture2d_half,2048,512,2048,0.8337,5.152
orin,1b,8da4w,cand,sarc_linear_dq8ca_coopmat_zpgtr_orin_bf_t128x128k64g24s32mk32ra_texture3d_texture2d_half,2048,2048,2048,3.4222,5.02
orin,1b,8da4w,cand,sarc_linear_dq8ca_coopmat_zpgtr_orin_bf_t128x128k64g24s32mk32ra_texture3d_texture2d_half,2048,8192,2048,13.586,5.058
orin,1b,8da4w,cand,sarc_linear_dq8ca_coopmat_zpgtr_orin_bf_t128x128k64g24s32mk32ra_texture3d_texture2d_half,2048,8192,2048,13.5906,5.056
orin,1b,8da4w,cand,sarc_linear_dq8ca_coopmat_zpgtr_orin_bf_t128x128k64g24s32mk32ra_texture3d_texture2d_half,2048,2048,8192,12.7193,5.403
orin,1b,8da4w,cand,sarc_linear_dq8ca_coopmat_zpgtr_orin_bf_t128x128k64g24s32mk32ra_texture3d_texture2d_half,2048,2048,2048,3.4238,5.018
orin,1b,8da4w,cand,sarc_linear_dq8ca_coopmat_zpgtr_orin_bf_t128x128k64g24s32mk32ra_texture3d_texture2d_half,2048,512,2048,0.834,5.15
orin,1b,8da4w,cand,sarc_linear_dq8ca_coopmat_zpgtr_orin_bf_t128x128k64g24s32mk32ra_texture3d_texture2d_half,2048,512,2048,0.8344,5.147
orin,1b,8da4w,cand,sarc_linear_dq8ca_coopmat_zpgtr_orin_bf_t128x128k64g24s32mk32ra_texture3d_texture2d_half,2048,2048,2048,3.4212,5.022
orin,1b,8da4w,cand,sarc_linear_dq8ca_coopmat_zpgtr_orin_bf_t128x128k64g24s32mk32ra_texture3d_texture2d_half,2048,8192,2048,13.6076,5.05
orin,1b,8da4w,cand,sarc_linear_dq8ca_coopmat_zpgtr_orin_bf_t128x128k64g24s32mk32ra_texture3d_texture2d_half,2048,8192,2048,13.5912,5.056
orin,1b,8da4w,cand,sarc_linear_dq8ca_coopmat_zpgtr_orin_bf_t128x128k64g24s32mk32ra_texture3d_texture2d_half,2048,2048,8192,12.72,5.402
orin,1b,8da4w,cand,sarc_linear_dq8ca_coopmat_zpgtr_orin_bf_t128x128k64g24s32mk32ra_texture3d_texture2d_half,2048,2048,2048,3.4125,5.034
orin,1b,8da4w,cand,sarc_linear_dq8ca_coopmat_zpgtr_orin_bf_t128x128k64g24s32mk32ra_texture3d_texture2d_half,2048,512,2048,0.8328,5.157
orin,1b,8da4w,cand,sarc_linear_dq8ca_coopmat_zpgtr_orin_bf_t128x128k64g24s32mk32ra_texture3d_texture2d_half,2048,512,2048,0.8384,5.123
orin,1b,8da4w,cand,sarc_linear_dq8ca_coopmat_zpgtr_orin_bf_t128x128k64g24s32mk32ra_texture3d_texture2d_half,2048,2048,2048,3.4148,5.031
orin,1b,8da4w,cand,sarc_linear_dq8ca_coopmat_zpgtr_orin_bf_t128x128k64g24s32mk32ra_texture3d_texture2d_half,2048,8192,2048,13.5753,5.062
orin,1b,8da4w,cand,sarc_linear_dq8ca_coopmat_zpgtr_orin_bf_t128x128k64g24s32mk32ra_texture3d_texture2d_half,2048,8192,2048,13.5882,5.057
orin,1b,8da4w,cand,sarc_linear_dq8ca_coopmat_zpgtr_orin_bf_t128x128k64g24s32mk32ra_texture3d_texture2d_half,2048,2048,8192,12.6405,5.436
orin,1b,8da4w,cand,sarc_linear_dq8ca_coopmat_zpgtr_orin_bf_t128x128k64g24s32mk32ra_texture3d_texture2d_half,2048,2048,2048,3.406,5.044
orin,1b,8da4w,cand,sarc_linear_dq8ca_coopmat_zpgtr_orin_bf_t128x128k64g24s32mk32ra_texture3d_texture2d_half,2048,512,2048,0.8308,5.17
orin,1b,8da4w,cand,sarc_linear_dq8ca_coopmat_zpgtr_orin_bf_t128x128k64g24s32mk32ra_texture3d_texture2d_half,2048,512,2048,0.8306,5.171
orin,1b,8da4w,cand,sarc_linear_dq8ca_coopmat_zpgtr_orin_bf_t128x128k64g24s32mk32ra_texture3d_texture2d_half,2048,2048,2048,3.4147,5.031
orin,1b,8da4w,cand,sarc_linear_dq8ca_coopmat_zpgtr_orin_bf_t128x128k64g24s32mk32ra_texture3d_texture2d_half,2048,8192,2048,13.5698,5.064
orin,1b,8da4w,cand,sarc_linear_dq8ca_coopmat_zpgtr_orin_bf_t128x128k64g24s32mk32ra_texture3d_texture2d_half,2048,8192,2048,13.5773,5.061
orin,1b,8da4w,cand,sarc_linear_dq8ca_coopmat_zpgtr_orin_bf_t128x128k64g24s32mk32ra_texture3d_texture2d_half,2048,2048,8192,12.7275,5.399
orin,1b,8da4w,cand,sarc_linear_dq8ca_coopmat_zpgtr_orin_bf_t128x128k64g24s32mk32ra_texture3d_texture2d_half,2048,2048,2048,3.4175,5.027
orin,1b,8da4w,cand,sarc_linear_dq8ca_coopmat_zpgtr_orin_bf_t128x128k64g24s32mk32ra_texture3d_texture2d_half,2048,512,2048,0.8356,5.14
orin,1b,8da4w,cand,sarc_linear_dq8ca_coopmat_zpgtr_orin_bf_t128x128k64g24s32mk32ra_texture3d_texture2d_half,2048,512,2048,0.8327,5.158
orin,1b,8da4w,cand,sarc_linear_dq8ca_coopmat_zpgtr_orin_bf_t128x128k64g24s32mk32ra_texture3d_texture2d_half,2048,2048,2048,3.4214,5.021
orin,1b,8da4w,cand,sarc_linear_dq8ca_coopmat_zpgtr_orin_bf_t128x128k64g24s32mk32ra_texture3d_texture2d_half,2048,8192,2048,13.6077,5.05
orin,1b,8da4w,cand,sarc_linear_dq8ca_coopmat_zpgtr_orin_bf_t128x128k64g24s32mk32ra_texture3d_texture2d_half,2048,8192,2048,13.5865,5.058
orin,1b,8da4w,cand,sarc_linear_dq8ca_coopmat_zpgtr_orin_bf_t128x128k64g24s32mk32ra_texture3d_texture2d_half,2048,2048,8192,12.7106,5.406
orin,1b,8da4w,cand,sarc_linear_dq8ca_coopmat_zpgtr_orin_bf_t128x128k64g24s32mk32ra_texture3d_texture2d_half,2048,2048,2048,3.4215,5.021
orin,1b,8da4w,cand,sarc_linear_dq8ca_coopmat_zpgtr_orin_bf_t128x128k64g24s32mk32ra_texture3d_texture2d_half,2048,512,2048,0.8332,5.155
orin,1b,8da4w,cand,sarc_linear_dq8ca_coopmat_zpgtr_orin_bf_t128x128k64g24s32mk32ra_texture3d_texture2d_half,2048,512,2048,0.835,5.143
orin,1b,8da4w,cand,sarc_linear_dq8ca_coopmat_zpgtr_orin_bf_t128x128k64g24s32mk32ra_texture3d_texture2d_half,2048,2048,2048,3.4375,4.998
orin,1b,8da4w,cand,sarc_linear_dq8ca_coopmat_zpgtr_orin_bf_t128x128k64g24s32mk32ra_texture3d_texture2d_half,2048,8192,2048,13.6005,5.053
orin,1b,8da4w,cand,sarc_linear_dq8ca_coopmat_zpgtr_orin_bf_t128x128k64g24s32mk32ra_texture3d_texture2d_half,2048,8192,2048,13.6135,5.048
orin,1b,8da4w,cand,sarc_linear_dq8ca_coopmat_zpgtr_orin_bf_t128x128k64g24s32mk32ra_texture3d_texture2d_half,2048,2048,8192,12.6742,5.422
orin,1b,8da4w,cand,sarc_linear_dq8ca_coopmat_zpgtr_orin_bf_t128x128k64g24s32mk32ra_texture3d_texture2d_half,2048,2048,2048,3.4206,5.023
orin,1b,8da4w,cand,sarc_linear_dq8ca_coopmat_zpgtr_orin_bf_t128x128k64g24s32mk32ra_texture3d_texture2d_half,2048,512,2048,0.8346,5.146
orin,1b,8da4w,cand,sarc_linear_dq8ca_coopmat_zpgtr_orin_bf_t128x128k64g24s32mk32ra_texture3d_texture2d_half,2048,512,2048,0.8362,5.137
orin,1b,8da4w,cand,sarc_linear_dq8ca_coopmat_zpgtr_orin_bf_t128x128k64g24s32mk32ra_texture3d_texture2d_half,2048,2048,2048,3.4239,5.018
orin,1b,8da4w,cand,sarc_linear_dq8ca_coopmat_zpgtr_orin_bf_t128x128k64g24s32mk32ra_texture3d_texture2d_half,2048,8192,2048,13.6123,5.048
orin,1b,8da4w,cand,sarc_linear_dq8ca_coopmat_zpgtr_orin_bf_t128x128k64g24s32mk32ra_texture3d_texture2d_half,2048,8192,2048,13.5986,5.053
orin,1b,8da4w,cand,sarc_linear_dq8ca_coopmat_zpgtr_orin_bf_t128x128k64g24s32mk32ra_texture3d_texture2d_half,2048,2048,8192,12.7058,5.409
orin,1b,8da4w,cand,sarc_linear_dq8ca_coopmat_zpgtr_orin_bf_t128x128k64g24s32mk32ra_texture3d_texture2d_half,2048,2048,2048,3.419,5.025
orin,1b,8da4w,cand,sarc_linear_dq8ca_coopmat_zpgtr_orin_bf_t128x128k64g24s32mk32ra_texture3d_texture2d_half,2048,512,2048,0.8332,5.155
orin,1b,8da4w,cand,sarc_linear_dq8ca_coopmat_zpgtr_orin_bf_t128x128k64g24s32mk32ra_texture3d_texture2d_half,2048,512,2048,0.8336,5.152
orin,1b,8da4w,cand,sarc_linear_dq8ca_coopmat_zpgtr_orin_bf_t128x128k64g24s32mk32ra_texture3d_texture2d_half,2048,2048,2048,3.4306,5.008
orin,1b,8da4w,cand,sarc_linear_dq8ca_coopmat_zpgtr_orin_bf_t128x128k64g24s32mk32ra_texture3d_texture2d_half,2048,8192,2048,13.5746,5.062
orin,1b,8da4w,cand,sarc_linear_dq8ca_coopmat_zpgtr_orin_bf_t128x128k64g24s32mk32ra_texture3d_texture2d_half,2048,8192,2048,13.6004,5.053
orin,1b,8da4w,cand,sarc_linear_dq8ca_coopmat_zpgtr_orin_bf_t128x128k64g24s32mk32ra_texture3d_texture2d_half,2048,2048,8192,12.7165,5.404
orin,1b,8da4w,cand,sarc_linear_dq8ca_coopmat_zpgtr_orin_bf_t128x128k64g24s32mk32ra_texture3d_texture2d_half,2048,2048,2048,3.413,5.034
orin,1b,8da4w,cand,sarc_linear_dq8ca_coopmat_zpgtr_orin_bf_t128x128k64g24s32mk32ra_texture3d_texture2d_half,2048,512,2048,0.8343,5.148
orin,1b,8da4w,cand,sarc_linear_dq8ca_coopmat_zpgtr_orin_bf_t128x128k64g24s32mk32ra_texture3d_texture2d_half,2048,512,2048,0.8325,5.159
orin,1b,8da4w,cand,sarc_linear_dq8ca_coopmat_zpgtr_orin_bf_t128x128k64g24s32mk32ra_texture3d_texture2d_half,2048,2048,2048,3.4232,5.019
orin,1b,8da4w,cand,sarc_linear_dq8ca_coopmat_zpgtr_orin_bf_t128x128k64g24s32mk32ra_texture3d_texture2d_half,2048,8192,2048,13.6163,5.047
orin,1b,8da4w,cand,sarc_linear_dq8ca_coopmat_zpgtr_orin_bf_t128x128k64g24s32mk32ra_texture3d_texture2d_half,2048,8192,2048,13.5993,5.053
orin,1b,8da4w,cand,sarc_linear_dq8ca_coopmat_zpgtr_orin_bf_t128x128k64g24s32mk32ra_texture3d_texture2d_half,2048,2048,8192,12.6783,5.42
orin,1b,8da4w,cand,sarc_linear_dq8ca_coopmat_zpgtr_orin_bf_t128x128k64g24s32mk32ra_texture3d_texture2d_half,2048,2048,2048,3.4089,5.04
orin,1b,8da4w,cand,sarc_linear_dq8ca_coopmat_zpgtr_orin_bf_t128x128k64g24s32mk32ra_texture3d_texture2d_half,2048,512,2048,0.8342,5.149
orin,1b,8da4w,cand,sarc_linear_dq8ca_coopmat_zpgtr_orin_bf_t128x128k64g24s32mk32ra_texture3d_texture2d_half,2048,512,2048,0.8329,5.157
orin,1b,8da4w,cand,sarc_linear_dq8ca_coopmat_zpgtr_orin_bf_t128x128k64g24s32mk32ra_texture3d_texture2d_half,2048,2048,2048,3.4139,5.032
orin,1b,8da4w,cand,sarc_linear_dq8ca_coopmat_zpgtr_orin_bf_t128x128k64g24s32mk32ra_texture3d_texture2d_half,2048,8192,2048,13.5894,5.057
orin,1b,8da4w,cand,sarc_linear_dq8ca_coopmat_zpgtr_orin_bf_t128x128k64g24s32mk32ra_texture3d_texture2d_half,2048,8192,2048,13.5475,5.072
orin,1b,8da4w,cand,sarc_linear_dq8ca_coopmat_zpgtr_orin_bf_t128x128k64g24s32mk32ra_texture3d_texture2d_half,2048,2048,8192,12.6927,5.414
orin,1b,8da4w,parent,sarc_linear_dq8ca_coopmat_zpgtr_orin_bf_t128x128k64g24s32mk32ra_texture3d_texture2d_half,2048,2048,2048,3.4318,5.006
orin,1b,8da4w,parent,sarc_linear_dq8ca_coopmat_zpgtr_orin_bf_t128x128k64g24s32mk32ra_texture3d_texture2d_half,2048,512,2048,0.8405,5.11
orin,1b,8da4w,parent,sarc_linear_dq8ca_coopmat_zpgtr_orin_bf_t128x128k64g24s32mk32ra_texture3d_texture2d_half,2048,512,2048,0.8334,5.153
orin,1b,8da4w,parent,sarc_linear_dq8ca_coopmat_zpgtr_orin_bf_t128x128k64g24s32mk32ra_texture3d_texture2d_half,2048,2048,2048,3.4027,5.049
orin,1b,8da4w,parent,sarc_linear_dq8ca_coopmat_zpgtr_orin_bf_t128x128k64g24s32mk32ra_texture3d_texture2d_half,2048,8192,2048,13.8013,4.979
orin,1b,8da4w,parent,sarc_linear_dq8ca_coopmat_zpgtr_orin_bf_t128x128k64g24s32mk32ra_texture3d_texture2d_half,2048,8192,2048,13.5677,5.065
orin,1b,8da4w,parent,sarc_linear_dq8ca_coopmat_zpgtr_orin_bf_t128x128k64g24s32mk32ra_texture3d_texture2d_half,2048,2048,8192,12.6906,5.415
orin,1b,8da4w,parent,sarc_linear_dq8ca_coopmat_zpgtr_orin_bf_t128x128k64g24s32mk32ra_texture3d_texture2d_half,2048,2048,2048,3.4168,5.028
orin,1b,8da4w,parent,sarc_linear_dq8ca_coopmat_zpgtr_orin_bf_t128x128k64g24s32mk32ra_texture3d_texture2d_half,2048,512,2048,0.8399,5.114
orin,1b,8da4w,parent,sarc_linear_dq8ca_coopmat_zpgtr_orin_bf_t128x128k64g24s32mk32ra_texture3d_texture2d_half,2048,512,2048,0.8378,5.127
orin,1b,8da4w,parent,sarc_linear_dq8ca_coopmat_zpgtr_orin_bf_t128x128k64g24s32mk32ra_texture3d_texture2d_half,2048,2048,2048,3.4239,5.018
orin,1b,8da4w,parent,sarc_linear_dq8ca_coopmat_zpgtr_orin_bf_t128x128k64g24s32mk32ra_texture3d_texture2d_half,2048,8192,2048,13.8676,4.955
orin,1b,8da4w,parent,sarc_linear_dq8ca_coopmat_zpgtr_orin_bf_t128x128k64g24s32mk32ra_texture3d_texture2d_half,2048,8192,2048,13.603,5.052
orin,1b,8da4w,parent,sarc_linear_dq8ca_coopmat_zpgtr_orin_bf_t128x128k64g24s32mk32ra_texture3d_texture2d_half,2048,2048,8192,12.7039,5.409
orin,1b,8da4w,parent,sarc_linear_dq8ca_coopmat_zpgtr_orin_bf_t128x128k64g24s32mk32ra_texture3d_texture2d_half,2048,2048,2048,3.4016,5.051
orin,1b,8da4w,parent,sarc_linear_dq8ca_coopmat_zpgtr_orin_bf_t128x128k64g24s32mk32ra_texture3d_texture2d_half,2048,512,2048,0.8396,5.115
orin,1b,8da4w,parent,sarc_linear_dq8ca_coopmat_zpgtr_orin_bf_t128x128k64g24s32mk32ra_texture3d_texture2d_half,2048,512,2048,0.8375,5.128
orin,1b,8da4w,parent,sarc_linear_dq8ca_coopmat_zpgtr_orin_bf_t128x128k64g24s32mk32ra_texture3d_texture2d_half,2048,2048,2048,3.413,5.034
orin,1b,8da4w,parent,sarc_linear_dq8ca_coopmat_zpgtr_orin_bf_t128x128k64g24s32mk32ra_texture3d_texture2d_half,2048,8192,2048,13.8807,4.951
orin,1b,8da4w,parent,sarc_linear_dq8ca_coopmat_zpgtr_orin_bf_t128x128k64g24s32mk32ra_texture3d_texture2d_half,2048,8192,2048,13.5912,5.056
orin,1b,8da4w,parent,sarc_linear_dq8ca_coopmat_zpgtr_orin_bf_t128x128k64g24s32mk32ra_texture3d_texture2d_half,2048,2048,8192,12.6908,5.415
orin,1b,8da4w,parent,sarc_linear_dq8ca_coopmat_zpgtr_orin_bf_t128x128k64g24s32mk32ra_texture3d_texture2d_half,2048,2048,2048,3.413,5.034
orin,1b,8da4w,parent,sarc_linear_dq8ca_coopmat_zpgtr_orin_bf_t128x128k64g24s32mk32ra_texture3d_texture2d_half,2048,512,2048,0.8379,5.126
orin,1b,8da4w,parent,sarc_linear_dq8ca_coopmat_zpgtr_orin_bf_t128x128k64g24s32mk32ra_texture3d_texture2d_half,2048,512,2048,0.8375,5.128
orin,1b,8da4w,parent,sarc_linear_dq8ca_coopmat_zpgtr_orin_bf_t128x128k64g24s32mk32ra_texture3d_texture2d_half,2048,2048,2048,3.4239,5.018
orin,1b,8da4w,parent,sarc_linear_dq8ca_coopmat_zpgtr_orin_bf_t128x128k64g24s32mk32ra_texture3d_texture2d_half,2048,8192,2048,13.85,4.962
orin,1b,8da4w,parent,sarc_linear_dq8ca_coopmat_zpgtr_orin_bf_t128x128k64g24s32mk32ra_texture3d_texture2d_half,2048,8192,2048,13.6004,5.053
orin,1b,8da4w,parent,sarc_linear_dq8ca_coopmat_zpgtr_orin_bf_t128x128k64g24s32mk32ra_texture3d_texture2d_half,2048,2048,8192,12.6986,5.412
orin,1b,8da4w,parent,sarc_linear_dq8ca_coopmat_zpgtr_orin_bf_t128x128k64g24s32mk32ra_texture3d_texture2d_half,2048,2048,2048,3.4164,5.029
orin,1b,8da4w,parent,sarc_linear_dq8ca_coopmat_zpgtr_orin_bf_t128x128k64g24s32mk32ra_texture3d_texture2d_half,2048,512,2048,0.8372,5.13
orin,1b,8da4w,parent,sarc_linear_dq8ca_coopmat_zpgtr_orin_bf_t128x128k64g24s32mk32ra_texture3d_texture2d_half,2048,512,2048,0.848,5.065
orin,1b,8da4w,parent,sarc_linear_dq8ca_coopmat_zpgtr_orin_bf_t128x128k64g24s32mk32ra_texture3d_texture2d_half,2048,2048,2048,3.4196,5.024
orin,1b,8da4w,parent,sarc_linear_dq8ca_coopmat_zpgtr_orin_bf_t128x128k64g24s32mk32ra_texture3d_texture2d_half,2048,8192,2048,13.8785,4.951
orin,1b,8da4w,parent,sarc_linear_dq8ca_coopmat_zpgtr_orin_bf_t128x128k64g24s32mk32ra_texture3d_texture2d_half,2048,8192,2048,13.6039,5.051
orin,1b,8da4w,parent,sarc_linear_dq8ca_coopmat_zpgtr_orin_bf_t128x128k64g24s32mk32ra_texture3d_texture2d_half,2048,2048,8192,12.6958,5.413
orin,1b,8da4w,parent,sarc_linear_dq8ca_coopmat_zpgtr_orin_bf_t128x128k64g24s32mk32ra_texture3d_texture2d_half,2048,2048,2048,3.4187,5.025
orin,1b,8da4w,parent,sarc_linear_dq8ca_coopmat_zpgtr_orin_bf_t128x128k64g24s32mk32ra_texture3d_texture2d_half,2048,512,2048,0.8396,5.115
orin,1b,8da4w,parent,sarc_linear_dq8ca_coopmat_zpgtr_orin_bf_t128x128k64g24s32mk32ra_texture3d_texture2d_half,2048,512,2048,0.8387,5.121
orin,1b,8da4w,parent,sarc_linear_dq8ca_coopmat_zpgtr_orin_bf_t128x128k64g24s32mk32ra_texture3d_texture2d_half,2048,2048,2048,3.4043,5.046
orin,1b,8da4w,parent,sarc_linear_dq8ca_coopmat_zpgtr_orin_bf_t128x128k64g24s32mk32ra_texture3d_texture2d_half,2048,8192,2048,13.8298,4.969
orin,1b,8da4w,parent,sarc_linear_dq8ca_coopmat_zpgtr_orin_bf_t128x128k64g24s32mk32ra_texture3d_texture2d_half,2048,8192,2048,13.5851,5.058
orin,1b,8da4w,parent,sarc_linear_dq8ca_coopmat_zpgtr_orin_bf_t128x128k64g24s32mk32ra_texture3d_texture2d_half,2048,2048,8192,12.6837,5.418
orin,1b,8da4w,parent,sarc_linear_dq8ca_coopmat_zpgtr_orin_bf_t128x128k64g24s32mk32ra_texture3d_texture2d_half,2048,2048,2048,3.4107,5.037
orin,1b,8da4w,parent,sarc_linear_dq8ca_coopmat_zpgtr_orin_bf_t128x128k64g24s32mk32ra_texture3d_texture2d_half,2048,512,2048,0.8404,5.111
orin,1b,8da4w,parent,sarc_linear_dq8ca_coopmat_zpgtr_orin_bf_t128x128k64g24s32mk32ra_texture3d_texture2d_half,2048,512,2048,0.836,5.137
orin,1b,8da4w,parent,sarc_linear_dq8ca_coopmat_zpgtr_orin_bf_t128x128k64g24s32mk32ra_texture3d_texture2d_half,2048,2048,2048,3.3926,5.064
orin,1b,8da4w,parent,sarc_linear_dq8ca_coopmat_zpgtr_orin_bf_t128x128k64g24s32mk32ra_texture3d_texture2d_half,2048,8192,2048,13.7946,4.982
orin,1b,8da4w,parent,sarc_linear_dq8ca_coopmat_zpgtr_orin_bf_t128x128k64g24s32mk32ra_texture3d_texture2d_half,2048,8192,2048,13.525,5.081
orin,1b,8da4w,parent,sarc_linear_dq8ca_coopmat_zpgtr_orin_bf_t128x128k64g24s32mk32ra_texture3d_texture2d_half,2048,2048,8192,12.6684,5.425
orin,1b,8da4w,parent,sarc_linear_dq8ca_coopmat_zpgtr_orin_bf_t128x128k64g24s32mk32ra_texture3d_texture2d_half,2048,2048,2048,3.4141,5.032
orin,1b,8da4w,parent,sarc_linear_dq8ca_coopmat_zpgtr_orin_bf_t128x128k64g24s32mk32ra_texture3d_texture2d_half,2048,512,2048,0.8364,5.135
orin,1b,8da4w,parent,sarc_linear_dq8ca_coopmat_zpgtr_orin_bf_t128x128k64g24s32mk32ra_texture3d_texture2d_half,2048,512,2048,0.8444,5.086
orin,1b,8da4w,parent,sarc_linear_dq8ca_coopmat_zpgtr_orin_bf_t128x128k64g24s32mk32ra_texture3d_texture2d_half,2048,2048,2048,3.4099,5.038
orin,1b,8da4w,parent,sarc_linear_dq8ca_coopmat_zpgtr_orin_bf_t128x128k64g24s32mk32ra_texture3d_texture2d_half,2048,8192,2048,13.8648,4.956
orin,1b,8da4w,parent,sarc_linear_dq8ca_coopmat_zpgtr_orin_bf_t128x128k64g24s32mk32ra_texture3d_texture2d_half,2048,8192,2048,13.6073,5.05
orin,1b,8da4w,parent,sarc_linear_dq8ca_coopmat_zpgtr_orin_bf_t128x128k64g24s32mk32ra_texture3d_texture2d_half,2048,2048,8192,12.6588,5.429
orin,1b,8da4w,parent,sarc_linear_dq8ca_coopmat_zpgtr_orin_bf_t128x128k64g24s32mk32ra_texture3d_texture2d_half,2048,2048,2048,3.4221,5.02
orin,1b,8da4w,parent,sarc_linear_dq8ca_coopmat_zpgtr_orin_bf_t128x128k64g24s32mk32ra_texture3d_texture2d_half,2048,512,2048,0.835,5.144
orin,1b,8da4w,parent,sarc_linear_dq8ca_coopmat_zpgtr_orin_bf_t128x128k64g24s32mk32ra_texture3d_texture2d_half,2048,512,2048,0.8333,5.154
orin,1b,8da4w,parent,sarc_linear_dq8ca_coopmat_zpgtr_orin_bf_t128x128k64g24s32mk32ra_texture3d_texture2d_half,2048,2048,2048,3.4212,5.022
orin,1b,8da4w,parent,sarc_linear_dq8ca_coopmat_zpgtr_orin_bf_t128x128k64g24s32mk32ra_texture3d_texture2d_half,2048,8192,2048,13.8905,4.947
orin,1b,8da4w,parent,sarc_linear_dq8ca_coopmat_zpgtr_orin_bf_t128x128k64g24s32mk32ra_texture3d_texture2d_half,2048,8192,2048,13.5839,5.059
orin,1b,8da4w,parent,sarc_linear_dq8ca_coopmat_zpgtr_orin_bf_t128x128k64g24s32mk32ra_texture3d_texture2d_half,2048,2048,8192,12.6993,5.411
orin,1b,8da4w,parent,sarc_linear_dq8ca_coopmat_zpgtr_orin_bf_t128x128k64g24s32mk32ra_texture3d_texture2d_half,2048,2048,2048,3.4164,5.029
orin,1b,8da4w,parent,sarc_linear_dq8ca_coopmat_zpgtr_orin_bf_t128x128k64g24s32mk32ra_texture3d_texture2d_half,2048,512,2048,0.8379,5.126
orin,1b,8da4w,parent,sarc_linear_dq8ca_coopmat_zpgtr_orin_bf_t128x128k64g24s32mk32ra_texture3d_texture2d_half,2048,512,2048,0.836,5.138
orin,1b,8da4w,parent,sarc_linear_dq8ca_coopmat_zpgtr_orin_bf_t128x128k64g24s32mk32ra_texture3d_texture2d_half,2048,2048,2048,3.4252,5.016
orin,1b,8da4w,parent,sarc_linear_dq8ca_coopmat_zpgtr_orin_bf_t128x128k64g24s32mk32ra_texture3d_texture2d_half,2048,8192,2048,13.8921,4.947
orin,1b,8da4w,parent,sarc_linear_dq8ca_coopmat_zpgtr_orin_bf_t128x128k64g24s32mk32ra_texture3d_texture2d_half,2048,8192,2048,13.5872,5.058
orin,1b,8da4w,parent,sarc_linear_dq8ca_coopmat_zpgtr_orin_bf_t128x128k64g24s32mk32ra_texture3d_texture2d_half,2048,2048,8192,12.6972,5.412
orin,1b,8da4w,parent,sarc_linear_dq8ca_coopmat_zpgtr_orin_bf_t128x128k64g24s32mk32ra_texture3d_texture2d_half,2048,2048,2048,3.4077,5.041
orin,1b,8da4w,parent,sarc_linear_dq8ca_coopmat_zpgtr_orin_bf_t128x128k64g24s32mk32ra_texture3d_texture2d_half,2048,512,2048,0.8373,5.13
orin,1b,8da4w,parent,sarc_linear_dq8ca_coopmat_zpgtr_orin_bf_t128x128k64g24s32mk32ra_texture3d_texture2d_half,2048,512,2048,0.8433,5.093
orin,1b,8da4w,parent,sarc_linear_dq8ca_coopmat_zpgtr_orin_bf_t128x128k64g24s32mk32ra_texture3d_texture2d_half,2048,2048,2048,3.406,5.044
orin,1b,8da4w,parent,sarc_linear_dq8ca_coopmat_zpgtr_orin_bf_t128x128k64g24s32mk32ra_texture3d_texture2d_half,2048,8192,2048,13.8685,4.955
orin,1b,8da4w,parent,sarc_linear_dq8ca_coopmat_zpgtr_orin_bf_t128x128k64g24s32mk32ra_texture3d_texture2d_half,2048,8192,2048,13.5888,5.057
orin,1b,8da4w,parent,sarc_linear_dq8ca_coopmat_zpgtr_orin_bf_t128x128k64g24s32mk32ra_texture3d_texture2d_half,2048,2048,8192,12.7028,5.41
orin,1b,8da4w,parent,sarc_linear_dq8ca_coopmat_zpgtr_orin_bf_t128x128k64g24s32mk32ra_texture3d_texture2d_half,2048,2048,2048,3.4164,5.029
orin,1b,8da4w,parent,sarc_linear_dq8ca_coopmat_zpgtr_orin_bf_t128x128k64g24s32mk32ra_texture3d_texture2d_half,2048,512,2048,0.8346,5.146
orin,1b,8da4w,parent,sarc_linear_dq8ca_coopmat_zpgtr_orin_bf_t128x128k64g24s32mk32ra_texture3d_texture2d_half,2048,512,2048,0.8359,5.138
orin,1b,8da4w,parent,sarc_linear_dq8ca_coopmat_zpgtr_orin_bf_t128x128k64g24s32mk32ra_texture3d_texture2d_half,2048,2048,2048,3.4093,5.039
orin,1b,8da4w,parent,sarc_linear_dq8ca_coopmat_zpgtr_orin_bf_t128x128k64g24s32mk32ra_texture3d_texture2d_half,2048,8192,2048,13.8785,4.951
orin,1b,8da4w,parent,sarc_linear_dq8ca_coopmat_zpgtr_orin_bf_t128x128k64g24s32mk32ra_texture3d_texture2d_half,2048,8192,2048,13.5862,5.058
orin,1b,8da4w,parent,sarc_linear_dq8ca_coopmat_zpgtr_orin_bf_t128x128k64g24s32mk32ra_texture3d_texture2d_half,2048,2048,8192,12.7092,5.407
orin,1b,8da4w,parent,sarc_linear_dq8ca_coopmat_zpgtr_orin_bf_t128x128k64g24s32mk32ra_texture3d_texture2d_half,2048,2048,2048,3.4169,5.028
orin,1b,8da4w,parent,sarc_linear_dq8ca_coopmat_zpgtr_orin_bf_t128x128k64g24s32mk32ra_texture3d_texture2d_half,2048,512,2048,0.8387,5.121
orin,1b,8da4w,parent,sarc_linear_dq8ca_coopmat_zpgtr_orin_bf_t128x128k64g24s32mk32ra_texture3d_texture2d_half,2048,512,2048,0.8366,5.134
orin,1b,8da4w,parent,sarc_linear_dq8ca_coopmat_zpgtr_orin_bf_t128x128k64g24s32mk32ra_texture3d_texture2d_half,2048,2048,2048,3.4094,5.039
orin,1b,8da4w,parent,sarc_linear_dq8ca_coopmat_zpgtr_orin_bf_t128x128k64g24s32mk32ra_texture3d_texture2d_half,2048,8192,2048,13.8464,4.963
orin,1b,8da4w,parent,sarc_linear_dq8ca_coopmat_zpgtr_orin_bf_t128x128k64g24s32mk32ra_texture3d_texture2d_half,2048,8192,2048,13.5186,5.083
orin,1b,8da4w,parent,sarc_linear_dq8ca_coopmat_zpgtr_orin_bf_t128x128k64g24s32mk32ra_texture3d_texture2d_half,2048,2048,8192,12.6204,5.445
orin,1b,8da4w,parent,sarc_linear_dq8ca_coopmat_zpgtr_orin_bf_t128x128k64g24s32mk32ra_texture3d_texture2d_half,2048,2048,2048,3.4089,5.04
orin,1b,8da4w,parent,sarc_linear_dq8ca_coopmat_zpgtr_orin_bf_t128x128k64g24s32mk32ra_texture3d_texture2d_half,2048,512,2048,0.8457,5.079
orin,1b,8da4w,parent,sarc_linear_dq8ca_coopmat_zpgtr_orin_bf_t128x128k64g24s32mk32ra_texture3d_texture2d_half,2048,512,2048,0.8365,5.134
orin,1b,8da4w,parent,sarc_linear_dq8ca_coopmat_zpgtr_orin_bf_t128x128k64g24s32mk32ra_texture3d_texture2d_half,2048,2048,2048,3.4151,5.031
orin,1b,8da4w,parent,sarc_linear_dq8ca_coopmat_zpgtr_orin_bf_t128x128k64g24s32mk32ra_texture3d_texture2d_half,2048,8192,2048,13.8426,4.964
orin,1b,8da4w,parent,sarc_linear_dq8ca_coopmat_zpgtr_orin_bf_t128x128k64g24s32mk32ra_texture3d_texture2d_half,2048,8192,2048,13.5938,5.055
orin,1b,8da4w,parent,sarc_linear_dq8ca_coopmat_zpgtr_orin_bf_t128x128k64g24s32mk32ra_texture3d_texture2d_half,2048,2048,8192,12.6626,5.427
orin,1b,8da4w,parent,sarc_linear_dq8ca_coopmat_zpgtr_orin_bf_t128x128k64g24s32mk32ra_texture3d_texture2d_half,2048,2048,2048,3.4254,5.015
orin,1b,8da4w,parent,sarc_linear_dq8ca_coopmat_zpgtr_orin_bf_t128x128k64g24s32mk32ra_texture3d_texture2d_half,2048,512,2048,0.8381,5.125
orin,1b,8da4w,parent,sarc_linear_dq8ca_coopmat_zpgtr_orin_bf_t128x128k64g24s32mk32ra_texture3d_texture2d_half,2048,512,2048,0.8335,5.153
orin,1b,8da4w,parent,sarc_linear_dq8ca_coopmat_zpgtr_orin_bf_t128x128k64g24s32mk32ra_texture3d_texture2d_half,2048,2048,2048,3.4064,5.043
orin,1b,8da4w,parent,sarc_linear_dq8ca_coopmat_zpgtr_orin_bf_t128x128k64g24s32mk32ra_texture3d_texture2d_half,2048,8192,2048,13.8546,4.96
orin,1b,8da4w,parent,sarc_linear_dq8ca_coopmat_zpgtr_orin_bf_t128x128k64g24s32mk32ra_texture3d_texture2d_half,2048,8192,2048,13.5678,5.065
orin,1b,8da4w,parent,sarc_linear_dq8ca_coopmat_zpgtr_orin_bf_t128x128k64g24s32mk32ra_texture3d_texture2d_half,2048,2048,8192,12.6809,5.419
orin,1b,8da4w,parent,sarc_linear_dq8ca_coopmat_zpgtr_orin_bf_t128x128k64g24s32mk32ra_texture3d_texture2d_half,2048,2048,2048,3.4166,5.028
orin,1b,8da4w,parent,sarc_linear_dq8ca_coopmat_zpgtr_orin_bf_t128x128k64g24s32mk32ra_texture3d_texture2d_half,2048,512,2048,0.8377,5.127
orin,1b,8da4w,parent,sarc_linear_dq8ca_coopmat_zpgtr_orin_bf_t128x128k64g24s32mk32ra_texture3d_texture2d_half,2048,512,2048,0.835,5.143
orin,1b,8da4w,parent,sarc_linear_dq8ca_coopmat_zpgtr_orin_bf_t128x128k64g24s32mk32ra_texture3d_texture2d_half,2048,2048,2048,3.4132,5.033
orin,1b,8da4w,parent,sarc_linear_dq8ca_coopmat_zpgtr_orin_bf_t128x128k64g24s32mk32ra_texture3d_texture2d_half,2048,8192,2048,13.8217,4.972
orin,1b,8da4w,parent,sarc_linear_dq8ca_coopmat_zpgtr_orin_bf_t128x128k64g24s32mk32ra_texture3d_texture2d_half,2048,8192,2048,13.5742,5.063
orin,1b,8da4w,parent,sarc_linear_dq8ca_coopmat_zpgtr_orin_bf_t128x128k64g24s32mk32ra_texture3d_texture2d_half,2048,2048,8192,12.6594,5.428
orin,3b,4w,cand,sarc_linear_q4gsw_coopmat_orin_t256x128k16g42s32bt_texture3d_texture2d_half,2048,3072,3072,6.3572,6.08
orin,3b,4w,cand,sarc_linear_q4gsw_coopmat_orin_t256x128k16g42s32bt_texture3d_texture2d_half,2048,1024,3072,2.1246,6.065
orin,3b,4w,cand,sarc_linear_q4gsw_coopmat_orin_t256x128k16g42s32bt_texture3d_texture2d_half,2048,1024,3072,2.1274,6.057
orin,3b,4w,cand,sarc_linear_q4gsw_coopmat_orin_t256x128k16g42s32bt_texture3d_texture2d_half,2048,3072,3072,6.3116,6.124
orin,3b,4w,cand,sarc_linear_q4gsw_coopmat_orin_t256x128k16g42s32bt_texture3d_texture2d_half,2048,8192,3072,16.7145,6.167
orin,3b,4w,cand,sarc_linear_q4gsw_coopmat_orin_t256x128k16g42s32bt_texture3d_texture2d_half,2048,8192,3072,16.6745,6.182
orin,3b,4w,cand,sarc_linear_q4gsw_coopmat_orin_t256x128k16g42s32bt_texture3d_texture2d_half,2048,3072,8192,16.1553,6.381
orin,3b,4w,cand,sarc_linear_q4gsw_coopmat_orin_t256x128k16g42s32bt_texture3d_texture2d_half,2048,3072,3072,6.2687,6.166
orin,3b,4w,cand,sarc_linear_q4gsw_coopmat_orin_t256x128k16g42s32bt_texture3d_texture2d_half,2048,1024,3072,2.1201,6.078
orin,3b,4w,cand,sarc_linear_q4gsw_coopmat_orin_t256x128k16g42s32bt_texture3d_texture2d_half,2048,1024,3072,2.1142,6.094
orin,3b,4w,cand,sarc_linear_q4gsw_coopmat_orin_t256x128k16g42s32bt_texture3d_texture2d_half,2048,3072,3072,6.2847,6.151
orin,3b,4w,cand,sarc_linear_q4gsw_coopmat_orin_t256x128k16g42s32bt_texture3d_texture2d_half,2048,8192,3072,16.6731,6.182
orin,3b,4w,cand,sarc_linear_q4gsw_coopmat_orin_t256x128k16g42s32bt_texture3d_texture2d_half,2048,8192,3072,16.7081,6.169
orin,3b,4w,cand,sarc_linear_q4gsw_coopmat_orin_t256x128k16g42s32bt_texture3d_texture2d_half,2048,3072,8192,16.204,6.361
orin,3b,4w,cand,sarc_linear_q4gsw_coopmat_orin_t256x128k16g42s32bt_texture3d_texture2d_half,2048,3072,3072,6.3058,6.13
orin,3b,4w,cand,sarc_linear_q4gsw_coopmat_orin_t256x128k16g42s32bt_texture3d_texture2d_half,2048,1024,3072,2.1281,6.055
orin,3b,4w,cand,sarc_linear_q4gsw_coopmat_orin_t256x128k16g42s32bt_texture3d_texture2d_half,2048,1024,3072,2.1298,6.05
orin,3b,4w,cand,sarc_linear_q4gsw_coopmat_orin_t256x128k16g42s32bt_texture3d_texture2d_half,2048,3072,3072,6.3058,6.13
orin,3b,4w,cand,sarc_linear_q4gsw_coopmat_orin_t256x128k16g42s32bt_texture3d_texture2d_half,2048,8192,3072,16.7016,6.172
orin,3b,4w,cand,sarc_linear_q4gsw_coopmat_orin_t256x128k16g42s32bt_texture3d_texture2d_half,2048,8192,3072,16.7558,6.152
orin,3b,4w,cand,sarc_linear_q4gsw_coopmat_orin_t256x128k16g42s32bt_texture3d_texture2d_half,2048,3072,8192,16.179,6.371
orin,3b,4w,cand,sarc_linear_q4gsw_coopmat_orin_t256x128k16g42s32bt_texture3d_texture2d_half,2048,3072,3072,6.2994,6.136
orin,3b,4w,cand,sarc_linear_q4gsw_coopmat_orin_t256x128k16g42s32bt_texture3d_texture2d_half,2048,1024,3072,2.1278,6.056
orin,3b,4w,cand,sarc_linear_q4gsw_coopmat_orin_t256x128k16g42s32bt_texture3d_texture2d_half,2048,1024,3072,2.1235,6.068
orin,3b,4w,cand,sarc_linear_q4gsw_coopmat_orin_t256x128k16g42s32bt_texture3d_texture2d_half,2048,3072,3072,6.2993,6.136
orin,3b,4w,cand,sarc_linear_q4gsw_coopmat_orin_t256x128k16g42s32bt_texture3d_texture2d_half,2048,8192,3072,16.7176,6.166
orin,3b,4w,cand,sarc_linear_q4gsw_coopmat_orin_t256x128k16g42s32bt_texture3d_texture2d_half,2048,8192,3072,16.7126,6.168
orin,3b,4w,cand,sarc_linear_q4gsw_coopmat_orin_t256x128k16g42s32bt_texture3d_texture2d_half,2048,3072,8192,16.1971,6.364
orin,3b,4w,cand,sarc_linear_q4gsw_coopmat_orin_t256x128k16g42s32bt_texture3d_texture2d_half,2048,3072,3072,6.3113,6.125
orin,3b,4w,cand,sarc_linear_q4gsw_coopmat_orin_t256x128k16g42s32bt_texture3d_texture2d_half,2048,1024,3072,2.128,6.055
orin,3b,4w,cand,sarc_linear_q4gsw_coopmat_orin_t256x128k16g42s32bt_texture3d_texture2d_half,2048,1024,3072,2.1256,6.062
orin,3b,4w,cand,sarc_linear_q4gsw_coopmat_orin_t256x128k16g42s32bt_texture3d_texture2d_half,2048,3072,3072,6.3117,6.124
orin,3b,4w,cand,sarc_linear_q4gsw_coopmat_orin_t256x128k16g42s32bt_texture3d_texture2d_half,2048,8192,3072,16.6954,6.174
orin,3b,4w,cand,sarc_linear_q4gsw_coopmat_orin_t256x128k16g42s32bt_texture3d_texture2d_half,2048,8192,3072,16.7163,6.166
orin,3b,4w,cand,sarc_linear_q4gsw_coopmat_orin_t256x128k16g42s32bt_texture3d_texture2d_half,2048,3072,8192,16.1909,6.366
orin,3b,4w,cand,sarc_linear_q4gsw_coopmat_orin_t256x128k16g42s32bt_texture3d_texture2d_half,2048,3072,3072,6.3105,6.125
orin,3b,4w,cand,sarc_linear_q4gsw_coopmat_orin_t256x128k16g42s32bt_texture3d_texture2d_half,2048,1024,3072,2.1276,6.056
orin,3b,4w,cand,sarc_linear_q4gsw_coopmat_orin_t256x128k16g42s32bt_texture3d_texture2d_half,2048,1024,3072,2.1263,6.06
orin,3b,4w,cand,sarc_linear_q4gsw_coopmat_orin_t256x128k16g42s32bt_texture3d_texture2d_half,2048,3072,3072,6.3121,6.124
orin,3b,4w,cand,sarc_linear_q4gsw_coopmat_orin_t256x128k16g42s32bt_texture3d_texture2d_half,2048,8192,3072,16.6949,6.174
orin,3b,4w,cand,sarc_linear_q4gsw_coopmat_orin_t256x128k16g42s32bt_texture3d_texture2d_half,2048,8192,3072,16.7061,6.17
orin,3b,4w,cand,sarc_linear_q4gsw_coopmat_orin_t256x128k16g42s32bt_texture3d_texture2d_half,2048,3072,8192,16.2011,6.362
orin,3b,4w,cand,sarc_linear_q4gsw_coopmat_orin_t256x128k16g42s32bt_texture3d_texture2d_half,2048,3072,3072,6.2735,6.162
orin,3b,4w,cand,sarc_linear_q4gsw_coopmat_orin_t256x128k16g42s32bt_texture3d_texture2d_half,2048,1024,3072,2.1224,6.071
orin,3b,4w,cand,sarc_linear_q4gsw_coopmat_orin_t256x128k16g42s32bt_texture3d_texture2d_half,2048,1024,3072,2.1167,6.087
orin,3b,4w,cand,sarc_linear_q4gsw_coopmat_orin_t256x128k16g42s32bt_texture3d_texture2d_half,2048,3072,3072,6.2685,6.166
orin,3b,4w,cand,sarc_linear_q4gsw_coopmat_orin_t256x128k16g42s32bt_texture3d_texture2d_half,2048,8192,3072,16.6427,6.194
orin,3b,4w,cand,sarc_linear_q4gsw_coopmat_orin_t256x128k16g42s32bt_texture3d_texture2d_half,2048,8192,3072,16.7071,6.17
orin,3b,4w,cand,sarc_linear_q4gsw_coopmat_orin_t256x128k16g42s32bt_texture3d_texture2d_half,2048,3072,8192,16.1908,6.367
orin,3b,4w,cand,sarc_linear_q4gsw_coopmat_orin_t256x128k16g42s32bt_texture3d_texture2d_half,2048,3072,3072,6.3031,6.133
orin,3b,4w,cand,sarc_linear_q4gsw_coopmat_orin_t256x128k16g42s32bt_texture3d_texture2d_half,2048,1024,3072,2.1221,6.072
orin,3b,4w,cand,sarc_linear_q4gsw_coopmat_orin_t256x128k16g42s32bt_texture3d_texture2d_half,2048,1024,3072,2.1264,6.059
orin,3b,4w,cand,sarc_linear_q4gsw_coopmat_orin_t256x128k16g42s32bt_texture3d_texture2d_half,2048,3072,3072,6.3041,6.132
orin,3b,4w,cand,sarc_linear_q4gsw_coopmat_orin_t256x128k16g42s32bt_texture3d_texture2d_half,2048,8192,3072,16.691,6.176
orin,3b,4w,cand,sarc_linear_q4gsw_coopmat_orin_t256x128k16g42s32bt_texture3d_texture2d_half,2048,8192,3072,16.7095,6.169
orin,3b,4w,cand,sarc_linear_q4gsw_coopmat_orin_t256x128k16g42s32bt_texture3d_texture2d_half,2048,3072,8192,16.1892,6.367
orin,3b,4w,cand,sarc_linear_q4gsw_coopmat_orin_t256x128k16g42s32bt_texture3d_texture2d_half,2048,3072,3072,6.3023,6.133
orin,3b,4w,cand,sarc_linear_q4gsw_coopmat_orin_t256x128k16g42s32bt_texture3d_texture2d_half,2048,1024,3072,2.1287,6.053
orin,3b,4w,cand,sarc_linear_q4gsw_coopmat_orin_t256x128k16g42s32bt_texture3d_texture2d_half,2048,1024,3072,2.1226,6.07
orin,3b,4w,cand,sarc_linear_q4gsw_coopmat_orin_t256x128k16g42s32bt_texture3d_texture2d_half,2048,3072,3072,6.3052,6.131
orin,3b,4w,cand,sarc_linear_q4gsw_coopmat_orin_t256x128k16g42s32bt_texture3d_texture2d_half,2048,8192,3072,16.7142,6.167
orin,3b,4w,cand,sarc_linear_q4gsw_coopmat_orin_t256x128k16g42s32bt_texture3d_texture2d_half,2048,8192,3072,16.7051,6.171
orin,3b,4w,cand,sarc_linear_q4gsw_coopmat_orin_t256x128k16g42s32bt_texture3d_texture2d_half,2048,3072,8192,16.203,6.362
orin,3b,4w,cand,sarc_linear_q4gsw_coopmat_orin_t256x128k16g42s32bt_texture3d_texture2d_half,2048,3072,3072,6.3029,6.133
orin,3b,4w,cand,sarc_linear_q4gsw_coopmat_orin_t256x128k16g42s32bt_texture3d_texture2d_half,2048,1024,3072,2.1329,6.041
orin,3b,4w,cand,sarc_linear_q4gsw_coopmat_orin_t256x128k16g42s32bt_texture3d_texture2d_half,2048,1024,3072,2.1458,6.005
orin,3b,4w,cand,sarc_linear_q4gsw_coopmat_orin_t256x128k16g42s32bt_texture3d_texture2d_half,2048,3072,3072,6.2858,6.15
orin,3b,4w,cand,sarc_linear_q4gsw_coopmat_orin_t256x128k16g42s32bt_texture3d_texture2d_half,2048,8192,3072,16.7042,6.171
orin,3b,4w,cand,sarc_linear_q4gsw_coopmat_orin_t256x128k16g42s32bt_texture3d_texture2d_half,2048,8192,3072,16.6749,6.182
orin,3b,4w,cand,sarc_linear_q4gsw_coopmat_orin_t256x128k16g42s32bt_texture3d_texture2d_half,2048,3072,8192,16.1948,6.365
orin,3b,4w,cand,sarc_linear_q4gsw_coopmat_orin_t256x128k16g42s32bt_texture3d_texture2d_half,2048,3072,3072,6.3039,6.132
orin,3b,4w,cand,sarc_linear_q4gsw_coopmat_orin_t256x128k16g42s32bt_texture3d_texture2d_half,2048,1024,3072,2.1355,6.034
orin,3b,4w,cand,sarc_linear_q4gsw_coopmat_orin_t256x128k16g42s32bt_texture3d_texture2d_half,2048,1024,3072,2.1275,6.056
orin,3b,4w,cand,sarc_linear_q4gsw_coopmat_orin_t256x128k16g42s32bt_texture3d_texture2d_half,2048,3072,3072,6.3001,6.136
orin,3b,4w,cand,sarc_linear_q4gsw_coopmat_orin_t256x128k16g42s32bt_texture3d_texture2d_half,2048,8192,3072,16.716,6.166
orin,3b,4w,cand,sarc_linear_q4gsw_coopmat_orin_t256x128k16g42s32bt_texture3d_texture2d_half,2048,8192,3072,16.7133,6.167
orin,3b,4w,cand,sarc_linear_q4gsw_coopmat_orin_t256x128k16g42s32bt_texture3d_texture2d_half,2048,3072,8192,16.1873,6.368
orin,3b,4w,cand,sarc_linear_q4gsw_coopmat_orin_t256x128k16g42s32bt_texture3d_texture2d_half,2048,3072,3072,6.3253,6.111
orin,3b,4w,cand,sarc_linear_q4gsw_coopmat_orin_t256x128k16g42s32bt_texture3d_texture2d_half,2048,1024,3072,2.1302,6.049
orin,3b,4w,cand,sarc_linear_q4gsw_coopmat_orin_t256x128k16g42s32bt_texture3d_texture2d_half,2048,1024,3072,2.1287,6.053
orin,3b,4w,cand,sarc_linear_q4gsw_coopmat_orin_t256x128k16g42s32bt_texture3d_texture2d_half,2048,3072,3072,6.274,6.161
orin,3b,4w,cand,sarc_linear_q4gsw_coopmat_orin_t256x128k16g42s32bt_texture3d_texture2d_half,2048,8192,3072,16.6196,6.202
orin,3b,4w,cand,sarc_linear_q4gsw_coopmat_orin_t256x128k16g42s32bt_texture3d_texture2d_half,2048,8192,3072,16.7174,6.166
orin,3b,4w,cand,sarc_linear_q4gsw_coopmat_orin_t256x128k16g42s32bt_texture3d_texture2d_half,2048,3072,8192,16.1983,6.364
orin,3b,4w,cand,sarc_linear_q4gsw_coopmat_orin_t256x128k16g42s32bt_texture3d_texture2d_half,2048,3072,3072,6.2923,6.143
orin,3b,4w,cand,sarc_linear_q4gsw_coopmat_orin_t256x128k16g42s32bt_texture3d_texture2d_half,2048,1024,3072,2.1253,6.063
orin,3b,4w,cand,sarc_linear_q4gsw_coopmat_orin_t256x128k16g42s32bt_texture3d_texture2d_half,2048,1024,3072,2.1293,6.051
orin,3b,4w,cand,sarc_linear_q4gsw_coopmat_orin_t256x128k16g42s32bt_texture3d_texture2d_half,2048,3072,3072,6.3209,6.115
orin,3b,4w,cand,sarc_linear_q4gsw_coopmat_orin_t256x128k16g42s32bt_texture3d_texture2d_half,2048,8192,3072,16.7116,6.168
orin,3b,4w,cand,sarc_linear_q4gsw_coopmat_orin_t256x128k16g42s32bt_texture3d_texture2d_half,2048,8192,3072,16.7149,6.167
orin,3b,4w,cand,sarc_linear_q4gsw_coopmat_orin_t256x128k16g42s32bt_texture3d_texture2d_half,2048,3072,8192,16.1885,6.367
orin,3b,4w,cand,sarc_linear_q4gsw_coopmat_orin_t256x128k16g42s32bt_texture3d_texture2d_half,2048,3072,3072,6.3173,6.119
orin,3b,4w,cand,sarc_linear_q4gsw_coopmat_orin_t256x128k16g42s32bt_texture3d_texture2d_half,2048,1024,3072,2.1271,6.057
orin,3b,4w,cand,sarc_linear_q4gsw_coopmat_orin_t256x128k16g42s32bt_texture3d_texture2d_half,2048,1024,3072,2.1226,6.07
orin,3b,4w,cand,sarc_linear_q4gsw_coopmat_orin_t256x128k16g42s32bt_texture3d_texture2d_half,2048,3072,3072,6.3075,6.128
orin,3b,4w,cand,sarc_linear_q4gsw_coopmat_orin_t256x128k16g42s32bt_texture3d_texture2d_half,2048,8192,3072,16.7098,6.169
orin,3b,4w,cand,sarc_linear_q4gsw_coopmat_orin_t256x128k16g42s32bt_texture3d_texture2d_half,2048,8192,3072,16.7077,6.17
orin,3b,4w,cand,sarc_linear_q4gsw_coopmat_orin_t256x128k16g42s32bt_texture3d_texture2d_half,2048,3072,8192,16.2073,6.36
orin,3b,4w,cand,sarc_linear_q4gsw_coopmat_orin_t256x128k16g42s32bt_texture3d_texture2d_half,2048,3072,3072,6.3154,6.121
orin,3b,4w,cand,sarc_linear_q4gsw_coopmat_orin_t256x128k16g42s32bt_texture3d_texture2d_half,2048,1024,3072,2.1345,6.037
orin,3b,4w,cand,sarc_linear_q4gsw_coopmat_orin_t256x128k16g42s32bt_texture3d_texture2d_half,2048,1024,3072,2.1306,6.048
orin,3b,4w,cand,sarc_linear_q4gsw_coopmat_orin_t256x128k16g42s32bt_texture3d_texture2d_half,2048,3072,3072,6.2941,6.141
orin,3b,4w,cand,sarc_linear_q4gsw_coopmat_orin_t256x128k16g42s32bt_texture3d_texture2d_half,2048,8192,3072,16.7095,6.169
orin,3b,4w,cand,sarc_linear_q4gsw_coopmat_orin_t256x128k16g42s32bt_texture3d_texture2d_half,2048,8192,3072,16.7385,6.158
orin,3b,4w,cand,sarc_linear_q4gsw_coopmat_orin_t256x128k16g42s32bt_texture3d_texture2d_half,2048,3072,8192,16.1908,6.367
orin,3b,4w,cand,sarc_linear_q4gsw_coopmat_orin_t256x128k16g42s32bt_texture3d_texture2d_half,2048,3072,3072,6.307,6.129
orin,3b,4w,cand,sarc_linear_q4gsw_coopmat_orin_t256x128k16g42s32bt_texture3d_texture2d_half,2048,1024,3072,2.1278,6.056
orin,3b,4w,cand,sarc_linear_q4gsw_coopmat_orin_t256x128k16g42s32bt_texture3d_texture2d_half,2048,1024,3072,2.1278,6.056
orin,3b,4w,cand,sarc_linear_q4gsw_coopmat_orin_t256x128k16g42s32bt_texture3d_texture2d_half,2048,3072,3072,6.3102,6.126
orin,3b,4w,cand,sarc_linear_q4gsw_coopmat_orin_t256x128k16g42s32bt_texture3d_texture2d_half,2048,8192,3072,16.7132,6.168
orin,3b,4w,cand,sarc_linear_q4gsw_coopmat_orin_t256x128k16g42s32bt_texture3d_texture2d_half,2048,8192,3072,16.7119,6.168
orin,3b,4w,cand,sarc_linear_q4gsw_coopmat_orin_t256x128k16g42s32bt_texture3d_texture2d_half,2048,3072,8192,16.1947,6.365
orin,3b,4w,cand,sarc_linear_q4gsw_coopmat_orin_t256x128k16g42s32bt_texture3d_texture2d_half,2048,3072,3072,6.3051,6.131
orin,3b,4w,cand,sarc_linear_q4gsw_coopmat_orin_t256x128k16g42s32bt_texture3d_texture2d_half,2048,1024,3072,2.1296,6.05
orin,3b,4w,cand,sarc_linear_q4gsw_coopmat_orin_t256x128k16g42s32bt_texture3d_texture2d_half,2048,1024,3072,2.1296,6.05
orin,3b,4w,cand,sarc_linear_q4gsw_coopmat_orin_t256x128k16g42s32bt_texture3d_texture2d_half,2048,3072,3072,6.2675,6.167
orin,3b,4w,cand,sarc_linear_q4gsw_coopmat_orin_t256x128k16g42s32bt_texture3d_texture2d_half,2048,8192,3072,16.6188,6.203
orin,3b,4w,cand,sarc_linear_q4gsw_coopmat_orin_t256x128k16g42s32bt_texture3d_texture2d_half,2048,8192,3072,16.6772,6.181
orin,3b,4w,cand,sarc_linear_q4gsw_coopmat_orin_t256x128k16g42s32bt_texture3d_texture2d_half,2048,3072,8192,16.2002,6.363
orin,3b,4w,cand,sarc_linear_q4gsw_coopmat_orin_t256x128k16g42s32bt_texture3d_texture2d_half,2048,3072,3072,6.3063,6.13
orin,3b,4w,cand,sarc_linear_q4gsw_coopmat_orin_t256x128k16g42s32bt_texture3d_texture2d_half,2048,1024,3072,2.1197,6.079
orin,3b,4w,cand,sarc_linear_q4gsw_coopmat_orin_t256x128k16g42s32bt_texture3d_texture2d_half,2048,1024,3072,2.1278,6.056
orin,3b,4w,cand,sarc_linear_q4gsw_coopmat_orin_t256x128k16g42s32bt_texture3d_texture2d_half,2048,3072,3072,6.3108,6.125
orin,3b,4w,cand,sarc_linear_q4gsw_coopmat_orin_t256x128k16g42s32bt_texture3d_texture2d_half,2048,8192,3072,16.714,6.167
orin,3b,4w,cand,sarc_linear_q4gsw_coopmat_orin_t256x128k16g42s32bt_texture3d_texture2d_half,2048,8192,3072,16.7053,6.17
orin,3b,4w,cand,sarc_linear_q4gsw_coopmat_orin_t256x128k16g42s32bt_texture3d_texture2d_half,2048,3072,8192,16.2118,6.358
orin,3b,4w,cand,sarc_linear_q4gsw_coopmat_orin_t256x128k16g42s32bt_texture3d_texture2d_half,2048,3072,3072,6.3045,6.131
orin,3b,4w,cand,sarc_linear_q4gsw_coopmat_orin_t256x128k16g42s32bt_texture3d_texture2d_half,2048,1024,3072,2.127,6.058
orin,3b,4w,cand,sarc_linear_q4gsw_coopmat_orin_t256x128k16g42s32bt_texture3d_texture2d_half,2048,1024,3072,2.1269,6.058
orin,3b,4w,cand,sarc_linear_q4gsw_coopmat_orin_t256x128k16g42s32bt_texture3d_texture2d_half,2048,3072,3072,6.3109,6.125
orin,3b,4w,cand,sarc_linear_q4gsw_coopmat_orin_t256x128k16g42s32bt_texture3d_texture2d_half,2048,8192,3072,16.7075,6.17
orin,3b,4w,cand,sarc_linear_q4gsw_coopmat_orin_t256x128k16g42s32bt_texture3d_texture2d_half,2048,8192,3072,16.6877,6.177
orin,3b,4w,cand,sarc_linear_q4gsw_coopmat_orin_t256x128k16g42s32bt_texture3d_texture2d_half,2048,3072,8192,16.1557,6.38
orin,3b,4w,cand,sarc_linear_q4gsw_coopmat_orin_t256x128k16g42s32bt_texture3d_texture2d_half,2048,3072,3072,6.3117,6.124
orin,3b,4w,cand,sarc_linear_q4gsw_coopmat_orin_t256x128k16g42s32bt_texture3d_texture2d_half,2048,1024,3072,2.1311,6.046
orin,3b,4w,cand,sarc_linear_q4gsw_coopmat_orin_t256x128k16g42s32bt_texture3d_texture2d_half,2048,1024,3072,2.1293,6.051
orin,3b,4w,cand,sarc_linear_q4gsw_coopmat_orin_t256x128k16g42s32bt_texture3d_texture2d_half,2048,3072,3072,6.3064,6.129
orin,3b,4w,cand,sarc_linear_q4gsw_coopmat_orin_t256x128k16g42s32bt_texture3d_texture2d_half,2048,8192,3072,16.6981,6.173
orin,3b,4w,cand,sarc_linear_q4gsw_coopmat_orin_t256x128k16g42s32bt_texture3d_texture2d_half,2048,8192,3072,16.7125,6.168
orin,3b,4w,cand,sarc_linear_q4gsw_coopmat_orin_t256x128k16g42s32bt_texture3d_texture2d_half,2048,3072,8192,16.1772,6.372
orin,3b,4w,cand,sarc_linear_q4gsw_coopmat_orin_t256x128k16g42s32bt_texture3d_texture2d_half,2048,3072,3072,6.3059,6.13
orin,3b,4w,cand,sarc_linear_q4gsw_coopmat_orin_t256x128k16g42s32bt_texture3d_texture2d_half,2048,1024,3072,2.1301,6.049
orin,3b,4w,cand,sarc_linear_q4gsw_coopmat_orin_t256x128k16g42s32bt_texture3d_texture2d_half,2048,1024,3072,2.1278,6.056
orin,3b,4w,cand,sarc_linear_q4gsw_coopmat_orin_t256x128k16g42s32bt_texture3d_texture2d_half,2048,3072,3072,6.317,6.119
orin,3b,4w,cand,sarc_linear_q4gsw_coopmat_orin_t256x128k16g42s32bt_texture3d_texture2d_half,2048,8192,3072,16.6922,6.175
orin,3b,4w,cand,sarc_linear_q4gsw_coopmat_orin_t256x128k16g42s32bt_texture3d_texture2d_half,2048,8192,3072,16.7218,6.164
orin,3b,4w,cand,sarc_linear_q4gsw_coopmat_orin_t256x128k16g42s32bt_texture3d_texture2d_half,2048,3072,8192,16.1949,6.365
orin,3b,4w,cand,sarc_linear_q4gsw_coopmat_orin_t256x128k16g42s32bt_texture3d_texture2d_half,2048,3072,3072,6.3078,6.128
orin,3b,4w,cand,sarc_linear_q4gsw_coopmat_orin_t256x128k16g42s32bt_texture3d_texture2d_half,2048,1024,3072,2.1309,6.047
orin,3b,4w,cand,sarc_linear_q4gsw_coopmat_orin_t256x128k16g42s32bt_texture3d_texture2d_half,2048,1024,3072,2.1235,6.068
orin,3b,4w,cand,sarc_linear_q4gsw_coopmat_orin_t256x128k16g42s32bt_texture3d_texture2d_half,2048,3072,3072,6.2725,6.163
orin,3b,4w,cand,sarc_linear_q4gsw_coopmat_orin_t256x128k16g42s32bt_texture3d_texture2d_half,2048,8192,3072,16.6277,6.199
orin,3b,4w,cand,sarc_linear_q4gsw_coopmat_orin_t256x128k16g42s32bt_texture3d_texture2d_half,2048,8192,3072,16.6648,6.185
orin,3b,4w,cand,sarc_linear_q4gsw_coopmat_orin_t256x128k16g42s32bt_texture3d_texture2d_half,2048,3072,8192,16.1868,6.368
orin,3b,4w,cand,sarc_linear_q4gsw_coopmat_orin_t256x128k16g42s32bt_texture3d_texture2d_half,2048,3072,3072,6.308,6.128
orin,3b,4w,cand,sarc_linear_q4gsw_coopmat_orin_t256x128k16g42s32bt_texture3d_texture2d_half,2048,1024,3072,2.1301,6.049
orin,3b,4w,cand,sarc_linear_q4gsw_coopmat_orin_t256x128k16g42s32bt_texture3d_texture2d_half,2048,1024,3072,2.1238,6.067
orin,3b,4w,cand,sarc_linear_q4gsw_coopmat_orin_t256x128k16g42s32bt_texture3d_texture2d_half,2048,3072,3072,6.2956,6.14
orin,3b,4w,cand,sarc_linear_q4gsw_coopmat_orin_t256x128k16g42s32bt_texture3d_texture2d_half,2048,8192,3072,16.7014,6.172
orin,3b,4w,cand,sarc_linear_q4gsw_coopmat_orin_t256x128k16g42s32bt_texture3d_texture2d_half,2048,8192,3072,16.7062,6.17
orin,3b,4w,cand,sarc_linear_q4gsw_coopmat_orin_t256x128k16g42s32bt_texture3d_texture2d_half,2048,3072,8192,16.2,6.363
orin,3b,4w,cand,sarc_linear_q4gsw_coopmat_orin_t256x128k16g42s32bt_texture3d_texture2d_half,2048,3072,3072,6.3129,6.123
orin,3b,4w,cand,sarc_linear_q4gsw_coopmat_orin_t256x128k16g42s32bt_texture3d_texture2d_half,2048,1024,3072,2.1326,6.042
orin,3b,4w,cand,sarc_linear_q4gsw_coopmat_orin_t256x128k16g42s32bt_texture3d_texture2d_half,2048,1024,3072,2.1222,6.071
orin,3b,4w,cand,sarc_linear_q4gsw_coopmat_orin_t256x128k16g42s32bt_texture3d_texture2d_half,2048,3072,3072,6.303,6.133
orin,3b,4w,cand,sarc_linear_q4gsw_coopmat_orin_t256x128k16g42s32bt_texture3d_texture2d_half,2048,8192,3072,16.7063,6.17
orin,3b,4w,cand,sarc_linear_q4gsw_coopmat_orin_t256x128k16g42s32bt_texture3d_texture2d_half,2048,8192,3072,16.7132,6.168
orin,3b,4w,cand,sarc_linear_q4gsw_coopmat_orin_t256x128k16g42s32bt_texture3d_texture2d_half,2048,3072,8192,16.1924,6.366
orin,3b,4w,cand,sarc_linear_q4gsw_coopmat_orin_t256x128k16g42s32bt_texture3d_texture2d_half,2048,3072,3072,6.3104,6.126
orin,3b,4w,cand,sarc_linear_q4gsw_coopmat_orin_t256x128k16g42s32bt_texture3d_texture2d_half,2048,1024,3072,2.1322,6.043
orin,3b,4w,cand,sarc_linear_q4gsw_coopmat_orin_t256x128k16g42s32bt_texture3d_texture2d_half,2048,1024,3072,2.1244,6.065
orin,3b,4w,cand,sarc_linear_q4gsw_coopmat_orin_t256x128k16g42s32bt_texture3d_texture2d_half,2048,3072,3072,6.3222,6.114
orin,3b,4w,cand,sarc_linear_q4gsw_coopmat_orin_t256x128k16g42s32bt_texture3d_texture2d_half,2048,8192,3072,16.7107,6.168
orin,3b,4w,cand,sarc_linear_q4gsw_coopmat_orin_t256x128k16g42s32bt_texture3d_texture2d_half,2048,8192,3072,16.7206,6.165
orin,3b,4w,cand,sarc_linear_q4gsw_coopmat_orin_t256x128k16g42s32bt_texture3d_texture2d_half,2048,3072,8192,16.1821,6.37
orin,3b,4w,cand,sarc_linear_q4gsw_coopmat_orin_t256x128k16g42s32bt_texture3d_texture2d_half,2048,3072,3072,6.3089,6.127
orin,3b,4w,cand,sarc_linear_q4gsw_coopmat_orin_t256x128k16g42s32bt_texture3d_texture2d_half,2048,1024,3072,2.1301,6.049
orin,3b,4w,cand,sarc_linear_q4gsw_coopmat_orin_t256x128k16g42s32bt_texture3d_texture2d_half,2048,1024,3072,2.124,6.066
orin,3b,4w,cand,sarc_linear_q4gsw_coopmat_orin_t256x128k16g42s32bt_texture3d_texture2d_half,2048,3072,3072,6.301,6.135
orin,3b,4w,cand,sarc_linear_q4gsw_coopmat_orin_t256x128k16g42s32bt_texture3d_texture2d_half,2048,8192,3072,16.7023,6.172
orin,3b,4w,cand,sarc_linear_q4gsw_coopmat_orin_t256x128k16g42s32bt_texture3d_texture2d_half,2048,8192,3072,16.7001,6.172
orin,3b,4w,cand,sarc_linear_q4gsw_coopmat_orin_t256x128k16g42s32bt_texture3d_texture2d_half,2048,3072,8192,16.1908,6.367
orin,3b,4w,cand,sarc_linear_q4gsw_coopmat_orin_t256x128k16g42s32bt_texture3d_texture2d_half,2048,3072,3072,6.3036,6.132
orin,3b,4w,cand,sarc_linear_q4gsw_coopmat_orin_t256x128k16g42s32bt_texture3d_texture2d_half,2048,1024,3072,2.126,6.061
orin,3b,4w,cand,sarc_linear_q4gsw_coopmat_orin_t256x128k16g42s32bt_texture3d_texture2d_half,2048,1024,3072,2.12,6.078
orin,3b,4w,cand,sarc_linear_q4gsw_coopmat_orin_t256x128k16g42s32bt_texture3d_texture2d_half,2048,3072,3072,6.3068,6.129
orin,3b,4w,cand,sarc_linear_q4gsw_coopmat_orin_t256x128k16g42s32bt_texture3d_texture2d_half,2048,8192,3072,16.6166,6.203
orin,3b,4w,cand,sarc_linear_q4gsw_coopmat_orin_t256x128k16g42s32bt_texture3d_texture2d_half,2048,8192,3072,16.6225,6.201
orin,3b,4w,cand,sarc_linear_q4gsw_coopmat_orin_t256x128k16g42s32bt_texture3d_texture2d_half,2048,3072,8192,16.1636,6.377
orin,3b,4w,cand,sarc_linear_q4gsw_coopmat_orin_t256x128k16g42s32bt_texture3d_texture2d_half,2048,3072,3072,6.3052,6.131
orin,3b,4w,cand,sarc_linear_q4gsw_coopmat_orin_t256x128k16g42s32bt_texture3d_texture2d_half,2048,1024,3072,2.1244,6.065
orin,3b,4w,cand,sarc_linear_q4gsw_coopmat_orin_t256x128k16g42s32bt_texture3d_texture2d_half,2048,1024,3072,2.1292,6.052
orin,3b,4w,cand,sarc_linear_q4gsw_coopmat_orin_t256x128k16g42s32bt_texture3d_texture2d_half,2048,3072,3072,6.3018,6.134
orin,3b,4w,cand,sarc_linear_q4gsw_coopmat_orin_t256x128k16g42s32bt_texture3d_texture2d_half,2048,8192,3072,16.6757,6.181
orin,3b,4w,cand,sarc_linear_q4gsw_coopmat_orin_t256x128k16g42s32bt_texture3d_texture2d_half,2048,8192,3072,16.7026,6.171
orin,3b,4w,cand,sarc_linear_q4gsw_coopmat_orin_t256x128k16g42s32bt_texture3d_texture2d_half,2048,3072,8192,16.1203,6.394
orin,3b,4w,parent,sarc_linear_q4gsw_coopmat_orin_t256x128k16g42s32bt_texture3d_texture2d_half,2048,3072,3072,6.3371,6.1
orin,3b,4w,parent,sarc_linear_q4gsw_coopmat_orin_t256x128k16g42s32bt_texture3d_texture2d_half,2048,1024,3072,2.1309,6.047
orin,3b,4w,parent,sarc_linear_q4gsw_coopmat_orin_t256x128k16g42s32bt_texture3d_texture2d_half,2048,1024,3072,2.128,6.055
orin,3b,4w,parent,sarc_linear_q4gsw_coopmat_orin_t256x128k16g42s32bt_texture3d_texture2d_half,2048,3072,3072,6.3193,6.117
orin,3b,4w,parent,sarc_linear_q4gsw_coopmat_orin_t256x128k16g42s32bt_texture3d_texture2d_half,2048,8192,3072,16.765,6.148
orin,3b,4w,parent,sarc_linear_q4gsw_coopmat_orin_t256x128k16g42s32bt_texture3d_texture2d_half,2048,8192,3072,16.7219,6.164
orin,3b,4w,parent,sarc_linear_q4gsw_coopmat_orin_t256x128k16g42s32bt_texture3d_texture2d_half,2048,3072,8192,16.2006,6.363
orin,3b,4w,parent,sarc_linear_q4gsw_coopmat_orin_t256x128k16g42s32bt_texture3d_texture2d_half,2048,3072,3072,6.3072,6.129
orin,3b,4w,parent,sarc_linear_q4gsw_coopmat_orin_t256x128k16g42s32bt_texture3d_texture2d_half,2048,1024,3072,2.1301,6.049
orin,3b,4w,parent,sarc_linear_q4gsw_coopmat_orin_t256x128k16g42s32bt_texture3d_texture2d_half,2048,1024,3072,2.1288,6.053
orin,3b,4w,parent,sarc_linear_q4gsw_coopmat_orin_t256x128k16g42s32bt_texture3d_texture2d_half,2048,3072,3072,6.3021,6.134
orin,3b,4w,parent,sarc_linear_q4gsw_coopmat_orin_t256x128k16g42s32bt_texture3d_texture2d_half,2048,8192,3072,16.763,6.149
orin,3b,4w,parent,sarc_linear_q4gsw_coopmat_orin_t256x128k16g42s32bt_texture3d_texture2d_half,2048,8192,3072,16.703,6.171
orin,3b,4w,parent,sarc_linear_q4gsw_coopmat_orin_t256x128k16g42s32bt_texture3d_texture2d_half,2048,3072,8192,16.2251,6.353
orin,3b,4w,parent,sarc_linear_q4gsw_coopmat_orin_t256x128k16g42s32bt_texture3d_texture2d_half,2048,3072,3072,6.2996,6.136
orin,3b,4w,parent,sarc_linear_q4gsw_coopmat_orin_t256x128k16g42s32bt_texture3d_texture2d_half,2048,1024,3072,2.129,6.052
orin,3b,4w,parent,sarc_linear_q4gsw_coopmat_orin_t256x128k16g42s32bt_texture3d_texture2d_half,2048,1024,3072,2.1349,6.035
orin,3b,4w,parent,sarc_linear_q4gsw_coopmat_orin_t256x128k16g42s32bt_texture3d_texture2d_half,2048,3072,3072,6.3172,6.119
orin,3b,4w,parent,sarc_linear_q4gsw_coopmat_orin_t256x128k16g42s32bt_texture3d_texture2d_half,2048,8192,3072,16.7589,6.151
orin,3b,4w,parent,sarc_linear_q4gsw_coopmat_orin_t256x128k16g42s32bt_texture3d_texture2d_half,2048,8192,3072,16.7391,6.158
orin,3b,4w,parent,sarc_linear_q4gsw_coopmat_orin_t256x128k16g42s32bt_texture3d_texture2d_half,2048,3072,8192,16.2171,6.356
orin,3b,4w,parent,sarc_linear_q4gsw_coopmat_orin_t256x128k16g42s32bt_texture3d_texture2d_half,2048,3072,3072,6.3097,6.126
orin,3b,4w,parent,sarc_linear_q4gsw_coopmat_orin_t256x128k16g42s32bt_texture3d_texture2d_half,2048,1024,3072,2.1301,6.049
orin,3b,4w,parent,sarc_linear_q4gsw_coopmat_orin_t256x128k16g42s32bt_texture3d_texture2d_half,2048,1024,3072,2.1297,6.05
orin,3b,4w,parent,sarc_linear_q4gsw_coopmat_orin_t256x128k16g42s32bt_texture3d_texture2d_half,2048,3072,3072,6.3144,6.122
orin,3b,4w,parent,sarc_linear_q4gsw_coopmat_orin_t256x128k16g42s32bt_texture3d_texture2d_half,2048,8192,3072,16.7526,6.153
orin,3b,4w,parent,sarc_linear_q4gsw_coopmat_orin_t256x128k16g42s32bt_texture3d_texture2d_half,2048,8192,3072,16.7026,6.171
orin,3b,4w,parent,sarc_linear_q4gsw_coopmat_orin_t256x128k16g42s32bt_texture3d_texture2d_half,2048,3072,8192,16.2167,6.356
orin,3b,4w,parent,sarc_linear_q4gsw_coopmat_orin_t256x128k16g42s32bt_texture3d_texture2d_half,2048,3072,3072,6.3177,6.118
orin,3b,4w,parent,sarc_linear_q4gsw_coopmat_orin_t256x128k16g42s32bt_texture3d_texture2d_half,2048,1024,3072,2.1307,6.047
orin,3b,4w,parent,sarc_linear_q4gsw_coopmat_orin_t256x128k16g42s32bt_texture3d_texture2d_half,2048,1024,3072,2.1287,6.053
orin,3b,4w,parent,sarc_linear_q4gsw_coopmat_orin_t256x128k16g42s32bt_texture3d_texture2d_half,2048,3072,3072,6.3208,6.115
orin,3b,4w,parent,sarc_linear_q4gsw_coopmat_orin_t256x128k16g42s32bt_texture3d_texture2d_half,2048,8192,3072,16.6645,6.186
orin,3b,4w,parent,sarc_linear_q4gsw_coopmat_orin_t256x128k16g42s32bt_texture3d_texture2d_half,2048,8192,3072,16.6166,6.203
orin,3b,4w,parent,sarc_linear_q4gsw_coopmat_orin_t256x128k16g42s32bt_texture3d_texture2d_half,2048,3072,8192,16.1817,6.37
orin,3b,4w,parent,sarc_linear_q4gsw_coopmat_orin_t256x128k16g42s32bt_texture3d_texture2d_half,2048,3072,3072,6.3153,6.121
orin,3b,4w,parent,sarc_linear_q4gsw_coopmat_orin_t256x128k16g42s32bt_texture3d_texture2d_half,2048,1024,3072,2.1272,6.057
orin,3b,4w,parent,sarc_linear_q4gsw_coopmat_orin_t256x128k16g42s32bt_texture3d_texture2d_half,2048,1024,3072,2.1291,6.052
orin,3b,4w,parent,sarc_linear_q4gsw_coopmat_orin_t256x128k16g42s32bt_texture3d_texture2d_half,2048,3072,3072,6.3037,6.132
orin,3b,4w,parent,sarc_linear_q4gsw_coopmat_orin_t256x128k16g42s32bt_texture3d_texture2d_half,2048,8192,3072,16.7427,6.157
orin,3b,4w,parent,sarc_linear_q4gsw_coopmat_orin_t256x128k16g42s32bt_texture3d_texture2d_half,2048,8192,3072,16.7014,6.172
orin,3b,4w,parent,sarc_linear_q4gsw_coopmat_orin_t256x128k16g42s32bt_texture3d_texture2d_half,2048,3072,8192,16.1961,6.364
orin,3b,4w,parent,sarc_linear_q4gsw_coopmat_orin_t256x128k16g42s32bt_texture3d_texture2d_half,2048,3072,3072,6.3052,6.131
orin,3b,4w,parent,sarc_linear_q4gsw_coopmat_orin_t256x128k16g42s32bt_texture3d_texture2d_half,2048,1024,3072,2.1227,6.07
orin,3b,4w,parent,sarc_linear_q4gsw_coopmat_orin_t256x128k16g42s32bt_texture3d_texture2d_half,2048,1024,3072,2.1316,6.045
orin,3b,4w,parent,sarc_linear_q4gsw_coopmat_orin_t256x128k16g42s32bt_texture3d_texture2d_half,2048,3072,3072,6.3186,6.118
orin,3b,4w,parent,sarc_linear_q4gsw_coopmat_orin_t256x128k16g42s32bt_texture3d_texture2d_half,2048,8192,3072,16.743,6.157
orin,3b,4w,parent,sarc_linear_q4gsw_coopmat_orin_t256x128k16g42s32bt_texture3d_texture2d_half,2048,8192,3072,16.7066,6.17
orin,3b,4w,parent,sarc_linear_q4gsw_coopmat_orin_t256x128k16g42s32bt_texture3d_texture2d_half,2048,3072,8192,16.2024,6.362
orin,3b,4w,parent,sarc_linear_q4gsw_coopmat_orin_t256x128k16g42s32bt_texture3d_texture2d_half,2048,3072,3072,6.2972,6.138
orin,3b,4w,parent,sarc_linear_q4gsw_coopmat_orin_t256x128k16g42s32bt_texture3d_texture2d_half,2048,1024,3072,2.1333,6.04
orin,3b,4w,parent,sarc_linear_q4gsw_coopmat_orin_t256x128k16g42s32bt_texture3d_texture2d_half,2048,1024,3072,2.1308,6.047
orin,3b,4w,parent,sarc_linear_q4gsw_coopmat_orin_t256x128k16g42s32bt_texture3d_texture2d_half,2048,3072,3072,6.3182,6.118
orin,3b,4w,parent,sarc_linear_q4gsw_coopmat_orin_t256x128k16g42s32bt_texture3d_texture2d_half,2048,8192,3072,16.7636,6.149
orin,3b,4w,parent,sarc_linear_q4gsw_coopmat_orin_t256x128k16g42s32bt_texture3d_texture2d_half,2048,8192,3072,16.7178,6.166
orin,3b,4w,parent,sarc_linear_q4gsw_coopmat_orin_t256x128k16g42s32bt_texture3d_texture2d_half,2048,3072,8192,16.1399,6.387
orin,3b,4w,parent,sarc_linear_q4gsw_coopmat_orin_t256x128k16g42s32bt_texture3d_texture2d_half,2048,3072,3072,6.304,6.132
orin,3b,4w,parent,sarc_linear_q4gsw_coopmat_orin_t256x128k16g42s32bt_texture3d_texture2d_half,2048,1024,3072,2.1287,6.053
orin,3b,4w,parent,sarc_linear_q4gsw_coopmat_orin_t256x128k16g42s32bt_texture3d_texture2d_half,2048,1024,3072,2.1338,6.038
orin,3b,4w,parent,sarc_linear_q4gsw_coopmat_orin_t256x128k16g42s32bt_texture3d_texture2d_half,2048,3072,3072,6.3126,6.123
orin,3b,4w,parent,sarc_linear_q4gsw_coopmat_orin_t256x128k16g42s32bt_texture3d_texture2d_half,2048,8192,3072,16.7563,6.152
orin,3b,4w,parent,sarc_linear_q4gsw_coopmat_orin_t256x128k16g42s32bt_texture3d_texture2d_half,2048,8192,3072,16.7019,6.172
orin,3b,4w,parent,sarc_linear_q4gsw_coopmat_orin_t256x128k16g42s32bt_texture3d_texture2d_half,2048,3072,8192,16.2008,6.363
orin,3b,4w,parent,sarc_linear_q4gsw_coopmat_orin_t256x128k16g42s32bt_texture3d_texture2d_half,2048,3072,3072,6.3065,6.129
orin,3b,4w,parent,sarc_linear_q4gsw_coopmat_orin_t256x128k16g42s32bt_texture3d_texture2d_half,2048,1024,3072,2.1349,6.035
orin,3b,4w,parent,sarc_linear_q4gsw_coopmat_orin_t256x128k16g42s32bt_texture3d_texture2d_half,2048,1024,3072,2.1303,6.048
orin,3b,4w,parent,sarc_linear_q4gsw_coopmat_orin_t256x128k16g42s32bt_texture3d_texture2d_half,2048,3072,3072,6.2823,6.153
orin,3b,4w,parent,sarc_linear_q4gsw_coopmat_orin_t256x128k16g42s32bt_texture3d_texture2d_half,2048,8192,3072,16.672,6.183
orin,3b,4w,parent,sarc_linear_q4gsw_coopmat_orin_t256x128k16g42s32bt_texture3d_texture2d_half,2048,8192,3072,16.6465,6.192
orin,3b,4w,parent,sarc_linear_q4gsw_coopmat_orin_t256x128k16g42s32bt_texture3d_texture2d_half,2048,3072,8192,16.2077,6.36
orin,3b,4w,parent,sarc_linear_q4gsw_coopmat_orin_t256x128k16g42s32bt_texture3d_texture2d_half,2048,3072,3072,6.3087,6.127
orin,3b,4w,parent,sarc_linear_q4gsw_coopmat_orin_t256x128k16g42s32bt_texture3d_texture2d_half,2048,1024,3072,2.1326,6.042
orin,3b,4w,parent,sarc_linear_q4gsw_coopmat_orin_t256x128k16g42s32bt_texture3d_texture2d_half,2048,1024,3072,2.1289,6.052
orin,3b,4w,parent,sarc_linear_q4gsw_coopmat_orin_t256x128k16g42s32bt_texture3d_texture2d_half,2048,3072,3072,6.3156,6.121
orin,3b,4w,parent,sarc_linear_q4gsw_coopmat_orin_t256x128k16g42s32bt_texture3d_texture2d_half,2048,8192,3072,16.7584,6.151
orin,3b,4w,parent,sarc_linear_q4gsw_coopmat_orin_t256x128k16g42s32bt_texture3d_texture2d_half,2048,8192,3072,16.7154,6.167
orin,3b,4w,parent,sarc_linear_q4gsw_coopmat_orin_t256x128k16g42s32bt_texture3d_texture2d_half,2048,3072,8192,16.2097,6.359
orin,3b,4w,parent,sarc_linear_q4gsw_coopmat_orin_t256x128k16g42s32bt_texture3d_texture2d_half,2048,3072,3072,6.3132,6.123
orin,3b,4w,parent,sarc_linear_q4gsw_coopmat_orin_t256x128k16g42s32bt_texture3d_texture2d_half,2048,1024,3072,2.1267,6.059
orin,3b,4w,parent,sarc_linear_q4gsw_coopmat_orin_t256x128k16g42s32bt_texture3d_texture2d_half,2048,1024,3072,2.1278,6.055
orin,3b,4w,parent,sarc_linear_q4gsw_coopmat_orin_t256x128k16g42s32bt_texture3d_texture2d_half,2048,3072,3072,6.3227,6.114
orin,3b,4w,parent,sarc_linear_q4gsw_coopmat_orin_t256x128k16g42s32bt_texture3d_texture2d_half,2048,8192,3072,16.7565,6.152
orin,3b,4w,parent,sarc_linear_q4gsw_coopmat_orin_t256x128k16g42s32bt_texture3d_texture2d_half,2048,8192,3072,16.7156,6.167
orin,3b,4w,parent,sarc_linear_q4gsw_coopmat_orin_t256x128k16g42s32bt_texture3d_texture2d_half,2048,3072,8192,16.2074,6.36
orin,3b,4w,parent,sarc_linear_q4gsw_coopmat_orin_t256x128k16g42s32bt_texture3d_texture2d_half,2048,3072,3072,6.307,6.129
orin,3b,4w,parent,sarc_linear_q4gsw_coopmat_orin_t256x128k16g42s32bt_texture3d_texture2d_half,2048,1024,3072,2.13,6.049
orin,3b,4w,parent,sarc_linear_q4gsw_coopmat_orin_t256x128k16g42s32bt_texture3d_texture2d_half,2048,1024,3072,2.1265,6.059
orin,3b,4w,parent,sarc_linear_q4gsw_coopmat_orin_t256x128k16g42s32bt_texture3d_texture2d_half,2048,3072,3072,6.3144,6.122
orin,3b,4w,parent,sarc_linear_q4gsw_coopmat_orin_t256x128k16g42s32bt_texture3d_texture2d_half,2048,8192,3072,16.7626,6.149
orin,3b,4w,parent,sarc_linear_q4gsw_coopmat_orin_t256x128k16g42s32bt_texture3d_texture2d_half,2048,8192,3072,16.7221,6.164
orin,3b,4w,parent,sarc_linear_q4gsw_coopmat_orin_t256x128k16g42s32bt_texture3d_texture2d_half,2048,3072,8192,16.2076,6.36
orin,3b,4w,parent,sarc_linear_q4gsw_coopmat_orin_t256x128k16g42s32bt_texture3d_texture2d_half,2048,3072,3072,6.3102,6.126
orin,3b,4w,parent,sarc_linear_q4gsw_coopmat_orin_t256x128k16g42s32bt_texture3d_texture2d_half,2048,1024,3072,2.1297,6.05
orin,3b,4w,parent,sarc_linear_q4gsw_coopmat_orin_t256x128k16g42s32bt_texture3d_texture2d_half,2048,1024,3072,2.1312,6.046
orin,3b,4w,parent,sarc_linear_q4gsw_coopmat_orin_t256x128k16g42s32bt_texture3d_texture2d_half,2048,3072,3072,6.3216,6.115
orin,3b,4w,parent,sarc_linear_q4gsw_coopmat_orin_t256x128k16g42s32bt_texture3d_texture2d_half,2048,8192,3072,16.7853,6.141
orin,3b,4w,parent,sarc_linear_q4gsw_coopmat_orin_t256x128k16g42s32bt_texture3d_texture2d_half,2048,8192,3072,16.6892,6.176
orin,3b,4w,parent,sarc_linear_q4gsw_coopmat_orin_t256x128k16g42s32bt_texture3d_texture2d_half,2048,3072,8192,16.2218,6.354
orin,3b,4w,parent,sarc_linear_q4gsw_coopmat_orin_t256x128k16g42s32bt_texture3d_texture2d_half,2048,3072,3072,6.3088,6.127
orin,3b,4w,parent,sarc_linear_q4gsw_coopmat_orin_t256x128k16g42s32bt_texture3d_texture2d_half,2048,1024,3072,2.1261,6.06
orin,3b,4w,parent,sarc_linear_q4gsw_coopmat_orin_t256x128k16g42s32bt_texture3d_texture2d_half,2048,1024,3072,2.1274,6.057
orin,3b,4w,parent,sarc_linear_q4gsw_coopmat_orin_t256x128k16g42s32bt_texture3d_texture2d_half,2048,3072,3072,6.2695,6.166
orin,3b,4w,parent,sarc_linear_q4gsw_coopmat_orin_t256x128k16g42s32bt_texture3d_texture2d_half,2048,8192,3072,16.6662,6.185
orin,3b,4w,parent,sarc_linear_q4gsw_coopmat_orin_t256x128k16g42s32bt_texture3d_texture2d_half,2048,8192,3072,16.7114,6.168
orin,3b,4w,parent,sarc_linear_q4gsw_coopmat_orin_t256x128k16g42s32bt_texture3d_texture2d_half,2048,3072,8192,16.2181,6.356
orin,3b,4w,parent,sarc_linear_q4gsw_coopmat_orin_t256x128k16g42s32bt_texture3d_texture2d_half,2048,3072,3072,6.3103,6.126
orin,3b,4w,parent,sarc_linear_q4gsw_coopmat_orin_t256x128k16g42s32bt_texture3d_texture2d_half,2048,1024,3072,2.1256,6.062
orin,3b,4w,parent,sarc_linear_q4gsw_coopmat_orin_t256x128k16g42s32bt_texture3d_texture2d_half,2048,1024,3072,2.132,6.044
orin,3b,4w,parent,sarc_linear_q4gsw_coopmat_orin_t256x128k16g42s32bt_texture3d_texture2d_half,2048,3072,3072,6.312,6.124
orin,3b,4w,parent,sarc_linear_q4gsw_coopmat_orin_t256x128k16g42s32bt_texture3d_texture2d_half,2048,8192,3072,16.7583,6.151
orin,3b,4w,parent,sarc_linear_q4gsw_coopmat_orin_t256x128k16g42s32bt_texture3d_texture2d_half,2048,8192,3072,16.7196,6.165
orin,3b,4w,parent,sarc_linear_q4gsw_coopmat_orin_t256x128k16g42s32bt_texture3d_texture2d_half,2048,3072,8192,16.2196,6.355
orin,3b,4w,parent,sarc_linear_q4gsw_coopmat_orin_t256x128k16g42s32bt_texture3d_texture2d_half,2048,3072,3072,6.3115,6.124
orin,3b,4w,parent,sarc_linear_q4gsw_coopmat_orin_t256x128k16g42s32bt_texture3d_texture2d_half,2048,1024,3072,2.1302,6.049
orin,3b,4w,parent,sarc_linear_q4gsw_coopmat_orin_t256x128k16g42s32bt_texture3d_texture2d_half,2048,1024,3072,2.1308,6.047
orin,3b,4w,parent,sarc_linear_q4gsw_coopmat_orin_t256x128k16g42s32bt_texture3d_texture2d_half,2048,3072,3072,6.3252,6.111
orin,3b,4w,parent,sarc_linear_q4gsw_coopmat_orin_t256x128k16g42s32bt_texture3d_texture2d_half,2048,8192,3072,16.7302,6.161
orin,3b,4w,parent,sarc_linear_q4gsw_coopmat_orin_t256x128k16g42s32bt_texture3d_texture2d_half,2048,8192,3072,16.6769,6.181
orin,3b,4w,parent,sarc_linear_q4gsw_coopmat_orin_t256x128k16g42s32bt_texture3d_texture2d_half,2048,3072,8192,16.2159,6.357
orin,3b,4w,parent,sarc_linear_q4gsw_coopmat_orin_t256x128k16g42s32bt_texture3d_texture2d_half,2048,3072,3072,6.3118,6.124
orin,3b,4w,parent,sarc_linear_q4gsw_coopmat_orin_t256x128k16g42s32bt_texture3d_texture2d_half,2048,1024,3072,2.1331,6.04
orin,3b,4w,parent,sarc_linear_q4gsw_coopmat_orin_t256x128k16g42s32bt_texture3d_texture2d_half,2048,1024,3072,2.1343,6.037
orin,3b,4w,parent,sarc_linear_q4gsw_coopmat_orin_t256x128k16g42s32bt_texture3d_texture2d_half,2048,3072,3072,6.3088,6.127
orin,3b,4w,parent,sarc_linear_q4gsw_coopmat_orin_t256x128k16g42s32bt_texture3d_texture2d_half,2048,8192,3072,16.7733,6.145
orin,3b,4w,parent,sarc_linear_q4gsw_coopmat_orin_t256x128k16g42s32bt_texture3d_texture2d_half,2048,8192,3072,16.7217,6.164
orin,3b,4w,parent,sarc_linear_q4gsw_coopmat_orin_t256x128k16g42s32bt_texture3d_texture2d_half,2048,3072,8192,16.2121,6.358
orin,3b,4w,parent,sarc_linear_q4gsw_coopmat_orin_t256x128k16g42s32bt_texture3d_texture2d_half,2048,3072,3072,6.3108,6.125
orin,3b,4w,parent,sarc_linear_q4gsw_coopmat_orin_t256x128k16g42s32bt_texture3d_texture2d_half,2048,1024,3072,2.1317,6.044
orin,3b,4w,parent,sarc_linear_q4gsw_coopmat_orin_t256x128k16g42s32bt_texture3d_texture2d_half,2048,1024,3072,2.1323,6.043
orin,3b,4w,parent,sarc_linear_q4gsw_coopmat_orin_t256x128k16g42s32bt_texture3d_texture2d_half,2048,3072,3072,6.312,6.124
orin,3b,4w,parent,sarc_linear_q4gsw_coopmat_orin_t256x128k16g42s32bt_texture3d_texture2d_half,2048,8192,3072,16.7564,6.152
orin,3b,4w,parent,sarc_linear_q4gsw_coopmat_orin_t256x128k16g42s32bt_texture3d_texture2d_half,2048,8192,3072,16.7263,6.163
orin,3b,4w,parent,sarc_linear_q4gsw_coopmat_orin_t256x128k16g42s32bt_texture3d_texture2d_half,2048,3072,8192,16.2045,6.361
orin,3b,4w,parent,sarc_linear_q4gsw_coopmat_orin_t256x128k16g42s32bt_texture3d_texture2d_half,2048,3072,3072,6.2635,6.171
orin,3b,4w,parent,sarc_linear_q4gsw_coopmat_orin_t256x128k16g42s32bt_texture3d_texture2d_half,2048,1024,3072,2.1166,6.087
orin,3b,4w,parent,sarc_linear_q4gsw_coopmat_orin_t256x128k16g42s32bt_texture3d_texture2d_half,2048,1024,3072,2.1177,6.084
orin,3b,4w,parent,sarc_linear_q4gsw_coopmat_orin_t256x128k16g42s32bt_texture3d_texture2d_half,2048,3072,3072,6.283,6.152
orin,3b,4w,parent,sarc_linear_q4gsw_coopmat_orin_t256x128k16g42s32bt_texture3d_texture2d_half,2048,8192,3072,16.7356,6.159
orin,3b,4w,parent,sarc_linear_q4gsw_coopmat_orin_t256x128k16g42s32bt_texture3d_texture2d_half,2048,8192,3072,16.7197,6.165
orin,3b,4w,parent,sarc_linear_q4gsw_coopmat_orin_t256x128k16g42s32bt_texture3d_texture2d_half,2048,3072,8192,16.203,6.362
orin,3b,4w,parent,sarc_linear_q4gsw_coopmat_orin_t256x128k16g42s32bt_texture3d_texture2d_half,2048,3072,3072,6.3114,6.125
orin,3b,4w,parent,sarc_linear_q4gsw_coopmat_orin_t256x128k16g42s32bt_texture3d_texture2d_half,2048,1024,3072,2.1332,6.04
orin,3b,4w,parent,sarc_linear_q4gsw_coopmat_orin_t256x128k16g42s32bt_texture3d_texture2d_half,2048,1024,3072,2.1291,6.052
orin,3b,4w,parent,sarc_linear_q4gsw_coopmat_orin_t256x128k16g42s32bt_texture3d_texture2d_half,2048,3072,3072,6.3121,6.124
orin,3b,4w,parent,sarc_linear_q4gsw_coopmat_orin_t256x128k16g42s32bt_texture3d_texture2d_half,2048,8192,3072,16.7478,6.155
orin,3b,4w,parent,sarc_linear_q4gsw_coopmat_orin_t256x128k16g42s32bt_texture3d_texture2d_half,2048,8192,3072,16.7253,6.163
orin,3b,4w,parent,sarc_linear_q4gsw_coopmat_orin_t256x128k16g42s32bt_texture3d_texture2d_half,2048,3072,8192,16.2092,6.359
orin,3b,4w,parent,sarc_linear_q4gsw_coopmat_orin_t256x128k16g42s32bt_texture3d_texture2d_half,2048,3072,3072,6.3108,6.125
orin,3b,4w,parent,sarc_linear_q4gsw_coopmat_orin_t256x128k16g42s32bt_texture3d_texture2d_half,2048,1024,3072,2.1308,6.047
orin,3b,4w,parent,sarc_linear_q4gsw_coopmat_orin_t256x128k16g42s32bt_texture3d_texture2d_half,2048,1024,3072,2.1326,6.042
orin,3b,4w,parent,sarc_linear_q4gsw_coopmat_orin_t256x128k16g42s32bt_texture3d_texture2d_half,2048,3072,3072,6.3046,6.131
orin,3b,4w,parent,sarc_linear_q4gsw_coopmat_orin_t256x128k16g42s32bt_texture3d_texture2d_half,2048,8192,3072,16.7667,6.148
orin,3b,4w,parent,sarc_linear_q4gsw_coopmat_orin_t256x128k16g42s32bt_texture3d_texture2d_half,2048,8192,3072,16.712,6.168
orin,3b,4w,parent,sarc_linear_q4gsw_coopmat_orin_t256x128k16g42s32bt_texture3d_texture2d_half,2048,3072,8192,16.2139,6.357
orin,3b,4w,parent,sarc_linear_q4gsw_coopmat_orin_t256x128k16g42s32bt_texture3d_texture2d_half,2048,3072,3072,6.3079,6.128
orin,3b,4w,parent,sarc_linear_q4gsw_coopmat_orin_t256x128k16g42s32bt_texture3d_texture2d_half,2048,1024,3072,2.1267,6.059
orin,3b,4w,parent,sarc_linear_q4gsw_coopmat_orin_t256x128k16g42s32bt_texture3d_texture2d_half,2048,1024,3072,2.128,6.055
orin,3b,4w,parent,sarc_linear_q4gsw_coopmat_orin_t256x128k16g42s32bt_texture3d_texture2d_half,2048,3072,3072,6.3015,6.134
orin,3b,4w,parent,sarc_linear_q4gsw_coopmat_orin_t256x128k16g42s32bt_texture3d_texture2d_half,2048,8192,3072,16.7475,6.155
orin,3b,4w,parent,sarc_linear_q4gsw_coopmat_orin_t256x128k16g42s32bt_texture3d_texture2d_half,2048,8192,3072,16.7057,6.17
orin,3b,4w,parent,sarc_linear_q4gsw_coopmat_orin_t256x128k16g42s32bt_texture3d_texture2d_half,2048,3072,8192,16.197,6.364
orin,3b,4w,parent,sarc_linear_q4gsw_coopmat_orin_t256x128k16g42s32bt_texture3d_texture2d_half,2048,3072,3072,6.3145,6.122
orin,3b,4w,parent,sarc_linear_q4gsw_coopmat_orin_t256x128k16g42s32bt_texture3d_texture2d_half,2048,1024,3072,2.133,6.041
orin,3b,4w,parent,sarc_linear_q4gsw_coopmat_orin_t256x128k16g42s32bt_texture3d_texture2d_half,2048,1024,3072,2.1317,6.044
orin,3b,4w,parent,sarc_linear_q4gsw_coopmat_orin_t256x128k16g42s32bt_texture3d_texture2d_half,2048,3072,3072,6.3107,6.125
orin,3b,4w,parent,sarc_linear_q4gsw_coopmat_orin_t256x128k16g42s32bt_texture3d_texture2d_half,2048,8192,3072,16.762,6.15
orin,3b,4w,parent,sarc_linear_q4gsw_coopmat_orin_t256x128k16g42s32bt_texture3d_texture2d_half,2048,8192,3072,16.7181,6.166
orin,3b,4w,parent,sarc_linear_q4gsw_coopmat_orin_t256x128k16g42s32bt_texture3d_texture2d_half,2048,3072,8192,16.1169,6.396
orin,3b,4w,parent,sarc_linear_q4gsw_coopmat_orin_t256x128k16g42s32bt_texture3d_texture2d_half,2048,3072,3072,6.2781,6.157
orin,3b,4w,parent,sarc_linear_q4gsw_coopmat_orin_t256x128k16g42s32bt_texture3d_texture2d_half,2048,1024,3072,2.1171,6.086
orin,3b,4w,parent,sarc_linear_q4gsw_coopmat_orin_t256x128k16g42s32bt_texture3d_texture2d_half,2048,1024,3072,2.1158,6.09
orin,3b,4w,parent,sarc_linear_q4gsw_coopmat_orin_t256x128k16g42s32bt_texture3d_texture2d_half,2048,3072,3072,6.3116,6.124
orin,3b,4w,parent,sarc_linear_q4gsw_coopmat_orin_t256x128k16g42s32bt_texture3d_texture2d_half,2048,8192,3072,16.7492,6.154
orin,3b,4w,parent,sarc_linear_q4gsw_coopmat_orin_t256x128k16g42s32bt_texture3d_texture2d_half,2048,8192,3072,16.7055,6.17
orin,3b,4w,parent,sarc_linear_q4gsw_coopmat_orin_t256x128k16g42s32bt_texture3d_texture2d_half,2048,3072,8192,16.2006,6.363
orin,3b,4w,parent,sarc_linear_q4gsw_coopmat_orin_t256x128k16g42s32bt_texture3d_texture2d_half,2048,3072,3072,6.3151,6.121
orin,3b,4w,parent,sarc_linear_q4gsw_coopmat_orin_t256x128k16g42s32bt_texture3d_texture2d_half,2048,1024,3072,2.1329,6.041
orin,3b,4w,parent,sarc_linear_q4gsw_coopmat_orin_t256x128k16g42s32bt_texture3d_texture2d_half,2048,1024,3072,2.1326,6.042
orin,3b,4w,parent,sarc_linear_q4gsw_coopmat_orin_t256x128k16g42s32bt_texture3d_texture2d_half,2048,3072,3072,6.2773,6.158
orin,3b,4w,parent,sarc_linear_q4gsw_coopmat_orin_t256x128k16g42s32bt_texture3d_texture2d_half,2048,8192,3072,16.758,6.151
orin,3b,4w,parent,sarc_linear_q4gsw_coopmat_orin_t256x128k16g42s32bt_texture3d_texture2d_half,2048,8192,3072,16.7135,6.167
orin,3b,4w,parent,sarc_linear_q4gsw_coopmat_orin_t256x128k16g42s32bt_texture3d_texture2d_half,2048,3072,8192,16.2058,6.361
orin,3b,4w,parent,sarc_linear_q4gsw_coopmat_orin_t256x128k16g42s32bt_texture3d_texture2d_half,2048,3072,3072,6.3029,6.133
orin,3b,4w,parent,sarc_linear_q4gsw_coopmat_orin_t256x128k16g42s32bt_texture3d_texture2d_half,2048,1024,3072,2.1268,6.058
orin,3b,4w,parent,sarc_linear_q4gsw_coopmat_orin_t256x128k16g42s32bt_texture3d_texture2d_half,2048,1024,3072,2.1279,6.055
orin,3b,4w,parent,sarc_linear_q4gsw_coopmat_orin_t256x128k16g42s32bt_texture3d_texture2d_half,2048,3072,3072,6.3132,6.123
orin,3b,4w,parent,sarc_linear_q4gsw_coopmat_orin_t256x128k16g42s32bt_texture3d_texture2d_half,2048,8192,3072,16.757,6.151
orin,3b,4w,parent,sarc_linear_q4gsw_coopmat_orin_t256x128k16g42s32bt_texture3d_texture2d_half,2048,8192,3072,16.7079,6.169
orin,3b,4w,parent,sarc_linear_q4gsw_coopmat_orin_t256x128k16g42s32bt_texture3d_texture2d_half,2048,3072,8192,16.2056,6.361
orin,3b,4w,parent,sarc_linear_q4gsw_coopmat_orin_t256x128k16g42s32bt_texture3d_texture2d_half,2048,3072,3072,6.305,6.131
orin,3b,4w,parent,sarc_linear_q4gsw_coopmat_orin_t256x128k16g42s32bt_texture3d_texture2d_half,2048,1024,3072,2.1301,6.049
orin,3b,4w,parent,sarc_linear_q4gsw_coopmat_orin_t256x128k16g42s32bt_texture3d_texture2d_half,2048,1024,3072,2.1291,6.052
orin,3b,4w,parent,sarc_linear_q4gsw_coopmat_orin_t256x128k16g42s32bt_texture3d_texture2d_half,2048,3072,3072,6.3112,6.125
orin,3b,4w,parent,sarc_linear_q4gsw_coopmat_orin_t256x128k16g42s32bt_texture3d_texture2d_half,2048,8192,3072,16.7717,6.146
orin,3b,4w,parent,sarc_linear_q4gsw_coopmat_orin_t256x128k16g42s32bt_texture3d_texture2d_half,2048,8192,3072,16.7093,6.169
orin,3b,4w,parent,sarc_linear_q4gsw_coopmat_orin_t256x128k16g42s32bt_texture3d_texture2d_half,2048,3072,8192,16.2091,6.359
orin,3b,8da4w,cand,sarc_linear_dq8ca_coopmat_zpgtr_orin_bf_t128x128k64g24s32mk32ra_texture3d_texture2d_half,2048,3072,3072,7.438,5.197
orin,3b,8da4w,cand,sarc_linear_dq8ca_coopmat_zpgtr_orin_bf_t128x128k64g24s32mk32ra_texture3d_texture2d_half,2048,1024,3072,2.4568,5.245
orin,3b,8da4w,cand,sarc_linear_dq8ca_coopmat_zpgtr_orin_bf_t128x128k64g24s32mk32ra_texture3d_texture2d_half,2048,1024,3072,2.4305,5.301
orin,3b,8da4w,cand,sarc_linear_dq8ca_coopmat_zpgtr_orin_bf_t128x128k64g24s32mk32ra_texture3d_texture2d_half,2048,3072,3072,7.2858,5.305
orin,3b,8da4w,cand,sarc_linear_dq8ca_coopmat_zpgtr_orin_bf_t128x128k64g24s32mk32ra_texture3d_texture2d_half,2048,8192,3072,19.6215,5.253
orin,3b,8da4w,cand,sarc_linear_dq8ca_coopmat_zpgtr_orin_bf_t128x128k64g24s32mk32ra_texture3d_texture2d_half,2048,8192,3072,19.3863,5.317
orin,3b,8da4w,cand,sarc_linear_dq8ca_coopmat_zpgtr_orin_bf_t128x128k64g24s32mk32ra_texture3d_texture2d_half,2048,3072,8192,19.0538,5.41
orin,3b,8da4w,cand,sarc_linear_dq8ca_coopmat_zpgtr_orin_bf_t128x128k64g24s32mk32ra_texture3d_texture2d_half,2048,3072,3072,7.2819,5.308
orin,3b,8da4w,cand,sarc_linear_dq8ca_coopmat_zpgtr_orin_bf_t128x128k64g24s32mk32ra_texture3d_texture2d_half,2048,1024,3072,2.4578,5.242
orin,3b,8da4w,cand,sarc_linear_dq8ca_coopmat_zpgtr_orin_bf_t128x128k64g24s32mk32ra_texture3d_texture2d_half,2048,1024,3072,2.4404,5.28
orin,3b,8da4w,cand,sarc_linear_dq8ca_coopmat_zpgtr_orin_bf_t128x128k64g24s32mk32ra_texture3d_texture2d_half,2048,3072,3072,7.2868,5.305
orin,3b,8da4w,cand,sarc_linear_dq8ca_coopmat_zpgtr_orin_bf_t128x128k64g24s32mk32ra_texture3d_texture2d_half,2048,8192,3072,19.4082,5.311
orin,3b,8da4w,cand,sarc_linear_dq8ca_coopmat_zpgtr_orin_bf_t128x128k64g24s32mk32ra_texture3d_texture2d_half,2048,8192,3072,19.4429,5.302
orin,3b,8da4w,cand,sarc_linear_dq8ca_coopmat_zpgtr_orin_bf_t128x128k64g24s32mk32ra_texture3d_texture2d_half,2048,3072,8192,19.0243,5.418
orin,3b,8da4w,cand,sarc_linear_dq8ca_coopmat_zpgtr_orin_bf_t128x128k64g24s32mk32ra_texture3d_texture2d_half,2048,3072,3072,7.2904,5.302
orin,3b,8da4w,cand,sarc_linear_dq8ca_coopmat_zpgtr_orin_bf_t128x128k64g24s32mk32ra_texture3d_texture2d_half,2048,1024,3072,2.4682,5.22
orin,3b,8da4w,cand,sarc_linear_dq8ca_coopmat_zpgtr_orin_bf_t128x128k64g24s32mk32ra_texture3d_texture2d_half,2048,1024,3072,2.432,5.298
orin,3b,8da4w,cand,sarc_linear_dq8ca_coopmat_zpgtr_orin_bf_t128x128k64g24s32mk32ra_texture3d_texture2d_half,2048,3072,3072,7.291,5.302
orin,3b,8da4w,cand,sarc_linear_dq8ca_coopmat_zpgtr_orin_bf_t128x128k64g24s32mk32ra_texture3d_texture2d_half,2048,8192,3072,19.4103,5.311
orin,3b,8da4w,cand,sarc_linear_dq8ca_coopmat_zpgtr_orin_bf_t128x128k64g24s32mk32ra_texture3d_texture2d_half,2048,8192,3072,19.4023,5.313
orin,3b,8da4w,cand,sarc_linear_dq8ca_coopmat_zpgtr_orin_bf_t128x128k64g24s32mk32ra_texture3d_texture2d_half,2048,3072,8192,19.0197,5.42
orin,3b,8da4w,cand,sarc_linear_dq8ca_coopmat_zpgtr_orin_bf_t128x128k64g24s32mk32ra_texture3d_texture2d_half,2048,3072,3072,7.3096,5.288
orin,3b,8da4w,cand,sarc_linear_dq8ca_coopmat_zpgtr_orin_bf_t128x128k64g24s32mk32ra_texture3d_texture2d_half,2048,1024,3072,2.4652,5.227
orin,3b,8da4w,cand,sarc_linear_dq8ca_coopmat_zpgtr_orin_bf_t128x128k64g24s32mk32ra_texture3d_texture2d_half,2048,1024,3072,2.4311,5.3
orin,3b,8da4w,cand,sarc_linear_dq8ca_coopmat_zpgtr_orin_bf_t128x128k64g24s32mk32ra_texture3d_texture2d_half,2048,3072,3072,7.296,5.298
orin,3b,8da4w,cand,sarc_linear_dq8ca_coopmat_zpgtr_orin_bf_t128x128k64g24s32mk32ra_texture3d_texture2d_half,2048,8192,3072,19.4429,5.302
orin,3b,8da4w,cand,sarc_linear_dq8ca_coopmat_zpgtr_orin_bf_t128x128k64g24s32mk32ra_texture3d_texture2d_half,2048,8192,3072,19.4134,5.31
orin,3b,8da4w,cand,sarc_linear_dq8ca_coopmat_zpgtr_orin_bf_t128x128k64g24s32mk32ra_texture3d_texture2d_half,2048,3072,8192,19.0148,5.421
orin,3b,8da4w,cand,sarc_linear_dq8ca_coopmat_zpgtr_orin_bf_t128x128k64g24s32mk32ra_texture3d_texture2d_half,2048,3072,3072,7.2687,5.318
orin,3b,8da4w,cand,sarc_linear_dq8ca_coopmat_zpgtr_orin_bf_t128x128k64g24s32mk32ra_texture3d_texture2d_half,2048,1024,3072,2.4524,5.254
orin,3b,8da4w,cand,sarc_linear_dq8ca_coopmat_zpgtr_orin_bf_t128x128k64g24s32mk32ra_texture3d_texture2d_half,2048,1024,3072,2.4436,5.273
orin,3b,8da4w,cand,sarc_linear_dq8ca_coopmat_zpgtr_orin_bf_t128x128k64g24s32mk32ra_texture3d_texture2d_half,2048,3072,3072,7.284,5.307
orin,3b,8da4w,cand,sarc_linear_dq8ca_coopmat_zpgtr_orin_bf_t128x128k64g24s32mk32ra_texture3d_texture2d_half,2048,8192,3072,19.3312,5.332
orin,3b,8da4w,cand,sarc_linear_dq8ca_coopmat_zpgtr_orin_bf_t128x128k64g24s32mk32ra_texture3d_texture2d_half,2048,8192,3072,19.426,5.306
orin,3b,8da4w,cand,sarc_linear_dq8ca_coopmat_zpgtr_orin_bf_t128x128k64g24s32mk32ra_texture3d_texture2d_half,2048,3072,8192,19.0111,5.422
orin,3b,8da4w,cand,sarc_linear_dq8ca_coopmat_zpgtr_orin_bf_t128x128k64g24s32mk32ra_texture3d_texture2d_half,2048,3072,3072,7.2775,5.312
orin,3b,8da4w,cand,sarc_linear_dq8ca_coopmat_zpgtr_orin_bf_t128x128k64g24s32mk32ra_texture3d_texture2d_half,2048,1024,3072,2.4557,5.247
orin,3b,8da4w,cand,sarc_linear_dq8ca_coopmat_zpgtr_orin_bf_t128x128k64g24s32mk32ra_texture3d_texture2d_half,2048,1024,3072,2.4299,5.303
orin,3b,8da4w,cand,sarc_linear_dq8ca_coopmat_zpgtr_orin_bf_t128x128k64g24s32mk32ra_texture3d_texture2d_half,2048,3072,3072,7.2915,5.301
orin,3b,8da4w,cand,sarc_linear_dq8ca_coopmat_zpgtr_orin_bf_t128x128k64g24s32mk32ra_texture3d_texture2d_half,2048,8192,3072,19.3945,5.315
orin,3b,8da4w,cand,sarc_linear_dq8ca_coopmat_zpgtr_orin_bf_t128x128k64g24s32mk32ra_texture3d_texture2d_half,2048,8192,3072,19.3735,5.321
orin,3b,8da4w,cand,sarc_linear_dq8ca_coopmat_zpgtr_orin_bf_t128x128k64g24s32mk32ra_texture3d_texture2d_half,2048,3072,8192,18.9542,5.438
orin,3b,8da4w,cand,sarc_linear_dq8ca_coopmat_zpgtr_orin_bf_t128x128k64g24s32mk32ra_texture3d_texture2d_half,2048,3072,3072,7.2976,5.297
orin,3b,8da4w,cand,sarc_linear_dq8ca_coopmat_zpgtr_orin_bf_t128x128k64g24s32mk32ra_texture3d_texture2d_half,2048,1024,3072,2.4577,5.243
orin,3b,8da4w,cand,sarc_linear_dq8ca_coopmat_zpgtr_orin_bf_t128x128k64g24s32mk32ra_texture3d_texture2d_half,2048,1024,3072,2.4296,5.303
orin,3b,8da4w,cand,sarc_linear_dq8ca_coopmat_zpgtr_orin_bf_t128x128k64g24s32mk32ra_texture3d_texture2d_half,2048,3072,3072,7.2995,5.296
orin,3b,8da4w,cand,sarc_linear_dq8ca_coopmat_zpgtr_orin_bf_t128x128k64g24s32mk32ra_texture3d_texture2d_half,2048,8192,3072,19.422,5.307
orin,3b,8da4w,cand,sarc_linear_dq8ca_coopmat_zpgtr_orin_bf_t128x128k64g24s32mk32ra_texture3d_texture2d_half,2048,8192,3072,19.4024,5.313
orin,3b,8da4w,cand,sarc_linear_dq8ca_coopmat_zpgtr_orin_bf_t128x128k64g24s32mk32ra_texture3d_texture2d_half,2048,3072,8192,19.0508,5.411
orin,3b,8da4w,cand,sarc_linear_dq8ca_coopmat_zpgtr_orin_bf_t128x128k64g24s32mk32ra_texture3d_texture2d_half,2048,3072,3072,7.3032,5.293
orin,3b,8da4w,cand,sarc_linear_dq8ca_coopmat_zpgtr_orin_bf_t128x128k64g24s32mk32ra_texture3d_texture2d_half,2048,1024,3072,2.4617,5.234
orin,3b,8da4w,cand,sarc_linear_dq8ca_coopmat_zpgtr_orin_bf_t128x128k64g24s32mk32ra_texture3d_texture2d_half,2048,1024,3072,2.4343,5.293
orin,3b,8da4w,cand,sarc_linear_dq8ca_coopmat_zpgtr_orin_bf_t128x128k64g24s32mk32ra_texture3d_texture2d_half,2048,3072,3072,7.2951,5.299
orin,3b,8da4w,cand,sarc_linear_dq8ca_coopmat_zpgtr_orin_bf_t128x128k64g24s32mk32ra_texture3d_texture2d_half,2048,8192,3072,19.4495,5.3
orin,3b,8da4w,cand,sarc_linear_dq8ca_coopmat_zpgtr_orin_bf_t128x128k64g24s32mk32ra_texture3d_texture2d_half,2048,8192,3072,19.4372,5.303
orin,3b,8da4w,cand,sarc_linear_dq8ca_coopmat_zpgtr_orin_bf_t128x128k64g24s32mk32ra_texture3d_texture2d_half,2048,3072,8192,19.0737,5.404
orin,3b,8da4w,cand,sarc_linear_dq8ca_coopmat_zpgtr_orin_bf_t128x128k64g24s32mk32ra_texture3d_texture2d_half,2048,3072,3072,7.2903,5.302
orin,3b,8da4w,cand,sarc_linear_dq8ca_coopmat_zpgtr_orin_bf_t128x128k64g24s32mk32ra_texture3d_texture2d_half,2048,1024,3072,2.4638,5.23
orin,3b,8da4w,cand,sarc_linear_dq8ca_coopmat_zpgtr_orin_bf_t128x128k64g24s32mk32ra_texture3d_texture2d_half,2048,1024,3072,2.4394,5.282
orin,3b,8da4w,cand,sarc_linear_dq8ca_coopmat_zpgtr_orin_bf_t128x128k64g24s32mk32ra_texture3d_texture2d_half,2048,3072,3072,7.2935,5.3
orin,3b,8da4w,cand,sarc_linear_dq8ca_coopmat_zpgtr_orin_bf_t128x128k64g24s32mk32ra_texture3d_texture2d_half,2048,8192,3072,19.448,5.3
orin,3b,8da4w,cand,sarc_linear_dq8ca_coopmat_zpgtr_orin_bf_t128x128k64g24s32mk32ra_texture3d_texture2d_half,2048,8192,3072,19.351,5.327
orin,3b,8da4w,cand,sarc_linear_dq8ca_coopmat_zpgtr_orin_bf_t128x128k64g24s32mk32ra_texture3d_texture2d_half,2048,3072,8192,18.9394,5.443
orin,3b,8da4w,cand,sarc_linear_dq8ca_coopmat_zpgtr_orin_bf_t128x128k64g24s32mk32ra_texture3d_texture2d_half,2048,3072,3072,7.2521,5.33
orin,3b,8da4w,cand,sarc_linear_dq8ca_coopmat_zpgtr_orin_bf_t128x128k64g24s32mk32ra_texture3d_texture2d_half,2048,1024,3072,2.4555,5.247
orin,3b,8da4w,cand,sarc_linear_dq8ca_coopmat_zpgtr_orin_bf_t128x128k64g24s32mk32ra_texture3d_texture2d_half,2048,1024,3072,2.4295,5.304
orin,3b,8da4w,cand,sarc_linear_dq8ca_coopmat_zpgtr_orin_bf_t128x128k64g24s32mk32ra_texture3d_texture2d_half,2048,3072,3072,7.2973,5.297
orin,3b,8da4w,cand,sarc_linear_dq8ca_coopmat_zpgtr_orin_bf_t128x128k64g24s32mk32ra_texture3d_texture2d_half,2048,8192,3072,19.4195,5.308
orin,3b,8da4w,cand,sarc_linear_dq8ca_coopmat_zpgtr_orin_bf_t128x128k64g24s32mk32ra_texture3d_texture2d_half,2048,8192,3072,19.4289,5.305
orin,3b,8da4w,cand,sarc_linear_dq8ca_coopmat_zpgtr_orin_bf_t128x128k64g24s32mk32ra_texture3d_texture2d_half,2048,3072,8192,19.0701,5.405
orin,3b,8da4w,cand,sarc_linear_dq8ca_coopmat_zpgtr_orin_bf_t128x128k64g24s32mk32ra_texture3d_texture2d_half,2048,3072,3072,7.2905,5.302
orin,3b,8da4w,cand,sarc_linear_dq8ca_coopmat_zpgtr_orin_bf_t128x128k64g24s32mk32ra_texture3d_texture2d_half,2048,1024,3072,2.4583,5.241
orin,3b,8da4w,cand,sarc_linear_dq8ca_coopmat_zpgtr_orin_bf_t128x128k64g24s32mk32ra_texture3d_texture2d_half,2048,1024,3072,2.4414,5.278
orin,3b,8da4w,cand,sarc_linear_dq8ca_coopmat_zpgtr_orin_bf_t128x128k64g24s32mk32ra_texture3d_texture2d_half,2048,3072,3072,7.2898,5.303
orin,3b,8da4w,cand,sarc_linear_dq8ca_coopmat_zpgtr_orin_bf_t128x128k64g24s32mk32ra_texture3d_texture2d_half,2048,8192,3072,19.4246,5.307
orin,3b,8da4w,cand,sarc_linear_dq8ca_coopmat_zpgtr_orin_bf_t128x128k64g24s32mk32ra_texture3d_texture2d_half,2048,8192,3072,19.4013,5.313
orin,3b,8da4w,cand,sarc_linear_dq8ca_coopmat_zpgtr_orin_bf_t128x128k64g24s32mk32ra_texture3d_texture2d_half,2048,3072,8192,19.025,5.418
orin,3b,8da4w,cand,sarc_linear_dq8ca_coopmat_zpgtr_orin_bf_t128x128k64g24s32mk32ra_texture3d_texture2d_half,2048,3072,3072,7.2956,5.298
orin,3b,8da4w,cand,sarc_linear_dq8ca_coopmat_zpgtr_orin_bf_t128x128k64g24s32mk32ra_texture3d_texture2d_half,2048,1024,3072,2.4615,5.235
orin,3b,8da4w,cand,sarc_linear_dq8ca_coopmat_zpgtr_orin_bf_t128x128k64g24s32mk32ra_texture3d_texture2d_half,2048,1024,3072,2.4311,5.3
orin,3b,8da4w,cand,sarc_linear_dq8ca_coopmat_zpgtr_orin_bf_t128x128k64g24s32mk32ra_texture3d_texture2d_half,2048,3072,3072,7.2963,5.298
orin,3b,8da4w,cand,sarc_linear_dq8ca_coopmat_zpgtr_orin_bf_t128x128k64g24s32mk32ra_texture3d_texture2d_half,2048,8192,3072,19.4212,5.308
orin,3b,8da4w,cand,sarc_linear_dq8ca_coopmat_zpgtr_orin_bf_t128x128k64g24s32mk32ra_texture3d_texture2d_half,2048,8192,3072,19.4456,5.301
orin,3b,8da4w,cand,sarc_linear_dq8ca_coopmat_zpgtr_orin_bf_t128x128k64g24s32mk32ra_texture3d_texture2d_half,2048,3072,8192,19.0525,5.41
orin,3b,8da4w,cand,sarc_linear_dq8ca_coopmat_zpgtr_orin_bf_t128x128k64g24s32mk32ra_texture3d_texture2d_half,2048,3072,3072,7.2918,5.301
orin,3b,8da4w,cand,sarc_linear_dq8ca_coopmat_zpgtr_orin_bf_t128x128k64g24s32mk32ra_texture3d_texture2d_half,2048,1024,3072,2.4631,5.231
orin,3b,8da4w,cand,sarc_linear_dq8ca_coopmat_zpgtr_orin_bf_t128x128k64g24s32mk32ra_texture3d_texture2d_half,2048,1024,3072,2.4351,5.291
orin,3b,8da4w,cand,sarc_linear_dq8ca_coopmat_zpgtr_orin_bf_t128x128k64g24s32mk32ra_texture3d_texture2d_half,2048,3072,3072,7.2985,5.296
orin,3b,8da4w,cand,sarc_linear_dq8ca_coopmat_zpgtr_orin_bf_t128x128k64g24s32mk32ra_texture3d_texture2d_half,2048,8192,3072,19.4434,5.301
orin,3b,8da4w,cand,sarc_linear_dq8ca_coopmat_zpgtr_orin_bf_t128x128k64g24s32mk32ra_texture3d_texture2d_half,2048,8192,3072,19.4029,5.313
orin,3b,8da4w,cand,sarc_linear_dq8ca_coopmat_zpgtr_orin_bf_t128x128k64g24s32mk32ra_texture3d_texture2d_half,2048,3072,8192,19.0777,5.403
orin,3b,8da4w,cand,sarc_linear_dq8ca_coopmat_zpgtr_orin_bf_t128x128k64g24s32mk32ra_texture3d_texture2d_half,2048,3072,3072,7.2885,5.304
orin,3b,8da4w,cand,sarc_linear_dq8ca_coopmat_zpgtr_orin_bf_t128x128k64g24s32mk32ra_texture3d_texture2d_half,2048,1024,3072,2.4624,5.233
orin,3b,8da4w,cand,sarc_linear_dq8ca_coopmat_zpgtr_orin_bf_t128x128k64g24s32mk32ra_texture3d_texture2d_half,2048,1024,3072,2.4355,5.29
orin,3b,8da4w,cand,sarc_linear_dq8ca_coopmat_zpgtr_orin_bf_t128x128k64g24s32mk32ra_texture3d_texture2d_half,2048,3072,3072,7.2588,5.325
orin,3b,8da4w,cand,sarc_linear_dq8ca_coopmat_zpgtr_orin_bf_t128x128k64g24s32mk32ra_texture3d_texture2d_half,2048,8192,3072,19.3162,5.336
orin,3b,8da4w,cand,sarc_linear_dq8ca_coopmat_zpgtr_orin_bf_t128x128k64g24s32mk32ra_texture3d_texture2d_half,2048,8192,3072,19.332,5.332
orin,3b,8da4w,cand,sarc_linear_dq8ca_coopmat_zpgtr_orin_bf_t128x128k64g24s32mk32ra_texture3d_texture2d_half,2048,3072,8192,19.0277,5.417
orin,3b,8da4w,cand,sarc_linear_dq8ca_coopmat_zpgtr_orin_bf_t128x128k64g24s32mk32ra_texture3d_texture2d_half,2048,3072,3072,7.2544,5.328
orin,3b,8da4w,cand,sarc_linear_dq8ca_coopmat_zpgtr_orin_bf_t128x128k64g24s32mk32ra_texture3d_texture2d_half,2048,1024,3072,2.4469,5.266
orin,3b,8da4w,cand,sarc_linear_dq8ca_coopmat_zpgtr_orin_bf_t128x128k64g24s32mk32ra_texture3d_texture2d_half,2048,1024,3072,2.4199,5.325
orin,3b,8da4w,cand,sarc_linear_dq8ca_coopmat_zpgtr_orin_bf_t128x128k64g24s32mk32ra_texture3d_texture2d_half,2048,3072,3072,7.2976,5.297
orin,3b,8da4w,cand,sarc_linear_dq8ca_coopmat_zpgtr_orin_bf_t128x128k64g24s32mk32ra_texture3d_texture2d_half,2048,8192,3072,19.399,5.314
orin,3b,8da4w,cand,sarc_linear_dq8ca_coopmat_zpgtr_orin_bf_t128x128k64g24s32mk32ra_texture3d_texture2d_half,2048,8192,3072,19.4035,5.312
orin,3b,8da4w,cand,sarc_linear_dq8ca_coopmat_zpgtr_orin_bf_t128x128k64g24s32mk32ra_texture3d_texture2d_half,2048,3072,8192,19.0317,5.416
orin,3b,8da4w,cand,sarc_linear_dq8ca_coopmat_zpgtr_orin_bf_t128x128k64g24s32mk32ra_texture3d_texture2d_half,2048,3072,3072,7.2867,5.305
orin,3b,8da4w,cand,sarc_linear_dq8ca_coopmat_zpgtr_orin_bf_t128x128k64g24s32mk32ra_texture3d_texture2d_half,2048,1024,3072,2.4649,5.227
orin,3b,8da4w,cand,sarc_linear_dq8ca_coopmat_zpgtr_orin_bf_t128x128k64g24s32mk32ra_texture3d_texture2d_half,2048,1024,3072,2.4342,5.293
orin,3b,8da4w,cand,sarc_linear_dq8ca_coopmat_zpgtr_orin_bf_t128x128k64g24s32mk32ra_texture3d_texture2d_half,2048,3072,3072,7.2985,5.296
orin,3b,8da4w,cand,sarc_linear_dq8ca_coopmat_zpgtr_orin_bf_t128x128k64g24s32mk32ra_texture3d_texture2d_half,2048,8192,3072,19.4086,5.311
orin,3b,8da4w,cand,sarc_linear_dq8ca_coopmat_zpgtr_orin_bf_t128x128k64g24s32mk32ra_texture3d_texture2d_half,2048,8192,3072,19.4031,5.313
orin,3b,8da4w,cand,sarc_linear_dq8ca_coopmat_zpgtr_orin_bf_t128x128k64g24s32mk32ra_texture3d_texture2d_half,2048,3072,8192,19.0348,5.415
orin,3b,8da4w,cand,sarc_linear_dq8ca_coopmat_zpgtr_orin_bf_t128x128k64g24s32mk32ra_texture3d_texture2d_half,2048,3072,3072,7.2846,5.306
orin,3b,8da4w,cand,sarc_linear_dq8ca_coopmat_zpgtr_orin_bf_t128x128k64g24s32mk32ra_texture3d_texture2d_half,2048,1024,3072,2.4601,5.238
orin,3b,8da4w,cand,sarc_linear_dq8ca_coopmat_zpgtr_orin_bf_t128x128k64g24s32mk32ra_texture3d_texture2d_half,2048,1024,3072,2.434,5.294
orin,3b,8da4w,cand,sarc_linear_dq8ca_coopmat_zpgtr_orin_bf_t128x128k64g24s32mk32ra_texture3d_texture2d_half,2048,3072,3072,7.2971,5.297
orin,3b,8da4w,cand,sarc_linear_dq8ca_coopmat_zpgtr_orin_bf_t128x128k64g24s32mk32ra_texture3d_texture2d_half,2048,8192,3072,19.4094,5.311
orin,3b,8da4w,cand,sarc_linear_dq8ca_coopmat_zpgtr_orin_bf_t128x128k64g24s32mk32ra_texture3d_texture2d_half,2048,8192,3072,19.39,5.316
orin,3b,8da4w,cand,sarc_linear_dq8ca_coopmat_zpgtr_orin_bf_t128x128k64g24s32mk32ra_texture3d_texture2d_half,2048,3072,8192,19.0392,5.414
orin,3b,8da4w,cand,sarc_linear_dq8ca_coopmat_zpgtr_orin_bf_t128x128k64g24s32mk32ra_texture3d_texture2d_half,2048,3072,3072,7.2743,5.314
orin,3b,8da4w,cand,sarc_linear_dq8ca_coopmat_zpgtr_orin_bf_t128x128k64g24s32mk32ra_texture3d_texture2d_half,2048,1024,3072,2.4632,5.231
orin,3b,8da4w,cand,sarc_linear_dq8ca_coopmat_zpgtr_orin_bf_t128x128k64g24s32mk32ra_texture3d_texture2d_half,2048,1024,3072,2.4331,5.296
orin,3b,8da4w,cand,sarc_linear_dq8ca_coopmat_zpgtr_orin_bf_t128x128k64g24s32mk32ra_texture3d_texture2d_half,2048,3072,3072,7.2926,5.301
orin,3b,8da4w,cand,sarc_linear_dq8ca_coopmat_zpgtr_orin_bf_t128x128k64g24s32mk32ra_texture3d_texture2d_half,2048,8192,3072,19.3921,5.316
orin,3b,8da4w,cand,sarc_linear_dq8ca_coopmat_zpgtr_orin_bf_t128x128k64g24s32mk32ra_texture3d_texture2d_half,2048,8192,3072,19.398,5.314
orin,3b,8da4w,cand,sarc_linear_dq8ca_coopmat_zpgtr_orin_bf_t128x128k64g24s32mk32ra_texture3d_texture2d_half,2048,3072,8192,18.983,5.43
orin,3b,8da4w,cand,sarc_linear_dq8ca_coopmat_zpgtr_orin_bf_t128x128k64g24s32mk32ra_texture3d_texture2d_half,2048,3072,3072,7.2485,5.333
orin,3b,8da4w,cand,sarc_linear_dq8ca_coopmat_zpgtr_orin_bf_t128x128k64g24s32mk32ra_texture3d_texture2d_half,2048,1024,3072,2.452,5.255
orin,3b,8da4w,cand,sarc_linear_dq8ca_coopmat_zpgtr_orin_bf_t128x128k64g24s32mk32ra_texture3d_texture2d_half,2048,1024,3072,2.4209,5.322
orin,3b,8da4w,cand,sarc_linear_dq8ca_coopmat_zpgtr_orin_bf_t128x128k64g24s32mk32ra_texture3d_texture2d_half,2048,3072,3072,7.258,5.326
orin,3b,8da4w,cand,sarc_linear_dq8ca_coopmat_zpgtr_orin_bf_t128x128k64g24s32mk32ra_texture3d_texture2d_half,2048,8192,3072,19.4075,5.311
orin,3b,8da4w,cand,sarc_linear_dq8ca_coopmat_zpgtr_orin_bf_t128x128k64g24s32mk32ra_texture3d_texture2d_half,2048,8192,3072,19.3994,5.314
orin,3b,8da4w,cand,sarc_linear_dq8ca_coopmat_zpgtr_orin_bf_t128x128k64g24s32mk32ra_texture3d_texture2d_half,2048,3072,8192,19.0633,5.407
orin,3b,8da4w,cand,sarc_linear_dq8ca_coopmat_zpgtr_orin_bf_t128x128k64g24s32mk32ra_texture3d_texture2d_half,2048,3072,3072,7.2891,5.303
orin,3b,8da4w,cand,sarc_linear_dq8ca_coopmat_zpgtr_orin_bf_t128x128k64g24s32mk32ra_texture3d_texture2d_half,2048,1024,3072,2.4553,5.248
orin,3b,8da4w,cand,sarc_linear_dq8ca_coopmat_zpgtr_orin_bf_t128x128k64g24s32mk32ra_texture3d_texture2d_half,2048,1024,3072,2.43,5.302
orin,3b,8da4w,cand,sarc_linear_dq8ca_coopmat_zpgtr_orin_bf_t128x128k64g24s32mk32ra_texture3d_texture2d_half,2048,3072,3072,7.296,5.298
orin,3b,8da4w,cand,sarc_linear_dq8ca_coopmat_zpgtr_orin_bf_t128x128k64g24s32mk32ra_texture3d_texture2d_half,2048,8192,3072,19.3971,5.314
orin,3b,8da4w,cand,sarc_linear_dq8ca_coopmat_zpgtr_orin_bf_t128x128k64g24s32mk32ra_texture3d_texture2d_half,2048,8192,3072,19.395,5.315
orin,3b,8da4w,cand,sarc_linear_dq8ca_coopmat_zpgtr_orin_bf_t128x128k64g24s32mk32ra_texture3d_texture2d_half,2048,3072,8192,19.0482,5.411
orin,3b,8da4w,cand,sarc_linear_dq8ca_coopmat_zpgtr_orin_bf_t128x128k64g24s32mk32ra_texture3d_texture2d_half,2048,3072,3072,7.2892,5.303
orin,3b,8da4w,cand,sarc_linear_dq8ca_coopmat_zpgtr_orin_bf_t128x128k64g24s32mk32ra_texture3d_texture2d_half,2048,1024,3072,2.4605,5.237
orin,3b,8da4w,cand,sarc_linear_dq8ca_coopmat_zpgtr_orin_bf_t128x128k64g24s32mk32ra_texture3d_texture2d_half,2048,1024,3072,2.4344,5.293
orin,3b,8da4w,cand,sarc_linear_dq8ca_coopmat_zpgtr_orin_bf_t128x128k64g24s32mk32ra_texture3d_texture2d_half,2048,3072,3072,7.3011,5.294
orin,3b,8da4w,cand,sarc_linear_dq8ca_coopmat_zpgtr_orin_bf_t128x128k64g24s32mk32ra_texture3d_texture2d_half,2048,8192,3072,19.3932,5.315
orin,3b,8da4w,cand,sarc_linear_dq8ca_coopmat_zpgtr_orin_bf_t128x128k64g24s32mk32ra_texture3d_texture2d_half,2048,8192,3072,19.3876,5.317
orin,3b,8da4w,cand,sarc_linear_dq8ca_coopmat_zpgtr_orin_bf_t128x128k64g24s32mk32ra_texture3d_texture2d_half,2048,3072,8192,19.0378,5.414
orin,3b,8da4w,cand,sarc_linear_dq8ca_coopmat_zpgtr_orin_bf_t128x128k64g24s32mk32ra_texture3d_texture2d_half,2048,3072,3072,7.2895,5.303
orin,3b,8da4w,cand,sarc_linear_dq8ca_coopmat_zpgtr_orin_bf_t128x128k64g24s32mk32ra_texture3d_texture2d_half,2048,1024,3072,2.4657,5.226
orin,3b,8da4w,cand,sarc_linear_dq8ca_coopmat_zpgtr_orin_bf_t128x128k64g24s32mk32ra_texture3d_texture2d_half,2048,1024,3072,2.4313,5.3
orin,3b,8da4w,cand,sarc_linear_dq8ca_coopmat_zpgtr_orin_bf_t128x128k64g24s32mk32ra_texture3d_texture2d_half,2048,3072,3072,7.2926,5.301
orin,3b,8da4w,cand,sarc_linear_dq8ca_coopmat_zpgtr_orin_bf_t128x128k64g24s32mk32ra_texture3d_texture2d_half,2048,8192,3072,19.4129,5.31
orin,3b,8da4w,cand,sarc_linear_dq8ca_coopmat_zpgtr_orin_bf_t128x128k64g24s32mk32ra_texture3d_texture2d_half,2048,8192,3072,19.4126,5.31
orin,3b,8da4w,cand,sarc_linear_dq8ca_coopmat_zpgtr_orin_bf_t128x128k64g24s32mk32ra_texture3d_texture2d_half,2048,3072,8192,19.0612,5.408
orin,3b,8da4w,cand,sarc_linear_dq8ca_coopmat_zpgtr_orin_bf_t128x128k64g24s32mk32ra_texture3d_texture2d_half,2048,3072,3072,7.287,5.305
orin,3b,8da4w,cand,sarc_linear_dq8ca_coopmat_zpgtr_orin_bf_t128x128k64g24s32mk32ra_texture3d_texture2d_half,2048,1024,3072,2.4578,5.242
orin,3b,8da4w,cand,sarc_linear_dq8ca_coopmat_zpgtr_orin_bf_t128x128k64g24s32mk32ra_texture3d_texture2d_half,2048,1024,3072,2.4321,5.298
orin,3b,8da4w,cand,sarc_linear_dq8ca_coopmat_zpgtr_orin_bf_t128x128k64g24s32mk32ra_texture3d_texture2d_half,2048,3072,3072,7.2654,5.32
orin,3b,8da4w,cand,sarc_linear_dq8ca_coopmat_zpgtr_orin_bf_t128x128k64g24s32mk32ra_texture3d_texture2d_half,2048,8192,3072,19.3591,5.325
orin,3b,8da4w,cand,sarc_linear_dq8ca_coopmat_zpgtr_orin_bf_t128x128k64g24s32mk32ra_texture3d_texture2d_half,2048,8192,3072,19.3025,5.34
orin,3b,8da4w,cand,sarc_linear_dq8ca_coopmat_zpgtr_orin_bf_t128x128k64g24s32mk32ra_texture3d_texture2d_half,2048,3072,8192,18.9863,5.429
orin,3b,8da4w,cand,sarc_linear_dq8ca_coopmat_zpgtr_orin_bf_t128x128k64g24s32mk32ra_texture3d_texture2d_half,2048,3072,3072,7.2858,5.306
orin,3b,8da4w,cand,sarc_linear_dq8ca_coopmat_zpgtr_orin_bf_t128x128k64g24s32mk32ra_texture3d_texture2d_half,2048,1024,3072,2.4609,5.236
orin,3b,8da4w,cand,sarc_linear_dq8ca_coopmat_zpgtr_orin_bf_t128x128k64g24s32mk32ra_texture3d_texture2d_half,2048,1024,3072,2.4315,5.299
orin,3b,8da4w,cand,sarc_linear_dq8ca_coopmat_zpgtr_orin_bf_t128x128k64g24s32mk32ra_texture3d_texture2d_half,2048,3072,3072,7.3009,5.294
orin,3b,8da4w,cand,sarc_linear_dq8ca_coopmat_zpgtr_orin_bf_t128x128k64g24s32mk32ra_texture3d_texture2d_half,2048,8192,3072,19.408,5.311
orin,3b,8da4w,cand,sarc_linear_dq8ca_coopmat_zpgtr_orin_bf_t128x128k64g24s32mk32ra_texture3d_texture2d_half,2048,8192,3072,19.4205,5.308
orin,3b,8da4w,cand,sarc_linear_dq8ca_coopmat_zpgtr_orin_bf_t128x128k64g24s32mk32ra_texture3d_texture2d_half,2048,3072,8192,19.0204,5.419
orin,3b,8da4w,cand,sarc_linear_dq8ca_coopmat_zpgtr_orin_bf_t128x128k64g24s32mk32ra_texture3d_texture2d_half,2048,3072,3072,7.3005,5.295
orin,3b,8da4w,cand,sarc_linear_dq8ca_coopmat_zpgtr_orin_bf_t128x128k64g24s32mk32ra_texture3d_texture2d_half,2048,1024,3072,2.4592,5.239
orin,3b,8da4w,cand,sarc_linear_dq8ca_coopmat_zpgtr_orin_bf_t128x128k64g24s32mk32ra_texture3d_texture2d_half,2048,1024,3072,2.4311,5.3
orin,3b,8da4w,cand,sarc_linear_dq8ca_coopmat_zpgtr_orin_bf_t128x128k64g24s32mk32ra_texture3d_texture2d_half,2048,3072,3072,7.2967,5.298
orin,3b,8da4w,cand,sarc_linear_dq8ca_coopmat_zpgtr_orin_bf_t128x128k64g24s32mk32ra_texture3d_texture2d_half,2048,8192,3072,19.4108,5.31
orin,3b,8da4w,cand,sarc_linear_dq8ca_coopmat_zpgtr_orin_bf_t128x128k64g24s32mk32ra_texture3d_texture2d_half,2048,8192,3072,19.4066,5.312
orin,3b,8da4w,cand,sarc_linear_dq8ca_coopmat_zpgtr_orin_bf_t128x128k64g24s32mk32ra_texture3d_texture2d_half,2048,3072,8192,19.0384,5.414
orin,3b,8da4w,cand,sarc_linear_dq8ca_coopmat_zpgtr_orin_bf_t128x128k64g24s32mk32ra_texture3d_texture2d_half,2048,3072,3072,7.2842,5.307
orin,3b,8da4w,cand,sarc_linear_dq8ca_coopmat_zpgtr_orin_bf_t128x128k64g24s32mk32ra_texture3d_texture2d_half,2048,1024,3072,2.4771,5.202
orin,3b,8da4w,cand,sarc_linear_dq8ca_coopmat_zpgtr_orin_bf_t128x128k64g24s32mk32ra_texture3d_texture2d_half,2048,1024,3072,2.4324,5.297
orin,3b,8da4w,cand,sarc_linear_dq8ca_coopmat_zpgtr_orin_bf_t128x128k64g24s32mk32ra_texture3d_texture2d_half,2048,3072,3072,7.2912,5.302
orin,3b,8da4w,cand,sarc_linear_dq8ca_coopmat_zpgtr_orin_bf_t128x128k64g24s32mk32ra_texture3d_texture2d_half,2048,8192,3072,19.3966,5.314
orin,3b,8da4w,cand,sarc_linear_dq8ca_coopmat_zpgtr_orin_bf_t128x128k64g24s32mk32ra_texture3d_texture2d_half,2048,8192,3072,19.401,5.313
orin,3b,8da4w,cand,sarc_linear_dq8ca_coopmat_zpgtr_orin_bf_t128x128k64g24s32mk32ra_texture3d_texture2d_half,2048,3072,8192,19.0213,5.419
orin,3b,8da4w,cand,sarc_linear_dq8ca_coopmat_zpgtr_orin_bf_t128x128k64g24s32mk32ra_texture3d_texture2d_half,2048,3072,3072,7.2944,5.299
orin,3b,8da4w,cand,sarc_linear_dq8ca_coopmat_zpgtr_orin_bf_t128x128k64g24s32mk32ra_texture3d_texture2d_half,2048,1024,3072,2.4633,5.231
orin,3b,8da4w,cand,sarc_linear_dq8ca_coopmat_zpgtr_orin_bf_t128x128k64g24s32mk32ra_texture3d_texture2d_half,2048,1024,3072,2.4404,5.28
orin,3b,8da4w,cand,sarc_linear_dq8ca_coopmat_zpgtr_orin_bf_t128x128k64g24s32mk32ra_texture3d_texture2d_half,2048,3072,3072,7.3033,5.293
orin,3b,8da4w,cand,sarc_linear_dq8ca_coopmat_zpgtr_orin_bf_t128x128k64g24s32mk32ra_texture3d_texture2d_half,2048,8192,3072,19.4145,5.309
orin,3b,8da4w,cand,sarc_linear_dq8ca_coopmat_zpgtr_orin_bf_t128x128k64g24s32mk32ra_texture3d_texture2d_half,2048,8192,3072,19.41,5.311
orin,3b,8da4w,cand,sarc_linear_dq8ca_coopmat_zpgtr_orin_bf_t128x128k64g24s32mk32ra_texture3d_texture2d_half,2048,3072,8192,19.0448,5.412
orin,3b,8da4w,cand,sarc_linear_dq8ca_coopmat_zpgtr_orin_bf_t128x128k64g24s32mk32ra_texture3d_texture2d_half,2048,3072,3072,7.2833,5.307
orin,3b,8da4w,cand,sarc_linear_dq8ca_coopmat_zpgtr_orin_bf_t128x128k64g24s32mk32ra_texture3d_texture2d_half,2048,1024,3072,2.4585,5.241
orin,3b,8da4w,cand,sarc_linear_dq8ca_coopmat_zpgtr_orin_bf_t128x128k64g24s32mk32ra_texture3d_texture2d_half,2048,1024,3072,2.4193,5.326
orin,3b,8da4w,cand,sarc_linear_dq8ca_coopmat_zpgtr_orin_bf_t128x128k64g24s32mk32ra_texture3d_texture2d_half,2048,3072,3072,7.2537,5.329
orin,3b,8da4w,cand,sarc_linear_dq8ca_coopmat_zpgtr_orin_bf_t128x128k64g24s32mk32ra_texture3d_texture2d_half,2048,8192,3072,19.3754,5.32
orin,3b,8da4w,cand,sarc_linear_dq8ca_coopmat_zpgtr_orin_bf_t128x128k64g24s32mk32ra_texture3d_texture2d_half,2048,8192,3072,19.381,5.319
orin,3b,8da4w,cand,sarc_linear_dq8ca_coopmat_zpgtr_orin_bf_t128x128k64g24s32mk32ra_texture3d_texture2d_half,2048,3072,8192,19.0465,5.412
orin,3b,8da4w,parent,sarc_linear_dq8ca_coopmat_zpgtr_orin_bf_t128x128k64g24s32mk32ra_texture3d_texture2d_half,2048,3072,3072,7.4287,5.203
orin,3b,8da4w,parent,sarc_linear_dq8ca_coopmat_zpgtr_orin_bf_t128x128k64g24s32mk32ra_texture3d_texture2d_half,2048,1024,3072,2.4632,5.231
orin,3b,8da4w,parent,sarc_linear_dq8ca_coopmat_zpgtr_orin_bf_t128x128k64g24s32mk32ra_texture3d_texture2d_half,2048,1024,3072,2.4315,5.299
orin,3b,8da4w,parent,sarc_linear_dq8ca_coopmat_zpgtr_orin_bf_t128x128k64g24s32mk32ra_texture3d_texture2d_half,2048,3072,3072,7.2861,5.305
orin,3b,8da4w,parent,sarc_linear_dq8ca_coopmat_zpgtr_orin_bf_t128x128k64g24s32mk32ra_texture3d_texture2d_half,2048,8192,3072,19.6235,5.253
orin,3b,8da4w,parent,sarc_linear_dq8ca_coopmat_zpgtr_orin_bf_t128x128k64g24s32mk32ra_texture3d_texture2d_half,2048,8192,3072,19.4046,5.312
orin,3b,8da4w,parent,sarc_linear_dq8ca_coopmat_zpgtr_orin_bf_t128x128k64g24s32mk32ra_texture3d_texture2d_half,2048,3072,8192,19.0436,5.413
orin,3b,8da4w,parent,sarc_linear_dq8ca_coopmat_zpgtr_orin_bf_t128x128k64g24s32mk32ra_texture3d_texture2d_half,2048,3072,3072,7.289,5.303
orin,3b,8da4w,parent,sarc_linear_dq8ca_coopmat_zpgtr_orin_bf_t128x128k64g24s32mk32ra_texture3d_texture2d_half,2048,1024,3072,2.4597,5.238
orin,3b,8da4w,parent,sarc_linear_dq8ca_coopmat_zpgtr_orin_bf_t128x128k64g24s32mk32ra_texture3d_texture2d_half,2048,1024,3072,2.4386,5.284
orin,3b,8da4w,parent,sarc_linear_dq8ca_coopmat_zpgtr_orin_bf_t128x128k64g24s32mk32ra_texture3d_texture2d_half,2048,3072,3072,7.3028,5.293
orin,3b,8da4w,parent,sarc_linear_dq8ca_coopmat_zpgtr_orin_bf_t128x128k64g24s32mk32ra_texture3d_texture2d_half,2048,8192,3072,19.6351,5.25
orin,3b,8da4w,parent,sarc_linear_dq8ca_coopmat_zpgtr_orin_bf_t128x128k64g24s32mk32ra_texture3d_texture2d_half,2048,8192,3072,19.4146,5.309
orin,3b,8da4w,parent,sarc_linear_dq8ca_coopmat_zpgtr_orin_bf_t128x128k64g24s32mk32ra_texture3d_texture2d_half,2048,3072,8192,19.0542,5.41
orin,3b,8da4w,parent,sarc_linear_dq8ca_coopmat_zpgtr_orin_bf_t128x128k64g24s32mk32ra_texture3d_texture2d_half,2048,3072,3072,7.2853,5.306
orin,3b,8da4w,parent,sarc_linear_dq8ca_coopmat_zpgtr_orin_bf_t128x128k64g24s32mk32ra_texture3d_texture2d_half,2048,1024,3072,2.4614,5.235
orin,3b,8da4w,parent,sarc_linear_dq8ca_coopmat_zpgtr_orin_bf_t128x128k64g24s32mk32ra_texture3d_texture2d_half,2048,1024,3072,2.4291,5.304
orin,3b,8da4w,parent,sarc_linear_dq8ca_coopmat_zpgtr_orin_bf_t128x128k64g24s32mk32ra_texture3d_texture2d_half,2048,3072,3072,7.2918,5.301
orin,3b,8da4w,parent,sarc_linear_dq8ca_coopmat_zpgtr_orin_bf_t128x128k64g24s32mk32ra_texture3d_texture2d_half,2048,8192,3072,19.6273,5.252
orin,3b,8da4w,parent,sarc_linear_dq8ca_coopmat_zpgtr_orin_bf_t128x128k64g24s32mk32ra_texture3d_texture2d_half,2048,8192,3072,19.3923,5.315
orin,3b,8da4w,parent,sarc_linear_dq8ca_coopmat_zpgtr_orin_bf_t128x128k64g24s32mk32ra_texture3d_texture2d_half,2048,3072,8192,18.9968,5.426
orin,3b,8da4w,parent,sarc_linear_dq8ca_coopmat_zpgtr_orin_bf_t128x128k64g24s32mk32ra_texture3d_texture2d_half,2048,3072,3072,7.2899,5.303
orin,3b,8da4w,parent,sarc_linear_dq8ca_coopmat_zpgtr_orin_bf_t128x128k64g24s32mk32ra_texture3d_texture2d_half,2048,1024,3072,2.4559,5.247
orin,3b,8da4w,parent,sarc_linear_dq8ca_coopmat_zpgtr_orin_bf_t128x128k64g24s32mk32ra_texture3d_texture2d_half,2048,1024,3072,2.4308,5.301
orin,3b,8da4w,parent,sarc_linear_dq8ca_coopmat_zpgtr_orin_bf_t128x128k64g24s32mk32ra_texture3d_texture2d_half,2048,3072,3072,7.2575,5.326
orin,3b,8da4w,parent,sarc_linear_dq8ca_coopmat_zpgtr_orin_bf_t128x128k64g24s32mk32ra_texture3d_texture2d_half,2048,8192,3072,19.5667,5.268
orin,3b,8da4w,parent,sarc_linear_dq8ca_coopmat_zpgtr_orin_bf_t128x128k64g24s32mk32ra_texture3d_texture2d_half,2048,8192,3072,19.3987,5.314
orin,3b,8da4w,parent,sarc_linear_dq8ca_coopmat_zpgtr_orin_bf_t128x128k64g24s32mk32ra_texture3d_texture2d_half,2048,3072,8192,19.0145,5.421
orin,3b,8da4w,parent,sarc_linear_dq8ca_coopmat_zpgtr_orin_bf_t128x128k64g24s32mk32ra_texture3d_texture2d_half,2048,3072,3072,7.2893,5.303
orin,3b,8da4w,parent,sarc_linear_dq8ca_coopmat_zpgtr_orin_bf_t128x128k64g24s32mk32ra_texture3d_texture2d_half,2048,1024,3072,2.4634,5.231
orin,3b,8da4w,parent,sarc_linear_dq8ca_coopmat_zpgtr_orin_bf_t128x128k64g24s32mk32ra_texture3d_texture2d_half,2048,1024,3072,2.4401,5.281
orin,3b,8da4w,parent,sarc_linear_dq8ca_coopmat_zpgtr_orin_bf_t128x128k64g24s32mk32ra_texture3d_texture2d_half,2048,3072,3072,7.298,5.297
orin,3b,8da4w,parent,sarc_linear_dq8ca_coopmat_zpgtr_orin_bf_t128x128k64g24s32mk32ra_texture3d_texture2d_half,2048,8192,3072,19.6875,5.236
orin,3b,8da4w,parent,sarc_linear_dq8ca_coopmat_zpgtr_orin_bf_t128x128k64g24s32mk32ra_texture3d_texture2d_half,2048,8192,3072,19.4306,5.305
orin,3b,8da4w,parent,sarc_linear_dq8ca_coopmat_zpgtr_orin_bf_t128x128k64g24s32mk32ra_texture3d_texture2d_half,2048,3072,8192,19.0494,5.411
orin,3b,8da4w,parent,sarc_linear_dq8ca_coopmat_zpgtr_orin_bf_t128x128k64g24s32mk32ra_texture3d_texture2d_half,2048,3072,3072,7.3069,5.29
orin,3b,8da4w,parent,sarc_linear_dq8ca_coopmat_zpgtr_orin_bf_t128x128k64g24s32mk32ra_texture3d_texture2d_half,2048,1024,3072,2.4612,5.235
orin,3b,8da4w,parent,sarc_linear_dq8ca_coopmat_zpgtr_orin_bf_t128x128k64g24s32mk32ra_texture3d_texture2d_half,2048,1024,3072,2.437,5.287
orin,3b,8da4w,parent,sarc_linear_dq8ca_coopmat_zpgtr_orin_bf_t128x128k64g24s32mk32ra_texture3d_texture2d_half,2048,3072,3072,7.2936,5.3
orin,3b,8da4w,parent,sarc_linear_dq8ca_coopmat_zpgtr_orin_bf_t128x128k64g24s32mk32ra_texture3d_texture2d_half,2048,8192,3072,19.6638,5.242
orin,3b,8da4w,parent,sarc_linear_dq8ca_coopmat_zpgtr_orin_bf_t128x128k64g24s32mk32ra_texture3d_texture2d_half,2048,8192,3072,19.4156,5.309
orin,3b,8da4w,parent,sarc_linear_dq8ca_coopmat_zpgtr_orin_bf_t128x128k64g24s32mk32ra_texture3d_texture2d_half,2048,3072,8192,19.0113,5.422
orin,3b,8da4w,parent,sarc_linear_dq8ca_coopmat_zpgtr_orin_bf_t128x128k64g24s32mk32ra_texture3d_texture2d_half,2048,3072,3072,7.2895,5.303
orin,3b,8da4w,parent,sarc_linear_dq8ca_coopmat_zpgtr_orin_bf_t128x128k64g24s32mk32ra_texture3d_texture2d_half,2048,1024,3072,2.4643,5.229
orin,3b,8da4w,parent,sarc_linear_dq8ca_coopmat_zpgtr_orin_bf_t128x128k64g24s32mk32ra_texture3d_texture2d_half,2048,1024,3072,2.433,5.296
orin,3b,8da4w,parent,sarc_linear_dq8ca_coopmat_zpgtr_orin_bf_t128x128k64g24s32mk32ra_texture3d_texture2d_half,2048,3072,3072,7.2944,5.299
orin,3b,8da4w,parent,sarc_linear_dq8ca_coopmat_zpgtr_orin_bf_t128x128k64g24s32mk32ra_texture3d_texture2d_half,2048,8192,3072,19.6482,5.246
orin,3b,8da4w,parent,sarc_linear_dq8ca_coopmat_zpgtr_orin_bf_t128x128k64g24s32mk32ra_texture3d_texture2d_half,2048,8192,3072,19.4117,5.31
orin,3b,8da4w,parent,sarc_linear_dq8ca_coopmat_zpgtr_orin_bf_t128x128k64g24s32mk32ra_texture3d_texture2d_half,2048,3072,8192,19.0569,5.409
orin,3b,8da4w,parent,sarc_linear_dq8ca_coopmat_zpgtr_orin_bf_t128x128k64g24s32mk32ra_texture3d_texture2d_half,2048,3072,3072,7.2869,5.305
orin,3b,8da4w,parent,sarc_linear_dq8ca_coopmat_zpgtr_orin_bf_t128x128k64g24s32mk32ra_texture3d_texture2d_half,2048,1024,3072,2.4662,5.225
orin,3b,8da4w,parent,sarc_linear_dq8ca_coopmat_zpgtr_orin_bf_t128x128k64g24s32mk32ra_texture3d_texture2d_half,2048,1024,3072,2.4395,5.282
orin,3b,8da4w,parent,sarc_linear_dq8ca_coopmat_zpgtr_orin_bf_t128x128k64g24s32mk32ra_texture3d_texture2d_half,2048,3072,3072,7.3002,5.295
orin,3b,8da4w,parent,sarc_linear_dq8ca_coopmat_zpgtr_orin_bf_t128x128k64g24s32mk32ra_texture3d_texture2d_half,2048,8192,3072,19.6705,5.24
orin,3b,8da4w,parent,sarc_linear_dq8ca_coopmat_zpgtr_orin_bf_t128x128k64g24s32mk32ra_texture3d_texture2d_half,2048,8192,3072,19.3172,5.336
orin,3b,8da4w,parent,sarc_linear_dq8ca_coopmat_zpgtr_orin_bf_t128x128k64g24s32mk32ra_texture3d_texture2d_half,2048,3072,8192,18.9798,5.431
orin,3b,8da4w,parent,sarc_linear_dq8ca_coopmat_zpgtr_orin_bf_t128x128k64g24s32mk32ra_texture3d_texture2d_half,2048,3072,3072,7.2745,5.314
orin,3b,8da4w,parent,sarc_linear_dq8ca_coopmat_zpgtr_orin_bf_t128x128k64g24s32mk32ra_texture3d_texture2d_half,2048,1024,3072,2.459,5.24
orin,3b,8da4w,parent,sarc_linear_dq8ca_coopmat_zpgtr_orin_bf_t128x128k64g24s32mk32ra_texture3d_texture2d_half,2048,1024,3072,2.4365,5.288
orin,3b,8da4w,parent,sarc_linear_dq8ca_coopmat_zpgtr_orin_bf_t128x128k64g24s32mk32ra_texture3d_texture2d_half,2048,3072,3072,7.3067,5.29
orin,3b,8da4w,parent,sarc_linear_dq8ca_coopmat_zpgtr_orin_bf_t128x128k64g24s32mk32ra_texture3d_texture2d_half,2048,8192,3072,19.6547,5.245
orin,3b,8da4w,parent,sarc_linear_dq8ca_coopmat_zpgtr_orin_bf_t128x128k64g24s32mk32ra_texture3d_texture2d_half,2048,8192,3072,19.4245,5.307
orin,3b,8da4w,parent,sarc_linear_dq8ca_coopmat_zpgtr_orin_bf_t128x128k64g24s32mk32ra_texture3d_texture2d_half,2048,3072,8192,19.0259,5.418
orin,3b,8da4w,parent,sarc_linear_dq8ca_coopmat_zpgtr_orin_bf_t128x128k64g24s32mk32ra_texture3d_texture2d_half,2048,3072,3072,7.2899,5.303
orin,3b,8da4w,parent,sarc_linear_dq8ca_coopmat_zpgtr_orin_bf_t128x128k64g24s32mk32ra_texture3d_texture2d_half,2048,1024,3072,2.4576,5.243
orin,3b,8da4w,parent,sarc_linear_dq8ca_coopmat_zpgtr_orin_bf_t128x128k64g24s32mk32ra_texture3d_texture2d_half,2048,1024,3072,2.4391,5.283
orin,3b,8da4w,parent,sarc_linear_dq8ca_coopmat_zpgtr_orin_bf_t128x128k64g24s32mk32ra_texture3d_texture2d_half,2048,3072,3072,7.3006,5.295
orin,3b,8da4w,parent,sarc_linear_dq8ca_coopmat_zpgtr_orin_bf_t128x128k64g24s32mk32ra_texture3d_texture2d_half,2048,8192,3072,19.6501,5.246
orin,3b,8da4w,parent,sarc_linear_dq8ca_coopmat_zpgtr_orin_bf_t128x128k64g24s32mk32ra_texture3d_texture2d_half,2048,8192,3072,19.4345,5.304
orin,3b,8da4w,parent,sarc_linear_dq8ca_coopmat_zpgtr_orin_bf_t128x128k64g24s32mk32ra_texture3d_texture2d_half,2048,3072,8192,19.0393,5.414
orin,3b,8da4w,parent,sarc_linear_dq8ca_coopmat_zpgtr_orin_bf_t128x128k64g24s32mk32ra_texture3d_texture2d_half,2048,3072,3072,7.2871,5.305
orin,3b,8da4w,parent,sarc_linear_dq8ca_coopmat_zpgtr_orin_bf_t128x128k64g24s32mk32ra_texture3d_texture2d_half,2048,1024,3072,2.4615,5.234
orin,3b,8da4w,parent,sarc_linear_dq8ca_coopmat_zpgtr_orin_bf_t128x128k64g24s32mk32ra_texture3d_texture2d_half,2048,1024,3072,2.4467,5.266
orin,3b,8da4w,parent,sarc_linear_dq8ca_coopmat_zpgtr_orin_bf_t128x128k64g24s32mk32ra_texture3d_texture2d_half,2048,3072,3072,7.2985,5.296
orin,3b,8da4w,parent,sarc_linear_dq8ca_coopmat_zpgtr_orin_bf_t128x128k64g24s32mk32ra_texture3d_texture2d_half,2048,8192,3072,19.6112,5.256
orin,3b,8da4w,parent,sarc_linear_dq8ca_coopmat_zpgtr_orin_bf_t128x128k64g24s32mk32ra_texture3d_texture2d_half,2048,8192,3072,19.3807,5.319
orin,3b,8da4w,parent,sarc_linear_dq8ca_coopmat_zpgtr_orin_bf_t128x128k64g24s32mk32ra_texture3d_texture2d_half,2048,3072,8192,19.0254,5.418
orin,3b,8da4w,parent,sarc_linear_dq8ca_coopmat_zpgtr_orin_bf_t128x128k64g24s32mk32ra_texture3d_texture2d_half,2048,3072,3072,7.2835,5.307
orin,3b,8da4w,parent,sarc_linear_dq8ca_coopmat_zpgtr_orin_bf_t128x128k64g24s32mk32ra_texture3d_texture2d_half,2048,1024,3072,2.4592,5.24
orin,3b,8da4w,parent,sarc_linear_dq8ca_coopmat_zpgtr_orin_bf_t128x128k64g24s32mk32ra_texture3d_texture2d_half,2048,1024,3072,2.4348,5.292
orin,3b,8da4w,parent,sarc_linear_dq8ca_coopmat_zpgtr_orin_bf_t128x128k64g24s32mk32ra_texture3d_texture2d_half,2048,3072,3072,7.301,5.294
orin,3b,8da4w,parent,sarc_linear_dq8ca_coopmat_zpgtr_orin_bf_t128x128k64g24s32mk32ra_texture3d_texture2d_half,2048,8192,3072,19.6481,5.246
orin,3b,8da4w,parent,sarc_linear_dq8ca_coopmat_zpgtr_orin_bf_t128x128k64g24s32mk32ra_texture3d_texture2d_half,2048,8192,3072,19.3478,5.328
orin,3b,8da4w,parent,sarc_linear_dq8ca_coopmat_zpgtr_orin_bf_t128x128k64g24s32mk32ra_texture3d_texture2d_half,2048,3072,8192,19.0476,5.412
orin,3b,8da4w,parent,sarc_linear_dq8ca_coopmat_zpgtr_orin_bf_t128x128k64g24s32mk32ra_texture3d_texture2d_half,2048,3072,3072,7.2492,5.332
orin,3b,8da4w,parent,sarc_linear_dq8ca_coopmat_zpgtr_orin_bf_t128x128k64g24s32mk32ra_texture3d_texture2d_half,2048,1024,3072,2.4463,5.267
orin,3b,8da4w,parent,sarc_linear_dq8ca_coopmat_zpgtr_orin_bf_t128x128k64g24s32mk32ra_texture3d_texture2d_half,2048,1024,3072,2.4225,5.319
orin,3b,8da4w,parent,sarc_linear_dq8ca_coopmat_zpgtr_orin_bf_t128x128k64g24s32mk32ra_texture3d_texture2d_half,2048,3072,3072,7.2611,5.324
orin,3b,8da4w,parent,sarc_linear_dq8ca_coopmat_zpgtr_orin_bf_t128x128k64g24s32mk32ra_texture3d_texture2d_half,2048,8192,3072,19.6107,5.256
orin,3b,8da4w,parent,sarc_linear_dq8ca_coopmat_zpgtr_orin_bf_t128x128k64g24s32mk32ra_texture3d_texture2d_half,2048,8192,3072,19.3587,5.325
orin,3b,8da4w,parent,sarc_linear_dq8ca_coopmat_zpgtr_orin_bf_t128x128k64g24s32mk32ra_texture3d_texture2d_half,2048,3072,8192,18.9608,5.436
orin,3b,8da4w,parent,sarc_linear_dq8ca_coopmat_zpgtr_orin_bf_t128x128k64g24s32mk32ra_texture3d_texture2d_half,2048,3072,3072,7.2545,5.328
orin,3b,8da4w,parent,sarc_linear_dq8ca_coopmat_zpgtr_orin_bf_t128x128k64g24s32mk32ra_texture3d_texture2d_half,2048,1024,3072,2.4541,5.25
orin,3b,8da4w,parent,sarc_linear_dq8ca_coopmat_zpgtr_orin_bf_t128x128k64g24s32mk32ra_texture3d_texture2d_half,2048,1024,3072,2.4212,5.322
orin,3b,8da4w,parent,sarc_linear_dq8ca_coopmat_zpgtr_orin_bf_t128x128k64g24s32mk32ra_texture3d_texture2d_half,2048,3072,3072,7.2907,5.302
orin,3b,8da4w,parent,sarc_linear_dq8ca_coopmat_zpgtr_orin_bf_t128x128k64g24s32mk32ra_texture3d_texture2d_half,2048,8192,3072,19.6593,5.243
orin,3b,8da4w,parent,sarc_linear_dq8ca_coopmat_zpgtr_orin_bf_t128x128k64g24s32mk32ra_texture3d_texture2d_half,2048,8192,3072,19.3357,5.331
orin,3b,8da4w,parent,sarc_linear_dq8ca_coopmat_zpgtr_orin_bf_t128x128k64g24s32mk32ra_texture3d_texture2d_half,2048,3072,8192,18.9858,5.429
orin,3b,8da4w,parent,sarc_linear_dq8ca_coopmat_zpgtr_orin_bf_t128x128k64g24s32mk32ra_texture3d_texture2d_half,2048,3072,3072,7.291,5.302
orin,3b,8da4w,parent,sarc_linear_dq8ca_coopmat_zpgtr_orin_bf_t128x128k64g24s32mk32ra_texture3d_texture2d_half,2048,1024,3072,2.457,5.244
orin,3b,8da4w,parent,sarc_linear_dq8ca_coopmat_zpgtr_orin_bf_t128x128k64g24s32mk32ra_texture3d_texture2d_half,2048,1024,3072,2.4419,5.277
orin,3b,8da4w,parent,sarc_linear_dq8ca_coopmat_zpgtr_orin_bf_t128x128k64g24s32mk32ra_texture3d_texture2d_half,2048,3072,3072,7.2936,5.3
orin,3b,8da4w,parent,sarc_linear_dq8ca_coopmat_zpgtr_orin_bf_t128x128k64g24s32mk32ra_texture3d_texture2d_half,2048,8192,3072,19.6567,5.244
orin,3b,8da4w,parent,sarc_linear_dq8ca_coopmat_zpgtr_orin_bf_t128x128k64g24s32mk32ra_texture3d_texture2d_half,2048,8192,3072,19.4122,5.31
orin,3b,8da4w,parent,sarc_linear_dq8ca_coopmat_zpgtr_orin_bf_t128x128k64g24s32mk32ra_texture3d_texture2d_half,2048,3072,8192,19.0371,5.415
orin,3b,8da4w,parent,sarc_linear_dq8ca_coopmat_zpgtr_orin_bf_t128x128k64g24s32mk32ra_texture3d_texture2d_half,2048,3072,3072,7.2878,5.304
orin,3b,8da4w,parent,sarc_linear_dq8ca_coopmat_zpgtr_orin_bf_t128x128k64g24s32mk32ra_texture3d_texture2d_half,2048,1024,3072,2.4617,5.234
orin,3b,8da4w,parent,sarc_linear_dq8ca_coopmat_zpgtr_orin_bf_t128x128k64g24s32mk32ra_texture3d_texture2d_half,2048,1024,3072,2.4348,5.292
orin,3b,8da4w,parent,sarc_linear_dq8ca_coopmat_zpgtr_orin_bf_t128x128k64g24s32mk32ra_texture3d_texture2d_half,2048,3072,3072,7.2945,5.299
orin,3b,8da4w,parent,sarc_linear_dq8ca_coopmat_zpgtr_orin_bf_t128x128k64g24s32mk32ra_texture3d_texture2d_half,2048,8192,3072,19.6427,5.248
orin,3b,8da4w,parent,sarc_linear_dq8ca_coopmat_zpgtr_orin_bf_t128x128k64g24s32mk32ra_texture3d_texture2d_half,2048,8192,3072,19.4042,5.312
orin,3b,8da4w,parent,sarc_linear_dq8ca_coopmat_zpgtr_orin_bf_t128x128k64g24s32mk32ra_texture3d_texture2d_half,2048,3072,8192,19.0518,5.41
orin,3b,8da4w,parent,sarc_linear_dq8ca_coopmat_zpgtr_orin_bf_t128x128k64g24s32mk32ra_texture3d_texture2d_half,2048,3072,3072,7.2851,5.306
orin,3b,8da4w,parent,sarc_linear_dq8ca_coopmat_zpgtr_orin_bf_t128x128k64g24s32mk32ra_texture3d_texture2d_half,2048,1024,3072,2.4786,5.199
orin,3b,8da4w,parent,sarc_linear_dq8ca_coopmat_zpgtr_orin_bf_t128x128k64g24s32mk32ra_texture3d_texture2d_half,2048,1024,3072,2.4343,5.293
orin,3b,8da4w,parent,sarc_linear_dq8ca_coopmat_zpgtr_orin_bf_t128x128k64g24s32mk32ra_texture3d_texture2d_half,2048,3072,3072,7.2907,5.302
orin,3b,8da4w,parent,sarc_linear_dq8ca_coopmat_zpgtr_orin_bf_t128x128k64g24s32mk32ra_texture3d_texture2d_half,2048,8192,3072,19.5486,5.273
orin,3b,8da4w,parent,sarc_linear_dq8ca_coopmat_zpgtr_orin_bf_t128x128k64g24s32mk32ra_texture3d_texture2d_half,2048,8192,3072,19.3036,5.34
orin,3b,8da4w,parent,sarc_linear_dq8ca_coopmat_zpgtr_orin_bf_t128x128k64g24s32mk32ra_texture3d_texture2d_half,2048,3072,8192,19.0112,5.422
orin,3b,8da4w,parent,sarc_linear_dq8ca_coopmat_zpgtr_orin_bf_t128x128k64g24s32mk32ra_texture3d_texture2d_half,2048,3072,3072,7.298,5.297
orin,3b,8da4w,parent,sarc_linear_dq8ca_coopmat_zpgtr_orin_bf_t128x128k64g24s32mk32ra_texture3d_texture2d_half,2048,1024,3072,2.4661,5.225
orin,3b,8da4w,parent,sarc_linear_dq8ca_coopmat_zpgtr_orin_bf_t128x128k64g24s32mk32ra_texture3d_texture2d_half,2048,1024,3072,2.4339,5.294
orin,3b,8da4w,parent,sarc_linear_dq8ca_coopmat_zpgtr_orin_bf_t128x128k64g24s32mk32ra_texture3d_texture2d_half,2048,3072,3072,7.2933,5.3
orin,3b,8da4w,parent,sarc_linear_dq8ca_coopmat_zpgtr_orin_bf_t128x128k64g24s32mk32ra_texture3d_texture2d_half,2048,8192,3072,19.6401,5.248
orin,3b,8da4w,parent,sarc_linear_dq8ca_coopmat_zpgtr_orin_bf_t128x128k64g24s32mk32ra_texture3d_texture2d_half,2048,8192,3072,19.3927,5.315
orin,3b,8da4w,parent,sarc_linear_dq8ca_coopmat_zpgtr_orin_bf_t128x128k64g24s32mk32ra_texture3d_texture2d_half,2048,3072,8192,19.0536,5.41
orin,3b,8da4w,parent,sarc_linear_dq8ca_coopmat_zpgtr_orin_bf_t128x128k64g24s32mk32ra_texture3d_texture2d_half,2048,3072,3072,7.2879,5.304
orin,3b,8da4w,parent,sarc_linear_dq8ca_coopmat_zpgtr_orin_bf_t128x128k64g24s32mk32ra_texture3d_texture2d_half,2048,1024,3072,2.4613,5.235
orin,3b,8da4w,parent,sarc_linear_dq8ca_coopmat_zpgtr_orin_bf_t128x128k64g24s32mk32ra_texture3d_texture2d_half,2048,1024,3072,2.4304,5.302
orin,3b,8da4w,parent,sarc_linear_dq8ca_coopmat_zpgtr_orin_bf_t128x128k64g24s32mk32ra_texture3d_texture2d_half,2048,3072,3072,7.2725,5.315
orin,3b,8da4w,parent,sarc_linear_dq8ca_coopmat_zpgtr_orin_bf_t128x128k64g24s32mk32ra_texture3d_texture2d_half,2048,8192,3072,19.6153,5.255
orin,3b,8da4w,parent,sarc_linear_dq8ca_coopmat_zpgtr_orin_bf_t128x128k64g24s32mk32ra_texture3d_texture2d_half,2048,8192,3072,19.3676,5.322
orin,3b,8da4w,parent,sarc_linear_dq8ca_coopmat_zpgtr_orin_bf_t128x128k64g24s32mk32ra_texture3d_texture2d_half,2048,3072,8192,19.0263,5.418
orin,3b,8da4w,parent,sarc_linear_dq8ca_coopmat_zpgtr_orin_bf_t128x128k64g24s32mk32ra_texture3d_texture2d_half,2048,3072,3072,7.2839,5.307
orin,3b,8da4w,parent,sarc_linear_dq8ca_coopmat_zpgtr_orin_bf_t128x128k64g24s32mk32ra_texture3d_texture2d_half,2048,1024,3072,2.468,5.221
orin,3b,8da4w,parent,sarc_linear_dq8ca_coopmat_zpgtr_orin_bf_t128x128k64g24s32mk32ra_texture3d_texture2d_half,2048,1024,3072,2.4322,5.298
orin,3b,8da4w,parent,sarc_linear_dq8ca_coopmat_zpgtr_orin_bf_t128x128k64g24s32mk32ra_texture3d_texture2d_half,2048,3072,3072,7.3004,5.295
orin,3b,8da4w,parent,sarc_linear_dq8ca_coopmat_zpgtr_orin_bf_t128x128k64g24s32mk32ra_texture3d_texture2d_half,2048,8192,3072,19.6468,5.247
orin,3b,8da4w,parent,sarc_linear_dq8ca_coopmat_zpgtr_orin_bf_t128x128k64g24s32mk32ra_texture3d_texture2d_half,2048,8192,3072,19.3834,5.318
orin,3b,8da4w,parent,sarc_linear_dq8ca_coopmat_zpgtr_orin_bf_t128x128k64g24s32mk32ra_texture3d_texture2d_half,2048,3072,8192,19.0678,5.406
orin,3b,8da4w,parent,sarc_linear_dq8ca_coopmat_zpgtr_orin_bf_t128x128k64g24s32mk32ra_texture3d_texture2d_half,2048,3072,3072,7.2925,5.301
orin,3b,8da4w,parent,sarc_linear_dq8ca_coopmat_zpgtr_orin_bf_t128x128k64g24s32mk32ra_texture3d_texture2d_half,2048,1024,3072,2.471,5.214
orin,3b,8da4w,parent,sarc_linear_dq8ca_coopmat_zpgtr_orin_bf_t128x128k64g24s32mk32ra_texture3d_texture2d_half,2048,1024,3072,2.4356,5.29
orin,3b,8da4w,parent,sarc_linear_dq8ca_coopmat_zpgtr_orin_bf_t128x128k64g24s32mk32ra_texture3d_texture2d_half,2048,3072,3072,7.2881,5.304
orin,3b,8da4w,parent,sarc_linear_dq8ca_coopmat_zpgtr_orin_bf_t128x128k64g24s32mk32ra_texture3d_texture2d_half,2048,8192,3072,19.6399,5.248
orin,3b,8da4w,parent,sarc_linear_dq8ca_coopmat_zpgtr_orin_bf_t128x128k64g24s32mk32ra_texture3d_texture2d_half,2048,8192,3072,19.4059,5.312
orin,3b,8da4w,parent,sarc_linear_dq8ca_coopmat_zpgtr_orin_bf_t128x128k64g24s32mk32ra_texture3d_texture2d_half,2048,3072,8192,18.9667,5.435
orin,3b,8da4w,parent,sarc_linear_dq8ca_coopmat_zpgtr_orin_bf_t128x128k64g24s32mk32ra_texture3d_texture2d_half,2048,3072,3072,7.2527,5.33
orin,3b,8da4w,parent,sarc_linear_dq8ca_coopmat_zpgtr_orin_bf_t128x128k64g24s32mk32ra_texture3d_texture2d_half,2048,1024,3072,2.4468,5.266
orin,3b,8da4w,parent,sarc_linear_dq8ca_coopmat_zpgtr_orin_bf_t128x128k64g24s32mk32ra_texture3d_texture2d_half,2048,1024,3072,2.4222,5.319
orin,3b,8da4w,parent,sarc_linear_dq8ca_coopmat_zpgtr_orin_bf_t128x128k64g24s32mk32ra_texture3d_texture2d_half,2048,3072,3072,7.297,5.297
orin,3b,8da4w,parent,sarc_linear_dq8ca_coopmat_zpgtr_orin_bf_t128x128k64g24s32mk32ra_texture3d_texture2d_half,2048,8192,3072,19.6477,5.246
orin,3b,8da4w,parent,sarc_linear_dq8ca_coopmat_zpgtr_orin_bf_t128x128k64g24s32mk32ra_texture3d_texture2d_half,2048,8192,3072,19.3862,5.317
orin,3b,8da4w,parent,sarc_linear_dq8ca_coopmat_zpgtr_orin_bf_t128x128k64g24s32mk32ra_texture3d_texture2d_half,2048,3072,8192,19.083,5.402
orin,3b,8da4w,parent,sarc_linear_dq8ca_coopmat_zpgtr_orin_bf_t128x128k64g24s32mk32ra_texture3d_texture2d_half,2048,3072,3072,7.2805,5.309
orin,3b,8da4w,parent,sarc_linear_dq8ca_coopmat_zpgtr_orin_bf_t128x128k64g24s32mk32ra_texture3d_texture2d_half,2048,1024,3072,2.4724,5.212
orin,3b,8da4w,parent,sarc_linear_dq8ca_coopmat_zpgtr_orin_bf_t128x128k64g24s32mk32ra_texture3d_texture2d_half,2048,1024,3072,2.4356,5.29
orin,3b,8da4w,parent,sarc_linear_dq8ca_coopmat_zpgtr_orin_bf_t128x128k64g24s32mk32ra_texture3d_texture2d_half,2048,3072,3072,7.293,5.3
orin,3b,8da4w,parent,sarc_linear_dq8ca_coopmat_zpgtr_orin_bf_t128x128k64g24s32mk32ra_texture3d_texture2d_half,2048,8192,3072,19.6402,5.248
orin,3b,8da4w,parent,sarc_linear_dq8ca_coopmat_zpgtr_orin_bf_t128x128k64g24s32mk32ra_texture3d_texture2d_half,2048,8192,3072,19.3886,5.316
orin,3b,8da4w,parent,sarc_linear_dq8ca_coopmat_zpgtr_orin_bf_t128x128k64g24s32mk32ra_texture3d_texture2d_half,2048,3072,8192,19.0492,5.411
orin,3b,8da4w,parent,sarc_linear_dq8ca_coopmat_zpgtr_orin_bf_t128x128k64g24s32mk32ra_texture3d_texture2d_half,2048,3072,3072,7.2844,5.307
orin,3b,8da4w,parent,sarc_linear_dq8ca_coopmat_zpgtr_orin_bf_t128x128k64g24s32mk32ra_texture3d_texture2d_half,2048,1024,3072,2.4556,5.247
orin,3b,8da4w,parent,sarc_linear_dq8ca_coopmat_zpgtr_orin_bf_t128x128k64g24s32mk32ra_texture3d_texture2d_half,2048,1024,3072,2.4342,5.293
orin,3b,8da4w,parent,sarc_linear_dq8ca_coopmat_zpgtr_orin_bf_t128x128k64g24s32mk32ra_texture3d_texture2d_half,2048,3072,3072,7.2924,5.301
orin,3b,8da4w,parent,sarc_linear_dq8ca_coopmat_zpgtr_orin_bf_t128x128k64g24s32mk32ra_texture3d_texture2d_half,2048,8192,3072,19.6267,5.252
orin,3b,8da4w,parent,sarc_linear_dq8ca_coopmat_zpgtr_orin_bf_t128x128k64g24s32mk32ra_texture3d_texture2d_half,2048,8192,3072,19.3975,5.314
orin,3b,8da4w,parent,sarc_linear_dq8ca_coopmat_zpgtr_orin_bf_t128x128k64g24s32mk32ra_texture3d_texture2d_half,2048,3072,8192,19.0359,5.415
orin,3b,8da4w,parent,sarc_linear_dq8ca_coopmat_zpgtr_orin_bf_t128x128k64g24s32mk32ra_texture3d_texture2d_half,2048,3072,3072,7.2879,5.304
orin,3b,8da4w,parent,sarc_linear_dq8ca_coopmat_zpgtr_orin_bf_t128x128k64g24s32mk32ra_texture3d_texture2d_half,2048,1024,3072,2.4578,5.243
orin,3b,8da4w,parent,sarc_linear_dq8ca_coopmat_zpgtr_orin_bf_t128x128k64g24s32mk32ra_texture3d_texture2d_half,2048,1024,3072,2.4322,5.298
orin,3b,8da4w,parent,sarc_linear_dq8ca_coopmat_zpgtr_orin_bf_t128x128k64g24s32mk32ra_texture3d_texture2d_half,2048,3072,3072,7.2925,5.301
orin,3b,8da4w,parent,sarc_linear_dq8ca_coopmat_zpgtr_orin_bf_t128x128k64g24s32mk32ra_texture3d_texture2d_half,2048,8192,3072,19.6524,5.245
orin,3b,8da4w,parent,sarc_linear_dq8ca_coopmat_zpgtr_orin_bf_t128x128k64g24s32mk32ra_texture3d_texture2d_half,2048,8192,3072,19.404,5.312
orin,3b,8da4w,parent,sarc_linear_dq8ca_coopmat_zpgtr_orin_bf_t128x128k64g24s32mk32ra_texture3d_texture2d_half,2048,3072,8192,19.0396,5.414
orin,3b,8da4w,parent,sarc_linear_dq8ca_coopmat_zpgtr_orin_bf_t128x128k64g24s32mk32ra_texture3d_texture2d_half,2048,3072,3072,7.2959,5.298
orin,3b,8da4w,parent,sarc_linear_dq8ca_coopmat_zpgtr_orin_bf_t128x128k64g24s32mk32ra_texture3d_texture2d_half,2048,1024,3072,2.4636,5.23
orin,3b,8da4w,parent,sarc_linear_dq8ca_coopmat_zpgtr_orin_bf_t128x128k64g24s32mk32ra_texture3d_texture2d_half,2048,1024,3072,2.439,5.283
orin,3b,8da4w,parent,sarc_linear_dq8ca_coopmat_zpgtr_orin_bf_t128x128k64g24s32mk32ra_texture3d_texture2d_half,2048,3072,3072,7.2788,5.311
orin,3b,8da4w,parent,sarc_linear_dq8ca_coopmat_zpgtr_orin_bf_t128x128k64g24s32mk32ra_texture3d_texture2d_half,2048,8192,3072,19.5651,5.269
orin,3b,8da4w,parent,sarc_linear_dq8ca_coopmat_zpgtr_orin_bf_t128x128k64g24s32mk32ra_texture3d_texture2d_half,2048,8192,3072,19.3471,5.328
orin,3b,8da4w,parent,sarc_linear_dq8ca_coopmat_zpgtr_orin_bf_t128x128k64g24s32mk32ra_texture3d_texture2d_half,2048,3072,8192,19.03,5.417
orin,3b,8da4w,parent,sarc_linear_dq8ca_coopmat_zpgtr_orin_bf_t128x128k64g24s32mk32ra_texture3d_texture2d_half,2048,3072,3072,7.2993,5.296
orin,3b,8da4w,parent,sarc_linear_dq8ca_coopmat_zpgtr_orin_bf_t128x128k64g24s32mk32ra_texture3d_texture2d_half,2048,1024,3072,2.4629,5.232
orin,3b,8da4w,parent,sarc_linear_dq8ca_coopmat_zpgtr_orin_bf_t128x128k64g24s32mk32ra_texture3d_texture2d_half,2048,1024,3072,2.4352,5.291
orin,3b,8da4w,parent,sarc_linear_dq8ca_coopmat_zpgtr_orin_bf_t128x128k64g24s32mk32ra_texture3d_texture2d_half,2048,3072,3072,7.2935,5.3
orin,3b,8da4w,parent,sarc_linear_dq8ca_coopmat_zpgtr_orin_bf_t128x128k64g24s32mk32ra_texture3d_texture2d_half,2048,8192,3072,19.6079,5.257
orin,3b,8da4w,parent,sarc_linear_dq8ca_coopmat_zpgtr_orin_bf_t128x128k64g24s32mk32ra_texture3d_texture2d_half,2048,8192,3072,19.4084,5.311
orin,3b,8da4w,parent,sarc_linear_dq8ca_coopmat_zpgtr_orin_bf_t128x128k64g24s32mk32ra_texture3d_texture2d_half,2048,3072,8192,19.0272,5.417
orin,3b,8da4w,parent,sarc_linear_dq8ca_coopmat_zpgtr_orin_bf_t128x128k64g24s32mk32ra_texture3d_texture2d_half,2048,3072,3072,7.2951,5.299
orin,3b,8da4w,parent,sarc_linear_dq8ca_coopmat_zpgtr_orin_bf_t128x128k64g24s32mk32ra_texture3d_texture2d_half,2048,1024,3072,2.4628,5.232
orin,3b,8da4w,parent,sarc_linear_dq8ca_coopmat_zpgtr_orin_bf_t128x128k64g24s32mk32ra_texture3d_texture2d_half,2048,1024,3072,2.4309,5.301
orin,3b,8da4w,parent,sarc_linear_dq8ca_coopmat_zpgtr_orin_bf_t128x128k64g24s32mk32ra_texture3d_texture2d_half,2048,3072,3072,7.2886,5.303
orin,3b,8da4w,parent,sarc_linear_dq8ca_coopmat_zpgtr_orin_bf_t128x128k64g24s32mk32ra_texture3d_texture2d_half,2048,8192,3072,19.6476,5.246
orin,3b,8da4w,parent,sarc_linear_dq8ca_coopmat_zpgtr_orin_bf_t128x128k64g24s32mk32ra_texture3d_texture2d_half,2048,8192,3072,19.4001,5.313
orin,3b,8da4w,parent,sarc_linear_dq8ca_coopmat_zpgtr_orin_bf_t128x128k64g24s32mk32ra_texture3d_texture2d_half,2048,3072,8192,19.0404,5.414
orin,8b,4w,cand,sarc_linear_q4gsw_coopmat_orin_t256x128k16g42s32bt_texture3d_texture2d_half,2048,4096,4096,11.0651,6.21
orin,8b,4w,cand,sarc_linear_q4gsw_coopmat_orin_t256x128k16g42s32bt_texture3d_texture2d_half,2048,1024,4096,2.7961,6.144
orin,8b,4w,cand,sarc_linear_q4gsw_coopmat_orin_t256x128k16g42s32bt_texture3d_texture2d_half,2048,1024,4096,2.7866,6.165
orin,8b,4w,cand,sarc_linear_q4gsw_coopmat_orin_t256x128k16g42s32bt_texture3d_texture2d_half,2048,4096,4096,10.9994,6.248
orin,8b,4w,cand,sarc_linear_q4gsw_coopmat_orin_t256x128k16g42s32bt_texture3d_texture2d_half,2048,14336,4096,38.3911,6.265
orin,8b,4w,cand,sarc_linear_q4gsw_coopmat_orin_t256x128k16g42s32bt_texture3d_texture2d_half,2048,14336,4096,38.337,6.274
orin,8b,4w,cand,sarc_dev_linear_q4gsw_coopmat_bx_t128x128k32g42s32f32c_texture3d_texture2d_half,2048,4096,14336,41.0235,5.863
orin,8b,4w,cand,sarc_linear_q4gsw_coopmat_orin_t256x128k16g42s32bt_texture3d_texture2d_half,2048,4096,4096,10.992,6.252
orin,8b,4w,cand,sarc_linear_q4gsw_coopmat_orin_t256x128k16g42s32bt_texture3d_texture2d_half,2048,1024,4096,2.8049,6.125
orin,8b,4w,cand,sarc_linear_q4gsw_coopmat_orin_t256x128k16g42s32bt_texture3d_texture2d_half,2048,1024,4096,2.7969,6.142
orin,8b,4w,cand,sarc_linear_q4gsw_coopmat_orin_t256x128k16g42s32bt_texture3d_texture2d_half,2048,4096,4096,11.0243,6.233
orin,8b,4w,cand,sarc_linear_q4gsw_coopmat_orin_t256x128k16g42s32bt_texture3d_texture2d_half,2048,14336,4096,38.332,6.275
orin,8b,4w,cand,sarc_linear_q4gsw_coopmat_orin_t256x128k16g42s32bt_texture3d_texture2d_half,2048,14336,4096,38.311,6.278
orin,8b,4w,cand,sarc_dev_linear_q4gsw_coopmat_bx_t128x128k32g42s32f32c_texture3d_texture2d_half,2048,4096,14336,41.239,5.832
orin,8b,4w,cand,sarc_linear_q4gsw_coopmat_orin_t256x128k16g42s32bt_texture3d_texture2d_half,2048,4096,4096,11.0106,6.241
orin,8b,4w,cand,sarc_linear_q4gsw_coopmat_orin_t256x128k16g42s32bt_texture3d_texture2d_half,2048,1024,4096,2.7981,6.14
orin,8b,4w,cand,sarc_linear_q4gsw_coopmat_orin_t256x128k16g42s32bt_texture3d_texture2d_half,2048,1024,4096,2.7979,6.14
orin,8b,4w,cand,sarc_linear_q4gsw_coopmat_orin_t256x128k16g42s32bt_texture3d_texture2d_half,2048,4096,4096,11.0245,6.233
orin,8b,4w,cand,sarc_linear_q4gsw_coopmat_orin_t256x128k16g42s32bt_texture3d_texture2d_half,2048,14336,4096,38.333,6.274
orin,8b,4w,cand,sarc_linear_q4gsw_coopmat_orin_t256x128k16g42s32bt_texture3d_texture2d_half,2048,14336,4096,38.3237,6.276
orin,8b,4w,cand,sarc_dev_linear_q4gsw_coopmat_bx_t128x128k32g42s32f32c_texture3d_texture2d_half,2048,4096,14336,41.2134,5.836
orin,8b,4w,cand,sarc_linear_q4gsw_coopmat_orin_t256x128k16g42s32bt_texture3d_texture2d_half,2048,4096,4096,11.0153,6.239
orin,8b,4w,cand,sarc_linear_q4gsw_coopmat_orin_t256x128k16g42s32bt_texture3d_texture2d_half,2048,1024,4096,2.794,6.149
orin,8b,4w,cand,sarc_linear_q4gsw_coopmat_orin_t256x128k16g42s32bt_texture3d_texture2d_half,2048,1024,4096,2.8021,6.131
orin,8b,4w,cand,sarc_linear_q4gsw_coopmat_orin_t256x128k16g42s32bt_texture3d_texture2d_half,2048,4096,4096,11.0146,6.239
orin,8b,4w,cand,sarc_linear_q4gsw_coopmat_orin_t256x128k16g42s32bt_texture3d_texture2d_half,2048,14336,4096,38.2846,6.282
orin,8b,4w,cand,sarc_linear_q4gsw_coopmat_orin_t256x128k16g42s32bt_texture3d_texture2d_half,2048,14336,4096,38.1438,6.306
orin,8b,4w,cand,sarc_dev_linear_q4gsw_coopmat_bx_t128x128k32g42s32f32c_texture3d_texture2d_half,2048,4096,14336,41.2339,5.833
orin,8b,4w,cand,sarc_linear_q4gsw_coopmat_orin_t256x128k16g42s32bt_texture3d_texture2d_half,2048,4096,4096,11.0054,6.244
orin,8b,4w,cand,sarc_linear_q4gsw_coopmat_orin_t256x128k16g42s32bt_texture3d_texture2d_half,2048,1024,4096,2.8021,6.131
orin,8b,4w,cand,sarc_linear_q4gsw_coopmat_orin_t256x128k16g42s32bt_texture3d_texture2d_half,2048,1024,4096,2.7981,6.14
orin,8b,4w,cand,sarc_linear_q4gsw_coopmat_orin_t256x128k16g42s32bt_texture3d_texture2d_half,2048,4096,4096,11.002,6.246
orin,8b,4w,cand,sarc_linear_q4gsw_coopmat_orin_t256x128k16g42s32bt_texture3d_texture2d_half,2048,14336,4096,38.3068,6.279
orin,8b,4w,cand,sarc_linear_q4gsw_coopmat_orin_t256x128k16g42s32bt_texture3d_texture2d_half,2048,14336,4096,38.2634,6.286
orin,8b,4w,cand,sarc_dev_linear_q4gsw_coopmat_bx_t128x128k32g42s32f32c_texture3d_texture2d_half,2048,4096,14336,41.125,5.848
orin,8b,4w,cand,sarc_linear_q4gsw_coopmat_orin_t256x128k16g42s32bt_texture3d_texture2d_half,2048,4096,4096,11.0109,6.241
orin,8b,4w,cand,sarc_linear_q4gsw_coopmat_orin_t256x128k16g42s32bt_texture3d_texture2d_half,2048,1024,4096,2.7988,6.138
orin,8b,4w,cand,sarc_linear_q4gsw_coopmat_orin_t256x128k16g42s32bt_texture3d_texture2d_half,2048,1024,4096,2.7993,6.137
orin,8b,4w,cand,sarc_linear_q4gsw_coopmat_orin_t256x128k16g42s32bt_texture3d_texture2d_half,2048,4096,4096,11.0204,6.236
orin,8b,4w,cand,sarc_linear_q4gsw_coopmat_orin_t256x128k16g42s32bt_texture3d_texture2d_half,2048,14336,4096,38.3222,6.276
orin,8b,4w,cand,sarc_linear_q4gsw_coopmat_orin_t256x128k16g42s32bt_texture3d_texture2d_half,2048,14336,4096,38.2819,6.283
orin,8b,4w,cand,sarc_dev_linear_q4gsw_coopmat_bx_t128x128k32g42s32f32c_texture3d_texture2d_half,2048,4096,14336,41.2163,5.836
orin,8b,4w,cand,sarc_linear_q4gsw_coopmat_orin_t256x128k16g42s32bt_texture3d_texture2d_half,2048,4096,4096,11.0173,6.237
orin,8b,4w,cand,sarc_linear_q4gsw_coopmat_orin_t256x128k16g42s32bt_texture3d_texture2d_half,2048,1024,4096,2.7994,6.137
orin,8b,4w,cand,sarc_linear_q4gsw_coopmat_orin_t256x128k16g42s32bt_texture3d_texture2d_half,2048,1024,4096,2.7957,6.145
orin,8b,4w,cand,sarc_linear_q4gsw_coopmat_orin_t256x128k16g42s32bt_texture3d_texture2d_half,2048,4096,4096,10.9557,6.272
orin,8b,4w,cand,sarc_linear_q4gsw_coopmat_orin_t256x128k16g42s32bt_texture3d_texture2d_half,2048,14336,4096,38.1934,6.297
orin,8b,4w,cand,sarc_linear_q4gsw_coopmat_orin_t256x128k16g42s32bt_texture3d_texture2d_half,2048,14336,4096,38.3012,6.28
orin,8b,4w,cand,sarc_dev_linear_q4gsw_coopmat_bx_t128x128k32g42s32f32c_texture3d_texture2d_half,2048,4096,14336,41.216,5.836
orin,8b,4w,cand,sarc_linear_q4gsw_coopmat_orin_t256x128k16g42s32bt_texture3d_texture2d_half,2048,4096,4096,11.0036,6.245
orin,8b,4w,cand,sarc_linear_q4gsw_coopmat_orin_t256x128k16g42s32bt_texture3d_texture2d_half,2048,1024,4096,2.7969,6.143
orin,8b,4w,cand,sarc_linear_q4gsw_coopmat_orin_t256x128k16g42s32bt_texture3d_texture2d_half,2048,1024,4096,2.8001,6.135
orin,8b,4w,cand,sarc_linear_q4gsw_coopmat_orin_t256x128k16g42s32bt_texture3d_texture2d_half,2048,4096,4096,11.0085,6.242
orin,8b,4w,cand,sarc_linear_q4gsw_coopmat_orin_t256x128k16g42s32bt_texture3d_texture2d_half,2048,14336,4096,38.3185,6.277
orin,8b,4w,cand,sarc_linear_q4gsw_coopmat_orin_t256x128k16g42s32bt_texture3d_texture2d_half,2048,14336,4096,38.2682,6.285
orin,8b,4w,cand,sarc_dev_linear_q4gsw_coopmat_bx_t128x128k32g42s32f32c_texture3d_texture2d_half,2048,4096,14336,41.2259,5.834
orin,8b,4w,cand,sarc_linear_q4gsw_coopmat_orin_t256x128k16g42s32bt_texture3d_texture2d_half,2048,4096,4096,11.0037,6.245
orin,8b,4w,cand,sarc_linear_q4gsw_coopmat_orin_t256x128k16g42s32bt_texture3d_texture2d_half,2048,1024,4096,2.7977,6.141
orin,8b,4w,cand,sarc_linear_q4gsw_coopmat_orin_t256x128k16g42s32bt_texture3d_texture2d_half,2048,1024,4096,2.8011,6.133
orin,8b,4w,cand,sarc_linear_q4gsw_coopmat_orin_t256x128k16g42s32bt_texture3d_texture2d_half,2048,4096,4096,11.0042,6.245
orin,8b,4w,cand,sarc_linear_q4gsw_coopmat_orin_t256x128k16g42s32bt_texture3d_texture2d_half,2048,14336,4096,38.345,6.272
orin,8b,4w,cand,sarc_linear_q4gsw_coopmat_orin_t256x128k16g42s32bt_texture3d_texture2d_half,2048,14336,4096,38.293,6.281
orin,8b,4w,cand,sarc_dev_linear_q4gsw_coopmat_bx_t128x128k32g42s32f32c_texture3d_texture2d_half,2048,4096,14336,41.0535,5.859
orin,8b,4w,cand,sarc_linear_q4gsw_coopmat_orin_t256x128k16g42s32bt_texture3d_texture2d_half,2048,4096,4096,10.9649,6.267
orin,8b,4w,cand,sarc_linear_q4gsw_coopmat_orin_t256x128k16g42s32bt_texture3d_texture2d_half,2048,1024,4096,2.7852,6.168
orin,8b,4w,cand,sarc_linear_q4gsw_coopmat_orin_t256x128k16g42s32bt_texture3d_texture2d_half,2048,1024,4096,2.7962,6.144
orin,8b,4w,cand,sarc_linear_q4gsw_coopmat_orin_t256x128k16g42s32bt_texture3d_texture2d_half,2048,4096,4096,11.0052,6.244
orin,8b,4w,cand,sarc_linear_q4gsw_coopmat_orin_t256x128k16g42s32bt_texture3d_texture2d_half,2048,14336,4096,38.2981,6.28
orin,8b,4w,cand,sarc_linear_q4gsw_coopmat_orin_t256x128k16g42s32bt_texture3d_texture2d_half,2048,14336,4096,38.2129,6.294
orin,8b,4w,cand,sarc_dev_linear_q4gsw_coopmat_bx_t128x128k32g42s32f32c_texture3d_texture2d_half,2048,4096,14336,41.2265,5.834
orin,8b,4w,cand,sarc_linear_q4gsw_coopmat_orin_t256x128k16g42s32bt_texture3d_texture2d_half,2048,4096,4096,11.0193,6.236
orin,8b,4w,cand,sarc_linear_q4gsw_coopmat_orin_t256x128k16g42s32bt_texture3d_texture2d_half,2048,1024,4096,2.8028,6.13
orin,8b,4w,cand,sarc_linear_q4gsw_coopmat_orin_t256x128k16g42s32bt_texture3d_texture2d_half,2048,1024,4096,2.7957,6.145
orin,8b,4w,cand,sarc_linear_q4gsw_coopmat_orin_t256x128k16g42s32bt_texture3d_texture2d_half,2048,4096,4096,11.008,6.243
orin,8b,4w,cand,sarc_linear_q4gsw_coopmat_orin_t256x128k16g42s32bt_texture3d_texture2d_half,2048,14336,4096,38.3443,6.273
orin,8b,4w,cand,sarc_linear_q4gsw_coopmat_orin_t256x128k16g42s32bt_texture3d_texture2d_half,2048,14336,4096,38.3,6.28
orin,8b,4w,cand,sarc_dev_linear_q4gsw_coopmat_bx_t128x128k32g42s32f32c_texture3d_texture2d_half,2048,4096,14336,41.2223,5.835
orin,8b,4w,cand,sarc_linear_q4gsw_coopmat_orin_t256x128k16g42s32bt_texture3d_texture2d_half,2048,4096,4096,11.0133,6.24
orin,8b,4w,cand,sarc_linear_q4gsw_coopmat_orin_t256x128k16g42s32bt_texture3d_texture2d_half,2048,1024,4096,2.8025,6.13
orin,8b,4w,cand,sarc_linear_q4gsw_coopmat_orin_t256x128k16g42s32bt_texture3d_texture2d_half,2048,1024,4096,2.7922,6.153
orin,8b,4w,cand,sarc_linear_q4gsw_coopmat_orin_t256x128k16g42s32bt_texture3d_texture2d_half,2048,4096,4096,11.0206,6.236
orin,8b,4w,cand,sarc_linear_q4gsw_coopmat_orin_t256x128k16g42s32bt_texture3d_texture2d_half,2048,14336,4096,38.3317,6.275
orin,8b,4w,cand,sarc_linear_q4gsw_coopmat_orin_t256x128k16g42s32bt_texture3d_texture2d_half,2048,14336,4096,38.067,6.318
orin,8b,4w,cand,sarc_dev_linear_q4gsw_coopmat_bx_t128x128k32g42s32f32c_texture3d_texture2d_half,2048,4096,14336,41.1944,5.839
orin,8b,4w,cand,sarc_linear_q4gsw_coopmat_orin_t256x128k16g42s32bt_texture3d_texture2d_half,2048,4096,4096,11.0101,6.241
orin,8b,4w,cand,sarc_linear_q4gsw_coopmat_orin_t256x128k16g42s32bt_texture3d_texture2d_half,2048,1024,4096,2.7981,6.14
orin,8b,4w,cand,sarc_linear_q4gsw_coopmat_orin_t256x128k16g42s32bt_texture3d_texture2d_half,2048,1024,4096,2.7967,6.143
orin,8b,4w,cand,sarc_linear_q4gsw_coopmat_orin_t256x128k16g42s32bt_texture3d_texture2d_half,2048,4096,4096,11.014,6.239
orin,8b,4w,cand,sarc_linear_q4gsw_coopmat_orin_t256x128k16g42s32bt_texture3d_texture2d_half,2048,14336,4096,38.3122,6.278
orin,8b,4w,cand,sarc_linear_q4gsw_coopmat_orin_t256x128k16g42s32bt_texture3d_texture2d_half,2048,14336,4096,38.3058,6.279
orin,8b,4w,cand,sarc_dev_linear_q4gsw_coopmat_bx_t128x128k32g42s32f32c_texture3d_texture2d_half,2048,4096,14336,41.2389,5.832
orin,8b,4w,cand,sarc_linear_q4gsw_coopmat_orin_t256x128k16g42s32bt_texture3d_texture2d_half,2048,4096,4096,11.0381,6.226
orin,8b,4w,cand,sarc_linear_q4gsw_coopmat_orin_t256x128k16g42s32bt_texture3d_texture2d_half,2048,1024,4096,2.7994,6.137
orin,8b,4w,cand,sarc_linear_q4gsw_coopmat_orin_t256x128k16g42s32bt_texture3d_texture2d_half,2048,1024,4096,2.8007,6.134
orin,8b,4w,cand,sarc_linear_q4gsw_coopmat_orin_t256x128k16g42s32bt_texture3d_texture2d_half,2048,4096,4096,11.013,6.24
orin,8b,4w,cand,sarc_linear_q4gsw_coopmat_orin_t256x128k16g42s32bt_texture3d_texture2d_half,2048,14336,4096,38.314,6.278
orin,8b,4w,cand,sarc_linear_q4gsw_coopmat_orin_t256x128k16g42s32bt_texture3d_texture2d_half,2048,14336,4096,38.2786,6.283
orin,8b,4w,cand,sarc_dev_linear_q4gsw_coopmat_bx_t128x128k32g42s32f32c_texture3d_texture2d_half,2048,4096,14336,41.2228,5.835
orin,8b,4w,cand,sarc_linear_q4gsw_coopmat_orin_t256x128k16g42s32bt_texture3d_texture2d_half,2048,4096,4096,11.0003,6.247
orin,8b,4w,cand,sarc_linear_q4gsw_coopmat_orin_t256x128k16g42s32bt_texture3d_texture2d_half,2048,1024,4096,2.7988,6.138
orin,8b,4w,cand,sarc_linear_q4gsw_coopmat_orin_t256x128k16g42s32bt_texture3d_texture2d_half,2048,1024,4096,2.8022,6.131
orin,8b,4w,cand,sarc_linear_q4gsw_coopmat_orin_t256x128k16g42s32bt_texture3d_texture2d_half,2048,4096,4096,10.9489,6.276
orin,8b,4w,cand,sarc_linear_q4gsw_coopmat_orin_t256x128k16g42s32bt_texture3d_texture2d_half,2048,14336,4096,38.1472,6.305
orin,8b,4w,cand,sarc_linear_q4gsw_coopmat_orin_t256x128k16g42s32bt_texture3d_texture2d_half,2048,14336,4096,38.2648,6.286
orin,8b,4w,cand,sarc_dev_linear_q4gsw_coopmat_bx_t128x128k32g42s32f32c_texture3d_texture2d_half,2048,4096,14336,41.2217,5.835
orin,8b,4w,cand,sarc_linear_q4gsw_coopmat_orin_t256x128k16g42s32bt_texture3d_texture2d_half,2048,4096,4096,11.0196,6.236
orin,8b,4w,cand,sarc_linear_q4gsw_coopmat_orin_t256x128k16g42s32bt_texture3d_texture2d_half,2048,1024,4096,2.7992,6.137
orin,8b,4w,cand,sarc_linear_q4gsw_coopmat_orin_t256x128k16g42s32bt_texture3d_texture2d_half,2048,1024,4096,2.7916,6.154
orin,8b,4w,cand,sarc_linear_q4gsw_coopmat_orin_t256x128k16g42s32bt_texture3d_texture2d_half,2048,4096,4096,11.0118,6.241
orin,8b,4w,cand,sarc_linear_q4gsw_coopmat_orin_t256x128k16g42s32bt_texture3d_texture2d_half,2048,14336,4096,38.2902,6.281
orin,8b,4w,cand,sarc_linear_q4gsw_coopmat_orin_t256x128k16g42s32bt_texture3d_texture2d_half,2048,14336,4096,38.2865,6.282
orin,8b,4w,cand,sarc_dev_linear_q4gsw_coopmat_bx_t128x128k32g42s32f32c_texture3d_texture2d_half,2048,4096,14336,41.2259,5.834
orin,8b,4w,cand,sarc_linear_q4gsw_coopmat_orin_t256x128k16g42s32bt_texture3d_texture2d_half,2048,4096,4096,11.0185,6.237
orin,8b,4w,cand,sarc_linear_q4gsw_coopmat_orin_t256x128k16g42s32bt_texture3d_texture2d_half,2048,1024,4096,2.7997,6.136
orin,8b,4w,cand,sarc_linear_q4gsw_coopmat_orin_t256x128k16g42s32bt_texture3d_texture2d_half,2048,1024,4096,2.8045,6.126
orin,8b,4w,cand,sarc_linear_q4gsw_coopmat_orin_t256x128k16g42s32bt_texture3d_texture2d_half,2048,4096,4096,11.007,6.243
orin,8b,4w,cand,sarc_linear_q4gsw_coopmat_orin_t256x128k16g42s32bt_texture3d_texture2d_half,2048,14336,4096,38.3528,6.271
orin,8b,4w,cand,sarc_linear_q4gsw_coopmat_orin_t256x128k16g42s32bt_texture3d_texture2d_half,2048,14336,4096,38.2619,6.286
orin,8b,4w,cand,sarc_dev_linear_q4gsw_coopmat_bx_t128x128k32g42s32f32c_texture3d_texture2d_half,2048,4096,14336,41.1126,5.85
orin,8b,4w,cand,sarc_linear_q4gsw_coopmat_orin_t256x128k16g42s32bt_texture3d_texture2d_half,2048,4096,4096,10.9548,6.273
orin,8b,4w,cand,sarc_linear_q4gsw_coopmat_orin_t256x128k16g42s32bt_texture3d_texture2d_half,2048,1024,4096,2.7904,6.157
orin,8b,4w,cand,sarc_linear_q4gsw_coopmat_orin_t256x128k16g42s32bt_texture3d_texture2d_half,2048,1024,4096,2.7863,6.166
orin,8b,4w,cand,sarc_linear_q4gsw_coopmat_orin_t256x128k16g42s32bt_texture3d_texture2d_half,2048,4096,4096,10.9583,6.271
orin,8b,4w,cand,sarc_linear_q4gsw_coopmat_orin_t256x128k16g42s32bt_texture3d_texture2d_half,2048,14336,4096,38.2721,6.284
orin,8b,4w,cand,sarc_linear_q4gsw_coopmat_orin_t256x128k16g42s32bt_texture3d_texture2d_half,2048,14336,4096,38.0875,6.315
orin,8b,4w,cand,sarc_dev_linear_q4gsw_coopmat_bx_t128x128k32g42s32f32c_texture3d_texture2d_half,2048,4096,14336,41.1623,5.843
orin,8b,4w,cand,sarc_linear_q4gsw_coopmat_orin_t256x128k16g42s32bt_texture3d_texture2d_half,2048,4096,4096,10.9681,6.265
orin,8b,4w,cand,sarc_linear_q4gsw_coopmat_orin_t256x128k16g42s32bt_texture3d_texture2d_half,2048,1024,4096,2.7987,6.139
orin,8b,4w,cand,sarc_linear_q4gsw_coopmat_orin_t256x128k16g42s32bt_texture3d_texture2d_half,2048,1024,4096,2.7927,6.152
orin,8b,4w,cand,sarc_linear_q4gsw_coopmat_orin_t256x128k16g42s32bt_texture3d_texture2d_half,2048,4096,4096,10.9988,6.248
orin,8b,4w,cand,sarc_linear_q4gsw_coopmat_orin_t256x128k16g42s32bt_texture3d_texture2d_half,2048,14336,4096,38.312,6.278
orin,8b,4w,cand,sarc_linear_q4gsw_coopmat_orin_t256x128k16g42s32bt_texture3d_texture2d_half,2048,14336,4096,38.3021,6.28
orin,8b,4w,cand,sarc_dev_linear_q4gsw_coopmat_bx_t128x128k32g42s32f32c_texture3d_texture2d_half,2048,4096,14336,41.2335,5.833
orin,8b,4w,cand,sarc_linear_q4gsw_coopmat_orin_t256x128k16g42s32bt_texture3d_texture2d_half,2048,4096,4096,11.0187,6.237
orin,8b,4w,cand,sarc_linear_q4gsw_coopmat_orin_t256x128k16g42s32bt_texture3d_texture2d_half,2048,1024,4096,2.8076,6.119
orin,8b,4w,cand,sarc_linear_q4gsw_coopmat_orin_t256x128k16g42s32bt_texture3d_texture2d_half,2048,1024,4096,2.7936,6.15
orin,8b,4w,cand,sarc_linear_q4gsw_coopmat_orin_t256x128k16g42s32bt_texture3d_texture2d_half,2048,4096,4096,10.9704,6.264
orin,8b,4w,cand,sarc_linear_q4gsw_coopmat_orin_t256x128k16g42s32bt_texture3d_texture2d_half,2048,14336,4096,38.2557,6.287
orin,8b,4w,cand,sarc_linear_q4gsw_coopmat_orin_t256x128k16g42s32bt_texture3d_texture2d_half,2048,14336,4096,38.1429,6.306
orin,8b,4w,cand,sarc_dev_linear_q4gsw_coopmat_bx_t128x128k32g42s32f32c_texture3d_texture2d_half,2048,4096,14336,41.1259,5.848
orin,8b,4w,cand,sarc_linear_q4gsw_coopmat_orin_t256x128k16g42s32bt_texture3d_texture2d_half,2048,4096,4096,11.0056,6.244
orin,8b,4w,cand,sarc_linear_q4gsw_coopmat_orin_t256x128k16g42s32bt_texture3d_texture2d_half,2048,1024,4096,2.7973,6.141
orin,8b,4w,cand,sarc_linear_q4gsw_coopmat_orin_t256x128k16g42s32bt_texture3d_texture2d_half,2048,1024,4096,2.7891,6.16
orin,8b,4w,cand,sarc_linear_q4gsw_coopmat_orin_t256x128k16g42s32bt_texture3d_texture2d_half,2048,4096,4096,11.0183,6.237
orin,8b,4w,cand,sarc_linear_q4gsw_coopmat_orin_t256x128k16g42s32bt_texture3d_texture2d_half,2048,14336,4096,38.3249,6.276
orin,8b,4w,cand,sarc_linear_q4gsw_coopmat_orin_t256x128k16g42s32bt_texture3d_texture2d_half,2048,14336,4096,38.3158,6.277
orin,8b,4w,cand,sarc_dev_linear_q4gsw_coopmat_bx_t128x128k32g42s32f32c_texture3d_texture2d_half,2048,4096,14336,41.2404,5.832
orin,8b,4w,cand,sarc_linear_q4gsw_coopmat_orin_t256x128k16g42s32bt_texture3d_texture2d_half,2048,4096,4096,11.0204,6.236
orin,8b,4w,cand,sarc_linear_q4gsw_coopmat_orin_t256x128k16g42s32bt_texture3d_texture2d_half,2048,1024,4096,2.7938,6.149
orin,8b,4w,cand,sarc_linear_q4gsw_coopmat_orin_t256x128k16g42s32bt_texture3d_texture2d_half,2048,1024,4096,2.7951,6.146
orin,8b,4w,cand,sarc_linear_q4gsw_coopmat_orin_t256x128k16g42s32bt_texture3d_texture2d_half,2048,4096,4096,11.0205,6.236
orin,8b,4w,cand,sarc_linear_q4gsw_coopmat_orin_t256x128k16g42s32bt_texture3d_texture2d_half,2048,14336,4096,38.316,6.277
orin,8b,4w,cand,sarc_linear_q4gsw_coopmat_orin_t256x128k16g42s32bt_texture3d_texture2d_half,2048,14336,4096,38.3066,6.279
orin,8b,4w,cand,sarc_dev_linear_q4gsw_coopmat_bx_t128x128k32g42s32f32c_texture3d_texture2d_half,2048,4096,14336,41.209,5.837
orin,8b,4w,cand,sarc_linear_q4gsw_coopmat_orin_t256x128k16g42s32bt_texture3d_texture2d_half,2048,4096,4096,11.0119,6.24
orin,8b,4w,cand,sarc_linear_q4gsw_coopmat_orin_t256x128k16g42s32bt_texture3d_texture2d_half,2048,1024,4096,2.8024,6.13
orin,8b,4w,cand,sarc_linear_q4gsw_coopmat_orin_t256x128k16g42s32bt_texture3d_texture2d_half,2048,1024,4096,2.8007,6.134
orin,8b,4w,cand,sarc_linear_q4gsw_coopmat_orin_t256x128k16g42s32bt_texture3d_texture2d_half,2048,4096,4096,11.0051,6.244
orin,8b,4w,cand,sarc_linear_q4gsw_coopmat_orin_t256x128k16g42s32bt_texture3d_texture2d_half,2048,14336,4096,38.1647,6.302
orin,8b,4w,cand,sarc_linear_q4gsw_coopmat_orin_t256x128k16g42s32bt_texture3d_texture2d_half,2048,14336,4096,38.2531,6.288
orin,8b,4w,cand,sarc_dev_linear_q4gsw_coopmat_bx_t128x128k32g42s32f32c_texture3d_texture2d_half,2048,4096,14336,41.2224,5.835
orin,8b,4w,cand,sarc_linear_q4gsw_coopmat_orin_t256x128k16g42s32bt_texture3d_texture2d_half,2048,4096,4096,11.0009,6.247
orin,8b,4w,cand,sarc_linear_q4gsw_coopmat_orin_t256x128k16g42s32bt_texture3d_texture2d_half,2048,1024,4096,2.8003,6.135
orin,8b,4w,cand,sarc_linear_q4gsw_coopmat_orin_t256x128k16g42s32bt_texture3d_texture2d_half,2048,1024,4096,2.7977,6.141
orin,8b,4w,cand,sarc_linear_q4gsw_coopmat_orin_t256x128k16g42s32bt_texture3d_texture2d_half,2048,4096,4096,11.014,6.239
orin,8b,4w,cand,sarc_linear_q4gsw_coopmat_orin_t256x128k16g42s32bt_texture3d_texture2d_half,2048,14336,4096,38.3275,6.275
orin,8b,4w,cand,sarc_linear_q4gsw_coopmat_orin_t256x128k16g42s32bt_texture3d_texture2d_half,2048,14336,4096,38.3008,6.28
orin,8b,4w,cand,sarc_dev_linear_q4gsw_coopmat_bx_t128x128k32g42s32f32c_texture3d_texture2d_half,2048,4096,14336,41.213,5.836
orin,8b,4w,cand,sarc_linear_q4gsw_coopmat_orin_t256x128k16g42s32bt_texture3d_texture2d_half,2048,4096,4096,10.9823,6.257
orin,8b,4w,cand,sarc_linear_q4gsw_coopmat_orin_t256x128k16g42s32bt_texture3d_texture2d_half,2048,1024,4096,2.7955,6.146
orin,8b,4w,cand,sarc_linear_q4gsw_coopmat_orin_t256x128k16g42s32bt_texture3d_texture2d_half,2048,1024,4096,2.7849,6.169
orin,8b,4w,cand,sarc_linear_q4gsw_coopmat_orin_t256x128k16g42s32bt_texture3d_texture2d_half,2048,4096,4096,11.0166,6.238
orin,8b,4w,cand,sarc_linear_q4gsw_coopmat_orin_t256x128k16g42s32bt_texture3d_texture2d_half,2048,14336,4096,38.3179,6.277
orin,8b,4w,cand,sarc_linear_q4gsw_coopmat_orin_t256x128k16g42s32bt_texture3d_texture2d_half,2048,14336,4096,38.2815,6.283
orin,8b,4w,cand,sarc_dev_linear_q4gsw_coopmat_bx_t128x128k32g42s32f32c_texture3d_texture2d_half,2048,4096,14336,41.2274,5.834
orin,8b,4w,cand,sarc_linear_q4gsw_coopmat_orin_t256x128k16g42s32bt_texture3d_texture2d_half,2048,4096,4096,10.9539,6.274
orin,8b,4w,cand,sarc_linear_q4gsw_coopmat_orin_t256x128k16g42s32bt_texture3d_texture2d_half,2048,1024,4096,2.7867,6.165
orin,8b,4w,cand,sarc_linear_q4gsw_coopmat_orin_t256x128k16g42s32bt_texture3d_texture2d_half,2048,1024,4096,2.7847,6.169
orin,8b,4w,cand,sarc_linear_q4gsw_coopmat_orin_t256x128k16g42s32bt_texture3d_texture2d_half,2048,4096,4096,10.9773,6.26
orin,8b,4w,cand,sarc_linear_q4gsw_coopmat_orin_t256x128k16g42s32bt_texture3d_texture2d_half,2048,14336,4096,38.3154,6.277
orin,8b,4w,cand,sarc_linear_q4gsw_coopmat_orin_t256x128k16g42s32bt_texture3d_texture2d_half,2048,14336,4096,38.2908,6.281
orin,8b,4w,cand,sarc_dev_linear_q4gsw_coopmat_bx_t128x128k32g42s32f32c_texture3d_texture2d_half,2048,4096,14336,41.2433,5.832
orin,8b,4w,cand,sarc_linear_q4gsw_coopmat_orin_t256x128k16g42s32bt_texture3d_texture2d_half,2048,4096,4096,11.017,6.238
orin,8b,4w,cand,sarc_linear_q4gsw_coopmat_orin_t256x128k16g42s32bt_texture3d_texture2d_half,2048,1024,4096,2.7947,6.147
orin,8b,4w,cand,sarc_linear_q4gsw_coopmat_orin_t256x128k16g42s32bt_texture3d_texture2d_half,2048,1024,4096,2.7956,6.145
orin,8b,4w,cand,sarc_linear_q4gsw_coopmat_orin_t256x128k16g42s32bt_texture3d_texture2d_half,2048,4096,4096,11.0125,6.24
orin,8b,4w,cand,sarc_linear_q4gsw_coopmat_orin_t256x128k16g42s32bt_texture3d_texture2d_half,2048,14336,4096,38.3317,6.275
orin,8b,4w,cand,sarc_linear_q4gsw_coopmat_orin_t256x128k16g42s32bt_texture3d_texture2d_half,2048,14336,4096,38.2816,6.283
orin,8b,4w,cand,sarc_dev_linear_q4gsw_coopmat_bx_t128x128k32g42s32f32c_texture3d_texture2d_half,2048,4096,14336,41.2185,5.835
orin,8b,4w,cand,sarc_linear_q4gsw_coopmat_orin_t256x128k16g42s32bt_texture3d_texture2d_half,2048,4096,4096,11.0158,6.238
orin,8b,4w,cand,sarc_linear_q4gsw_coopmat_orin_t256x128k16g42s32bt_texture3d_texture2d_half,2048,1024,4096,2.8007,6.134
orin,8b,4w,cand,sarc_linear_q4gsw_coopmat_orin_t256x128k16g42s32bt_texture3d_texture2d_half,2048,1024,4096,2.7981,6.14
orin,8b,4w,cand,sarc_linear_q4gsw_coopmat_orin_t256x128k16g42s32bt_texture3d_texture2d_half,2048,4096,4096,11.0126,6.24
orin,8b,4w,cand,sarc_linear_q4gsw_coopmat_orin_t256x128k16g42s32bt_texture3d_texture2d_half,2048,14336,4096,38.3268,6.275
orin,8b,4w,cand,sarc_linear_q4gsw_coopmat_orin_t256x128k16g42s32bt_texture3d_texture2d_half,2048,14336,4096,38.2105,6.295
orin,8b,4w,cand,sarc_dev_linear_q4gsw_coopmat_bx_t128x128k32g42s32f32c_texture3d_texture2d_half,2048,4096,14336,41.0634,5.857
orin,8b,4w,cand,sarc_linear_q4gsw_coopmat_orin_t256x128k16g42s32bt_texture3d_texture2d_half,2048,4096,4096,11.028,6.231
orin,8b,4w,cand,sarc_linear_q4gsw_coopmat_orin_t256x128k16g42s32bt_texture3d_texture2d_half,2048,1024,4096,2.794,6.149
orin,8b,4w,cand,sarc_linear_q4gsw_coopmat_orin_t256x128k16g42s32bt_texture3d_texture2d_half,2048,1024,4096,2.7933,6.15
orin,8b,4w,cand,sarc_linear_q4gsw_coopmat_orin_t256x128k16g42s32bt_texture3d_texture2d_half,2048,4096,4096,11.0092,6.242
orin,8b,4w,cand,sarc_linear_q4gsw_coopmat_orin_t256x128k16g42s32bt_texture3d_texture2d_half,2048,14336,4096,38.3167,6.277
orin,8b,4w,cand,sarc_linear_q4gsw_coopmat_orin_t256x128k16g42s32bt_texture3d_texture2d_half,2048,14336,4096,38.2427,6.289
orin,8b,4w,cand,sarc_dev_linear_q4gsw_coopmat_bx_t128x128k32g42s32f32c_texture3d_texture2d_half,2048,4096,14336,41.1224,5.849
orin,8b,4w,cand,sarc_linear_q4gsw_coopmat_orin_t256x128k16g42s32bt_texture3d_texture2d_half,2048,4096,4096,11.013,6.24
orin,8b,4w,cand,sarc_linear_q4gsw_coopmat_orin_t256x128k16g42s32bt_texture3d_texture2d_half,2048,1024,4096,2.8016,6.132
orin,8b,4w,cand,sarc_linear_q4gsw_coopmat_orin_t256x128k16g42s32bt_texture3d_texture2d_half,2048,1024,4096,2.7987,6.139
orin,8b,4w,cand,sarc_linear_q4gsw_coopmat_orin_t256x128k16g42s32bt_texture3d_texture2d_half,2048,4096,4096,11.0094,6.242
orin,8b,4w,cand,sarc_linear_q4gsw_coopmat_orin_t256x128k16g42s32bt_texture3d_texture2d_half,2048,14336,4096,38.3545,6.271
orin,8b,4w,cand,sarc_linear_q4gsw_coopmat_orin_t256x128k16g42s32bt_texture3d_texture2d_half,2048,14336,4096,38.3021,6.28
orin,8b,4w,cand,sarc_dev_linear_q4gsw_coopmat_bx_t128x128k32g42s32f32c_texture3d_texture2d_half,2048,4096,14336,41.2315,5.833
orin,8b,4w,cand,sarc_linear_q4gsw_coopmat_orin_t256x128k16g42s32bt_texture3d_texture2d_half,2048,4096,4096,11.0261,6.232
orin,8b,4w,cand,sarc_linear_q4gsw_coopmat_orin_t256x128k16g42s32bt_texture3d_texture2d_half,2048,1024,4096,2.7956,6.145
orin,8b,4w,cand,sarc_linear_q4gsw_coopmat_orin_t256x128k16g42s32bt_texture3d_texture2d_half,2048,1024,4096,2.8001,6.135
orin,8b,4w,cand,sarc_linear_q4gsw_coopmat_orin_t256x128k16g42s32bt_texture3d_texture2d_half,2048,4096,4096,11.0081,6.243
orin,8b,4w,cand,sarc_linear_q4gsw_coopmat_orin_t256x128k16g42s32bt_texture3d_texture2d_half,2048,14336,4096,38.2065,6.295
orin,8b,4w,cand,sarc_linear_q4gsw_coopmat_orin_t256x128k16g42s32bt_texture3d_texture2d_half,2048,14336,4096,38.229,6.292
orin,8b,4w,cand,sarc_dev_linear_q4gsw_coopmat_bx_t128x128k32g42s32f32c_texture3d_texture2d_half,2048,4096,14336,41.234,5.833
orin,8b,4w,cand,sarc_linear_q4gsw_coopmat_orin_t256x128k16g42s32bt_texture3d_texture2d_half,2048,4096,4096,11.0154,6.238
orin,8b,4w,cand,sarc_linear_q4gsw_coopmat_orin_t256x128k16g42s32bt_texture3d_texture2d_half,2048,1024,4096,2.8011,6.133
orin,8b,4w,cand,sarc_linear_q4gsw_coopmat_orin_t256x128k16g42s32bt_texture3d_texture2d_half,2048,1024,4096,2.8027,6.13
orin,8b,4w,cand,sarc_linear_q4gsw_coopmat_orin_t256x128k16g42s32bt_texture3d_texture2d_half,2048,4096,4096,11.004,6.245
orin,8b,4w,cand,sarc_linear_q4gsw_coopmat_orin_t256x128k16g42s32bt_texture3d_texture2d_half,2048,14336,4096,38.3596,6.27
orin,8b,4w,cand,sarc_linear_q4gsw_coopmat_orin_t256x128k16g42s32bt_texture3d_texture2d_half,2048,14336,4096,38.2732,6.284
orin,8b,4w,cand,sarc_dev_linear_q4gsw_coopmat_bx_t128x128k32g42s32f32c_texture3d_texture2d_half,2048,4096,14336,41.24,5.832
orin,8b,4w,parent,sarc_linear_q4gsw_coopmat_orin_t256x128k16g42s32bt_texture3d_texture2d_half,2048,4096,4096,11.0807,6.202
orin,8b,4w,parent,sarc_linear_q4gsw_coopmat_orin_t256x128k16g42s32bt_texture3d_texture2d_half,2048,1024,4096,2.7978,6.14
orin,8b,4w,parent,sarc_linear_q4gsw_coopmat_orin_t256x128k16g42s32bt_texture3d_texture2d_half,2048,1024,4096,2.7973,6.142
orin,8b,4w,parent,sarc_linear_q4gsw_coopmat_orin_t256x128k16g42s32bt_texture3d_texture2d_half,2048,4096,4096,10.9641,6.268
orin,8b,4w,parent,sarc_linear_q4gsw_coopmat_orin_t256x128k16g42s32bt_texture3d_texture2d_half,2048,14336,4096,38.3749,6.268
orin,8b,4w,parent,sarc_linear_q4gsw_coopmat_orin_t256x128k16g42s32bt_texture3d_texture2d_half,2048,14336,4096,38.4376,6.257
orin,8b,4w,parent,sarc_dev_linear_q4gsw_coopmat_bx_t128x128k32g42s32f32c_texture3d_texture2d_half,2048,4096,14336,41.23,5.834
orin,8b,4w,parent,sarc_linear_q4gsw_coopmat_orin_t256x128k16g42s32bt_texture3d_texture2d_half,2048,4096,4096,11.0122,6.24
orin,8b,4w,parent,sarc_linear_q4gsw_coopmat_orin_t256x128k16g42s32bt_texture3d_texture2d_half,2048,1024,4096,2.7989,6.138
orin,8b,4w,parent,sarc_linear_q4gsw_coopmat_orin_t256x128k16g42s32bt_texture3d_texture2d_half,2048,1024,4096,2.8004,6.135
orin,8b,4w,parent,sarc_linear_q4gsw_coopmat_orin_t256x128k16g42s32bt_texture3d_texture2d_half,2048,4096,4096,11.0182,6.237
orin,8b,4w,parent,sarc_linear_q4gsw_coopmat_orin_t256x128k16g42s32bt_texture3d_texture2d_half,2048,14336,4096,38.4334,6.258
orin,8b,4w,parent,sarc_linear_q4gsw_coopmat_orin_t256x128k16g42s32bt_texture3d_texture2d_half,2048,14336,4096,38.3574,6.27
orin,8b,4w,parent,sarc_dev_linear_q4gsw_coopmat_bx_t128x128k32g42s32f32c_texture3d_texture2d_half,2048,4096,14336,41.2528,5.83
orin,8b,4w,parent,sarc_linear_q4gsw_coopmat_orin_t256x128k16g42s32bt_texture3d_texture2d_half,2048,4096,4096,11.0163,6.238
orin,8b,4w,parent,sarc_linear_q4gsw_coopmat_orin_t256x128k16g42s32bt_texture3d_texture2d_half,2048,1024,4096,2.7971,6.142
orin,8b,4w,parent,sarc_linear_q4gsw_coopmat_orin_t256x128k16g42s32bt_texture3d_texture2d_half,2048,1024,4096,2.7987,6.139
orin,8b,4w,parent,sarc_linear_q4gsw_coopmat_orin_t256x128k16g42s32bt_texture3d_texture2d_half,2048,4096,4096,11.0146,6.239
orin,8b,4w,parent,sarc_linear_q4gsw_coopmat_orin_t256x128k16g42s32bt_texture3d_texture2d_half,2048,14336,4096,38.4812,6.25
orin,8b,4w,parent,sarc_linear_q4gsw_coopmat_orin_t256x128k16g42s32bt_texture3d_texture2d_half,2048,14336,4096,38.4178,6.261
orin,8b,4w,parent,sarc_dev_linear_q4gsw_coopmat_bx_t128x128k32g42s32f32c_texture3d_texture2d_half,2048,4096,14336,41.0188,5.864
orin,8b,4w,parent,sarc_linear_q4gsw_coopmat_orin_t256x128k16g42s32bt_texture3d_texture2d_half,2048,4096,4096,10.9954,6.25
orin,8b,4w,parent,sarc_linear_q4gsw_coopmat_orin_t256x128k16g42s32bt_texture3d_texture2d_half,2048,1024,4096,2.8041,6.127
orin,8b,4w,parent,sarc_linear_q4gsw_coopmat_orin_t256x128k16g42s32bt_texture3d_texture2d_half,2048,1024,4096,2.7949,6.147
orin,8b,4w,parent,sarc_linear_q4gsw_coopmat_orin_t256x128k16g42s32bt_texture3d_texture2d_half,2048,4096,4096,11.0291,6.231
orin,8b,4w,parent,sarc_linear_q4gsw_coopmat_orin_t256x128k16g42s32bt_texture3d_texture2d_half,2048,14336,4096,38.5072,6.246
orin,8b,4w,parent,sarc_linear_q4gsw_coopmat_orin_t256x128k16g42s32bt_texture3d_texture2d_half,2048,14336,4096,38.4032,6.263
orin,8b,4w,parent,sarc_dev_linear_q4gsw_coopmat_bx_t128x128k32g42s32f32c_texture3d_texture2d_half,2048,4096,14336,41.233,5.833
orin,8b,4w,parent,sarc_linear_q4gsw_coopmat_orin_t256x128k16g42s32bt_texture3d_texture2d_half,2048,4096,4096,11.015,6.239
orin,8b,4w,parent,sarc_linear_q4gsw_coopmat_orin_t256x128k16g42s32bt_texture3d_texture2d_half,2048,1024,4096,2.805,6.125
orin,8b,4w,parent,sarc_linear_q4gsw_coopmat_orin_t256x128k16g42s32bt_texture3d_texture2d_half,2048,1024,4096,2.796,6.145
orin,8b,4w,parent,sarc_linear_q4gsw_coopmat_orin_t256x128k16g42s32bt_texture3d_texture2d_half,2048,4096,4096,11.0245,6.233
orin,8b,4w,parent,sarc_linear_q4gsw_coopmat_orin_t256x128k16g42s32bt_texture3d_texture2d_half,2048,14336,4096,38.4949,6.248
orin,8b,4w,parent,sarc_linear_q4gsw_coopmat_orin_t256x128k16g42s32bt_texture3d_texture2d_half,2048,14336,4096,38.4026,6.263
orin,8b,4w,parent,sarc_dev_linear_q4gsw_coopmat_bx_t128x128k32g42s32f32c_texture3d_texture2d_half,2048,4096,14336,41.2528,5.83
orin,8b,4w,parent,sarc_linear_q4gsw_coopmat_orin_t256x128k16g42s32bt_texture3d_texture2d_half,2048,4096,4096,11.0263,6.232
orin,8b,4w,parent,sarc_linear_q4gsw_coopmat_orin_t256x128k16g42s32bt_texture3d_texture2d_half,2048,1024,4096,2.7997,6.136
orin,8b,4w,parent,sarc_linear_q4gsw_coopmat_orin_t256x128k16g42s32bt_texture3d_texture2d_half,2048,1024,4096,2.7959,6.145
orin,8b,4w,parent,sarc_linear_q4gsw_coopmat_orin_t256x128k16g42s32bt_texture3d_texture2d_half,2048,4096,4096,11.0284,6.231
orin,8b,4w,parent,sarc_linear_q4gsw_coopmat_orin_t256x128k16g42s32bt_texture3d_texture2d_half,2048,14336,4096,38.3661,6.269
orin,8b,4w,parent,sarc_linear_q4gsw_coopmat_orin_t256x128k16g42s32bt_texture3d_texture2d_half,2048,14336,4096,38.3253,6.276
orin,8b,4w,parent,sarc_dev_linear_q4gsw_coopmat_bx_t128x128k32g42s32f32c_texture3d_texture2d_half,2048,4096,14336,41.2512,5.831
orin,8b,4w,parent,sarc_linear_q4gsw_coopmat_orin_t256x128k16g42s32bt_texture3d_texture2d_half,2048,4096,4096,11.012,6.24
orin,8b,4w,parent,sarc_linear_q4gsw_coopmat_orin_t256x128k16g42s32bt_texture3d_texture2d_half,2048,1024,4096,2.7961,6.144
orin,8b,4w,parent,sarc_linear_q4gsw_coopmat_orin_t256x128k16g42s32bt_texture3d_texture2d_half,2048,1024,4096,2.793,6.151
orin,8b,4w,parent,sarc_linear_q4gsw_coopmat_orin_t256x128k16g42s32bt_texture3d_texture2d_half,2048,4096,4096,11.0196,6.236
orin,8b,4w,parent,sarc_linear_q4gsw_coopmat_orin_t256x128k16g42s32bt_texture3d_texture2d_half,2048,14336,4096,38.5273,6.243
orin,8b,4w,parent,sarc_linear_q4gsw_coopmat_orin_t256x128k16g42s32bt_texture3d_texture2d_half,2048,14336,4096,38.3927,6.265
orin,8b,4w,parent,sarc_dev_linear_q4gsw_coopmat_bx_t128x128k32g42s32f32c_texture3d_texture2d_half,2048,4096,14336,41.2431,5.832
orin,8b,4w,parent,sarc_linear_q4gsw_coopmat_orin_t256x128k16g42s32bt_texture3d_texture2d_half,2048,4096,4096,11.0095,6.242
orin,8b,4w,parent,sarc_linear_q4gsw_coopmat_orin_t256x128k16g42s32bt_texture3d_texture2d_half,2048,1024,4096,2.8049,6.125
orin,8b,4w,parent,sarc_linear_q4gsw_coopmat_orin_t256x128k16g42s32bt_texture3d_texture2d_half,2048,1024,4096,2.8059,6.123
orin,8b,4w,parent,sarc_linear_q4gsw_coopmat_orin_t256x128k16g42s32bt_texture3d_texture2d_half,2048,4096,4096,11.0184,6.237
orin,8b,4w,parent,sarc_linear_q4gsw_coopmat_orin_t256x128k16g42s32bt_texture3d_texture2d_half,2048,14336,4096,38.494,6.248
orin,8b,4w,parent,sarc_linear_q4gsw_coopmat_orin_t256x128k16g42s32bt_texture3d_texture2d_half,2048,14336,4096,38.3973,6.264
orin,8b,4w,parent,sarc_dev_linear_q4gsw_coopmat_bx_t128x128k32g42s32f32c_texture3d_texture2d_half,2048,4096,14336,41.2282,5.834
orin,8b,4w,parent,sarc_linear_q4gsw_coopmat_orin_t256x128k16g42s32bt_texture3d_texture2d_half,2048,4096,4096,10.9478,6.277
orin,8b,4w,parent,sarc_linear_q4gsw_coopmat_orin_t256x128k16g42s32bt_texture3d_texture2d_half,2048,1024,4096,2.7838,6.171
orin,8b,4w,parent,sarc_linear_q4gsw_coopmat_orin_t256x128k16g42s32bt_texture3d_texture2d_half,2048,1024,4096,2.7859,6.167
orin,8b,4w,parent,sarc_linear_q4gsw_coopmat_orin_t256x128k16g42s32bt_texture3d_texture2d_half,2048,4096,4096,11.0175,6.237
orin,8b,4w,parent,sarc_linear_q4gsw_coopmat_orin_t256x128k16g42s32bt_texture3d_texture2d_half,2048,14336,4096,38.5013,6.247
orin,8b,4w,parent,sarc_linear_q4gsw_coopmat_orin_t256x128k16g42s32bt_texture3d_texture2d_half,2048,14336,4096,38.3621,6.27
orin,8b,4w,parent,sarc_dev_linear_q4gsw_coopmat_bx_t128x128k32g42s32f32c_texture3d_texture2d_half,2048,4096,14336,41.2414,5.832
orin,8b,4w,parent,sarc_linear_q4gsw_coopmat_orin_t256x128k16g42s32bt_texture3d_texture2d_half,2048,4096,4096,11.0172,6.237
orin,8b,4w,parent,sarc_linear_q4gsw_coopmat_orin_t256x128k16g42s32bt_texture3d_texture2d_half,2048,1024,4096,2.8108,6.112
orin,8b,4w,parent,sarc_linear_q4gsw_coopmat_orin_t256x128k16g42s32bt_texture3d_texture2d_half,2048,1024,4096,2.8024,6.13
orin,8b,4w,parent,sarc_linear_q4gsw_coopmat_orin_t256x128k16g42s32bt_texture3d_texture2d_half,2048,4096,4096,11.0259,6.233
orin,8b,4w,parent,sarc_linear_q4gsw_coopmat_orin_t256x128k16g42s32bt_texture3d_texture2d_half,2048,14336,4096,38.5059,6.246
orin,8b,4w,parent,sarc_linear_q4gsw_coopmat_orin_t256x128k16g42s32bt_texture3d_texture2d_half,2048,14336,4096,38.3664,6.269
orin,8b,4w,parent,sarc_dev_linear_q4gsw_coopmat_bx_t128x128k32g42s32f32c_texture3d_texture2d_half,2048,4096,14336,41.2409,5.832
orin,8b,4w,parent,sarc_linear_q4gsw_coopmat_orin_t256x128k16g42s32bt_texture3d_texture2d_half,2048,4096,4096,11.0251,6.233
orin,8b,4w,parent,sarc_linear_q4gsw_coopmat_orin_t256x128k16g42s32bt_texture3d_texture2d_half,2048,1024,4096,2.7995,6.137
orin,8b,4w,parent,sarc_linear_q4gsw_coopmat_orin_t256x128k16g42s32bt_texture3d_texture2d_half,2048,1024,4096,2.8002,6.135
orin,8b,4w,parent,sarc_linear_q4gsw_coopmat_orin_t256x128k16g42s32bt_texture3d_texture2d_half,2048,4096,4096,11.0149,6.239
orin,8b,4w,parent,sarc_linear_q4gsw_coopmat_orin_t256x128k16g42s32bt_texture3d_texture2d_half,2048,14336,4096,38.5024,6.247
orin,8b,4w,parent,sarc_linear_q4gsw_coopmat_orin_t256x128k16g42s32bt_texture3d_texture2d_half,2048,14336,4096,38.1701,6.301
orin,8b,4w,parent,sarc_dev_linear_q4gsw_coopmat_bx_t128x128k32g42s32f32c_texture3d_texture2d_half,2048,4096,14336,41.2051,5.837
orin,8b,4w,parent,sarc_linear_q4gsw_coopmat_orin_t256x128k16g42s32bt_texture3d_texture2d_half,2048,4096,4096,11.0292,6.231
orin,8b,4w,parent,sarc_linear_q4gsw_coopmat_orin_t256x128k16g42s32bt_texture3d_texture2d_half,2048,1024,4096,2.8008,6.134
orin,8b,4w,parent,sarc_linear_q4gsw_coopmat_orin_t256x128k16g42s32bt_texture3d_texture2d_half,2048,1024,4096,2.798,6.14
orin,8b,4w,parent,sarc_linear_q4gsw_coopmat_orin_t256x128k16g42s32bt_texture3d_texture2d_half,2048,4096,4096,11.0255,6.233
orin,8b,4w,parent,sarc_linear_q4gsw_coopmat_orin_t256x128k16g42s32bt_texture3d_texture2d_half,2048,14336,4096,38.5055,6.246
orin,8b,4w,parent,sarc_linear_q4gsw_coopmat_orin_t256x128k16g42s32bt_texture3d_texture2d_half,2048,14336,4096,38.3965,6.264
orin,8b,4w,parent,sarc_dev_linear_q4gsw_coopmat_bx_t128x128k32g42s32f32c_texture3d_texture2d_half,2048,4096,14336,41.2414,5.832
orin,8b,4w,parent,sarc_linear_q4gsw_coopmat_orin_t256x128k16g42s32bt_texture3d_texture2d_half,2048,4096,4096,11.0264,6.232
orin,8b,4w,parent,sarc_linear_q4gsw_coopmat_orin_t256x128k16g42s32bt_texture3d_texture2d_half,2048,1024,4096,2.8008,6.134
orin,8b,4w,parent,sarc_linear_q4gsw_coopmat_orin_t256x128k16g42s32bt_texture3d_texture2d_half,2048,1024,4096,2.7999,6.136
orin,8b,4w,parent,sarc_linear_q4gsw_coopmat_orin_t256x128k16g42s32bt_texture3d_texture2d_half,2048,4096,4096,11.0309,6.23
orin,8b,4w,parent,sarc_linear_q4gsw_coopmat_orin_t256x128k16g42s32bt_texture3d_texture2d_half,2048,14336,4096,38.496,6.248
orin,8b,4w,parent,sarc_linear_q4gsw_coopmat_orin_t256x128k16g42s32bt_texture3d_texture2d_half,2048,14336,4096,38.3965,6.264
orin,8b,4w,parent,sarc_dev_linear_q4gsw_coopmat_bx_t128x128k32g42s32f32c_texture3d_texture2d_half,2048,4096,14336,41.2428,5.832
orin,8b,4w,parent,sarc_linear_q4gsw_coopmat_orin_t256x128k16g42s32bt_texture3d_texture2d_half,2048,4096,4096,11.0185,6.237
orin,8b,4w,parent,sarc_linear_q4gsw_coopmat_orin_t256x128k16g42s32bt_texture3d_texture2d_half,2048,1024,4096,2.8001,6.136
orin,8b,4w,parent,sarc_linear_q4gsw_coopmat_orin_t256x128k16g42s32bt_texture3d_texture2d_half,2048,1024,4096,2.7953,6.146
orin,8b,4w,parent,sarc_linear_q4gsw_coopmat_orin_t256x128k16g42s32bt_texture3d_texture2d_half,2048,4096,4096,10.9475,6.277
orin,8b,4w,parent,sarc_linear_q4gsw_coopmat_orin_t256x128k16g42s32bt_texture3d_texture2d_half,2048,14336,4096,38.3459,6.272
orin,8b,4w,parent,sarc_linear_q4gsw_coopmat_orin_t256x128k16g42s32bt_texture3d_texture2d_half,2048,14336,4096,38.3711,6.268
orin,8b,4w,parent,sarc_dev_linear_q4gsw_coopmat_bx_t128x128k32g42s32f32c_texture3d_texture2d_half,2048,4096,14336,41.2292,5.834
orin,8b,4w,parent,sarc_linear_q4gsw_coopmat_orin_t256x128k16g42s32bt_texture3d_texture2d_half,2048,4096,4096,11.0259,6.233
orin,8b,4w,parent,sarc_linear_q4gsw_coopmat_orin_t256x128k16g42s32bt_texture3d_texture2d_half,2048,1024,4096,2.8055,6.124
orin,8b,4w,parent,sarc_linear_q4gsw_coopmat_orin_t256x128k16g42s32bt_texture3d_texture2d_half,2048,1024,4096,2.7973,6.142
orin,8b,4w,parent,sarc_linear_q4gsw_coopmat_orin_t256x128k16g42s32bt_texture3d_texture2d_half,2048,4096,4096,11.0158,6.238
orin,8b,4w,parent,sarc_linear_q4gsw_coopmat_orin_t256x128k16g42s32bt_texture3d_texture2d_half,2048,14336,4096,38.505,6.246
orin,8b,4w,parent,sarc_linear_q4gsw_coopmat_orin_t256x128k16g42s32bt_texture3d_texture2d_half,2048,14336,4096,38.3849,6.266
orin,8b,4w,parent,sarc_dev_linear_q4gsw_coopmat_bx_t128x128k32g42s32f32c_texture3d_texture2d_half,2048,4096,14336,41.2512,5.831
orin,8b,4w,parent,sarc_linear_q4gsw_coopmat_orin_t256x128k16g42s32bt_texture3d_texture2d_half,2048,4096,4096,11.0219,6.235
orin,8b,4w,parent,sarc_linear_q4gsw_coopmat_orin_t256x128k16g42s32bt_texture3d_texture2d_half,2048,1024,4096,2.7995,6.137
orin,8b,4w,parent,sarc_linear_q4gsw_coopmat_orin_t256x128k16g42s32bt_texture3d_texture2d_half,2048,1024,4096,2.8,6.136
orin,8b,4w,parent,sarc_linear_q4gsw_coopmat_orin_t256x128k16g42s32bt_texture3d_texture2d_half,2048,4096,4096,10.9873,6.254
orin,8b,4w,parent,sarc_linear_q4gsw_coopmat_orin_t256x128k16g42s32bt_texture3d_texture2d_half,2048,14336,4096,38.4372,6.257
orin,8b,4w,parent,sarc_linear_q4gsw_coopmat_orin_t256x128k16g42s32bt_texture3d_texture2d_half,2048,14336,4096,38.3721,6.268
orin,8b,4w,parent,sarc_dev_linear_q4gsw_coopmat_bx_t128x128k32g42s32f32c_texture3d_texture2d_half,2048,4096,14336,41.0212,5.863
orin,8b,4w,parent,sarc_linear_q4gsw_coopmat_orin_t256x128k16g42s32bt_texture3d_texture2d_half,2048,4096,4096,10.9843,6.256
orin,8b,4w,parent,sarc_linear_q4gsw_coopmat_orin_t256x128k16g42s32bt_texture3d_texture2d_half,2048,1024,4096,2.7975,6.141
orin,8b,4w,parent,sarc_linear_q4gsw_coopmat_orin_t256x128k16g42s32bt_texture3d_texture2d_half,2048,1024,4096,2.7933,6.15
orin,8b,4w,parent,sarc_linear_q4gsw_coopmat_orin_t256x128k16g42s32bt_texture3d_texture2d_half,2048,4096,4096,11.0173,6.237
orin,8b,4w,parent,sarc_linear_q4gsw_coopmat_orin_t256x128k16g42s32bt_texture3d_texture2d_half,2048,14336,4096,38.4816,6.25
orin,8b,4w,parent,sarc_linear_q4gsw_coopmat_orin_t256x128k16g42s32bt_texture3d_texture2d_half,2048,14336,4096,38.3789,6.267
orin,8b,4w,parent,sarc_dev_linear_q4gsw_coopmat_bx_t128x128k32g42s32f32c_texture3d_texture2d_half,2048,4096,14336,41.2243,5.834
orin,8b,4w,parent,sarc_linear_q4gsw_coopmat_orin_t256x128k16g42s32bt_texture3d_texture2d_half,2048,4096,4096,11.03,6.23
orin,8b,4w,parent,sarc_linear_q4gsw_coopmat_orin_t256x128k16g42s32bt_texture3d_texture2d_half,2048,1024,4096,2.797,6.142
orin,8b,4w,parent,sarc_linear_q4gsw_coopmat_orin_t256x128k16g42s32bt_texture3d_texture2d_half,2048,1024,4096,2.7919,6.153
orin,8b,4w,parent,sarc_linear_q4gsw_coopmat_orin_t256x128k16g42s32bt_texture3d_texture2d_half,2048,4096,4096,11.015,6.239
orin,8b,4w,parent,sarc_linear_q4gsw_coopmat_orin_t256x128k16g42s32bt_texture3d_texture2d_half,2048,14336,4096,38.5324,6.242
orin,8b,4w,parent,sarc_linear_q4gsw_coopmat_orin_t256x128k16g42s32bt_texture3d_texture2d_half,2048,14336,4096,38.3722,6.268
orin,8b,4w,parent,sarc_dev_linear_q4gsw_coopmat_bx_t128x128k32g42s32f32c_texture3d_texture2d_half,2048,4096,14336,41.2213,5.835
orin,8b,4w,parent,sarc_linear_q4gsw_coopmat_orin_t256x128k16g42s32bt_texture3d_texture2d_half,2048,4096,4096,11.0255,6.233
orin,8b,4w,parent,sarc_linear_q4gsw_coopmat_orin_t256x128k16g42s32bt_texture3d_texture2d_half,2048,1024,4096,2.7967,6.143
orin,8b,4w,parent,sarc_linear_q4gsw_coopmat_orin_t256x128k16g42s32bt_texture3d_texture2d_half,2048,1024,4096,2.794,6.149
orin,8b,4w,parent,sarc_linear_q4gsw_coopmat_orin_t256x128k16g42s32bt_texture3d_texture2d_half,2048,4096,4096,11.0091,6.242
orin,8b,4w,parent,sarc_linear_q4gsw_coopmat_orin_t256x128k16g42s32bt_texture3d_texture2d_half,2048,14336,4096,38.3224,6.276
orin,8b,4w,parent,sarc_linear_q4gsw_coopmat_orin_t256x128k16g42s32bt_texture3d_texture2d_half,2048,14336,4096,38.3249,6.276
orin,8b,4w,parent,sarc_dev_linear_q4gsw_coopmat_bx_t128x128k32g42s32f32c_texture3d_texture2d_half,2048,4096,14336,41.2316,5.833
orin,8b,4w,parent,sarc_linear_q4gsw_coopmat_orin_t256x128k16g42s32bt_texture3d_texture2d_half,2048,4096,4096,11.0276,6.232
orin,8b,4w,parent,sarc_linear_q4gsw_coopmat_orin_t256x128k16g42s32bt_texture3d_texture2d_half,2048,1024,4096,2.7997,6.136
orin,8b,4w,parent,sarc_linear_q4gsw_coopmat_orin_t256x128k16g42s32bt_texture3d_texture2d_half,2048,1024,4096,2.798,6.14
orin,8b,4w,parent,sarc_linear_q4gsw_coopmat_orin_t256x128k16g42s32bt_texture3d_texture2d_half,2048,4096,4096,11.0227,6.234
orin,8b,4w,parent,sarc_linear_q4gsw_coopmat_orin_t256x128k16g42s32bt_texture3d_texture2d_half,2048,14336,4096,38.47,6.252
orin,8b,4w,parent,sarc_linear_q4gsw_coopmat_orin_t256x128k16g42s32bt_texture3d_texture2d_half,2048,14336,4096,38.3784,6.267
orin,8b,4w,parent,sarc_dev_linear_q4gsw_coopmat_bx_t128x128k32g42s32f32c_texture3d_texture2d_half,2048,4096,14336,41.2086,5.837
orin,8b,4w,parent,sarc_linear_q4gsw_coopmat_orin_t256x128k16g42s32bt_texture3d_texture2d_half,2048,4096,4096,11.0031,6.245
orin,8b,4w,parent,sarc_linear_q4gsw_coopmat_orin_t256x128k16g42s32bt_texture3d_texture2d_half,2048,1024,4096,2.7896,6.159
orin,8b,4w,parent,sarc_linear_q4gsw_coopmat_orin_t256x128k16g42s32bt_texture3d_texture2d_half,2048,1024,4096,2.7922,6.153
orin,8b,4w,parent,sarc_linear_q4gsw_coopmat_orin_t256x128k16g42s32bt_texture3d_texture2d_half,2048,4096,4096,11.011,6.241
orin,8b,4w,parent,sarc_linear_q4gsw_coopmat_orin_t256x128k16g42s32bt_texture3d_texture2d_half,2048,14336,4096,38.4883,6.249
orin,8b,4w,parent,sarc_linear_q4gsw_coopmat_orin_t256x128k16g42s32bt_texture3d_texture2d_half,2048,14336,4096,38.4101,6.262
orin,8b,4w,parent,sarc_dev_linear_q4gsw_coopmat_bx_t128x128k32g42s32f32c_texture3d_texture2d_half,2048,4096,14336,41.2048,5.837
orin,8b,4w,parent,sarc_linear_q4gsw_coopmat_orin_t256x128k16g42s32bt_texture3d_texture2d_half,2048,4096,4096,10.9566,6.272
orin,8b,4w,parent,sarc_linear_q4gsw_coopmat_orin_t256x128k16g42s32bt_texture3d_texture2d_half,2048,1024,4096,2.7804,6.179
orin,8b,4w,parent,sarc_linear_q4gsw_coopmat_orin_t256x128k16g42s32bt_texture3d_texture2d_half,2048,1024,4096,2.7801,6.18
orin,8b,4w,parent,sarc_linear_q4gsw_coopmat_orin_t256x128k16g42s32bt_texture3d_texture2d_half,2048,4096,4096,11.0163,6.238
orin,8b,4w,parent,sarc_linear_q4gsw_coopmat_orin_t256x128k16g42s32bt_texture3d_texture2d_half,2048,14336,4096,38.5108,6.245
orin,8b,4w,parent,sarc_linear_q4gsw_coopmat_orin_t256x128k16g42s32bt_texture3d_texture2d_half,2048,14336,4096,38.3925,6.265
orin,8b,4w,parent,sarc_dev_linear_q4gsw_coopmat_bx_t128x128k32g42s32f32c_texture3d_texture2d_half,2048,4096,14336,41.2379,5.832
orin,8b,4w,parent,sarc_linear_q4gsw_coopmat_orin_t256x128k16g42s32bt_texture3d_texture2d_half,2048,4096,4096,11.0209,6.235
orin,8b,4w,parent,sarc_linear_q4gsw_coopmat_orin_t256x128k16g42s32bt_texture3d_texture2d_half,2048,1024,4096,2.8013,6.133
orin,8b,4w,parent,sarc_linear_q4gsw_coopmat_orin_t256x128k16g42s32bt_texture3d_texture2d_half,2048,1024,4096,2.8028,6.13
orin,8b,4w,parent,sarc_linear_q4gsw_coopmat_orin_t256x128k16g42s32bt_texture3d_texture2d_half,2048,4096,4096,11.0081,6.243
orin,8b,4w,parent,sarc_linear_q4gsw_coopmat_orin_t256x128k16g42s32bt_texture3d_texture2d_half,2048,14336,4096,38.5066,6.246
orin,8b,4w,parent,sarc_linear_q4gsw_coopmat_orin_t256x128k16g42s32bt_texture3d_texture2d_half,2048,14336,4096,38.3776,6.267
orin,8b,4w,parent,sarc_dev_linear_q4gsw_coopmat_bx_t128x128k32g42s32f32c_texture3d_texture2d_half,2048,4096,14336,41.2484,5.831
orin,8b,4w,parent,sarc_linear_q4gsw_coopmat_orin_t256x128k16g42s32bt_texture3d_texture2d_half,2048,4096,4096,11.0175,6.237
orin,8b,4w,parent,sarc_linear_q4gsw_coopmat_orin_t256x128k16g42s32bt_texture3d_texture2d_half,2048,1024,4096,2.7976,6.141
orin,8b,4w,parent,sarc_linear_q4gsw_coopmat_orin_t256x128k16g42s32bt_texture3d_texture2d_half,2048,1024,4096,2.7968,6.143
orin,8b,4w,parent,sarc_linear_q4gsw_coopmat_orin_t256x128k16g42s32bt_texture3d_texture2d_half,2048,4096,4096,11.0148,6.239
orin,8b,4w,parent,sarc_linear_q4gsw_coopmat_orin_t256x128k16g42s32bt_texture3d_texture2d_half,2048,14336,4096,38.5148,6.245
orin,8b,4w,parent,sarc_linear_q4gsw_coopmat_orin_t256x128k16g42s32bt_texture3d_texture2d_half,2048,14336,4096,38.1981,6.297
orin,8b,4w,parent,sarc_dev_linear_q4gsw_coopmat_bx_t128x128k32g42s32f32c_texture3d_texture2d_half,2048,4096,14336,41.1825,5.84
orin,8b,4w,parent,sarc_linear_q4gsw_coopmat_orin_t256x128k16g42s32bt_texture3d_texture2d_half,2048,4096,4096,11.0367,6.226
orin,8b,4w,parent,sarc_linear_q4gsw_coopmat_orin_t256x128k16g42s32bt_texture3d_texture2d_half,2048,1024,4096,2.8015,6.132
orin,8b,4w,parent,sarc_linear_q4gsw_coopmat_orin_t256x128k16g42s32bt_texture3d_texture2d_half,2048,1024,4096,2.8022,6.131
orin,8b,4w,parent,sarc_linear_q4gsw_coopmat_orin_t256x128k16g42s32bt_texture3d_texture2d_half,2048,4096,4096,11.0283,6.231
orin,8b,4w,parent,sarc_linear_q4gsw_coopmat_orin_t256x128k16g42s32bt_texture3d_texture2d_half,2048,14336,4096,38.4982,6.248
orin,8b,4w,parent,sarc_linear_q4gsw_coopmat_orin_t256x128k16g42s32bt_texture3d_texture2d_half,2048,14336,4096,38.3173,6.277
orin,8b,4w,parent,sarc_dev_linear_q4gsw_coopmat_bx_t128x128k32g42s32f32c_texture3d_texture2d_half,2048,4096,14336,41.2611,5.829
orin,8b,4w,parent,sarc_linear_q4gsw_coopmat_orin_t256x128k16g42s32bt_texture3d_texture2d_half,2048,4096,4096,11.013,6.24
orin,8b,4w,parent,sarc_linear_q4gsw_coopmat_orin_t256x128k16g42s32bt_texture3d_texture2d_half,2048,1024,4096,2.8011,6.133
orin,8b,4w,parent,sarc_linear_q4gsw_coopmat_orin_t256x128k16g42s32bt_texture3d_texture2d_half,2048,1024,4096,2.8038,6.127
orin,8b,4w,parent,sarc_linear_q4gsw_coopmat_orin_t256x128k16g42s32bt_texture3d_texture2d_half,2048,4096,4096,11.018,6.237
orin,8b,4w,parent,sarc_linear_q4gsw_coopmat_orin_t256x128k16g42s32bt_texture3d_texture2d_half,2048,14336,4096,38.4795,6.251
orin,8b,4w,parent,sarc_linear_q4gsw_coopmat_orin_t256x128k16g42s32bt_texture3d_texture2d_half,2048,14336,4096,38.3884,6.265
orin,8b,4w,parent,sarc_dev_linear_q4gsw_coopmat_bx_t128x128k32g42s32f32c_texture3d_texture2d_half,2048,4096,14336,41.2413,5.832
orin,8b,4w,parent,sarc_linear_q4gsw_coopmat_orin_t256x128k16g42s32bt_texture3d_texture2d_half,2048,4096,4096,11.0316,6.229
orin,8b,4w,parent,sarc_linear_q4gsw_coopmat_orin_t256x128k16g42s32bt_texture3d_texture2d_half,2048,1024,4096,2.7951,6.146
orin,8b,4w,parent,sarc_linear_q4gsw_coopmat_orin_t256x128k16g42s32bt_texture3d_texture2d_half,2048,1024,4096,2.8031,6.129
orin,8b,4w,parent,sarc_linear_q4gsw_coopmat_orin_t256x128k16g42s32bt_texture3d_texture2d_half,2048,4096,4096,10.9639,6.268
orin,8b,4w,parent,sarc_linear_q4gsw_coopmat_orin_t256x128k16g42s32bt_texture3d_texture2d_half,2048,14336,4096,38.3516,6.271
orin,8b,4w,parent,sarc_linear_q4gsw_coopmat_orin_t256x128k16g42s32bt_texture3d_texture2d_half,2048,14336,4096,38.3738,6.268
orin,8b,4w,parent,sarc_dev_linear_q4gsw_coopmat_bx_t128x128k32g42s32f32c_texture3d_texture2d_half,2048,4096,14336,41.2295,5.834
orin,8b,4w,parent,sarc_linear_q4gsw_coopmat_orin_t256x128k16g42s32bt_texture3d_texture2d_half,2048,4096,4096,11.0191,6.236
orin,8b,4w,parent,sarc_linear_q4gsw_coopmat_orin_t256x128k16g42s32bt_texture3d_texture2d_half,2048,1024,4096,2.7957,6.145
orin,8b,4w,parent,sarc_linear_q4gsw_coopmat_orin_t256x128k16g42s32bt_texture3d_texture2d_half,2048,1024,4096,2.8065,6.121
orin,8b,4w,parent,sarc_linear_q4gsw_coopmat_orin_t256x128k16g42s32bt_texture3d_texture2d_half,2048,4096,4096,11.0203,6.236
orin,8b,4w,parent,sarc_linear_q4gsw_coopmat_orin_t256x128k16g42s32bt_texture3d_texture2d_half,2048,14336,4096,38.5104,6.246
orin,8b,4w,parent,sarc_linear_q4gsw_coopmat_orin_t256x128k16g42s32bt_texture3d_texture2d_half,2048,14336,4096,38.3983,6.264
orin,8b,4w,parent,sarc_dev_linear_q4gsw_coopmat_bx_t128x128k32g42s32f32c_texture3d_texture2d_half,2048,4096,14336,41.2455,5.831
orin,8b,4w,parent,sarc_linear_q4gsw_coopmat_orin_t256x128k16g42s32bt_texture3d_texture2d_half,2048,4096,4096,11.0252,6.233
orin,8b,4w,parent,sarc_linear_q4gsw_coopmat_orin_t256x128k16g42s32bt_texture3d_texture2d_half,2048,1024,4096,2.807,6.12
orin,8b,4w,parent,sarc_linear_q4gsw_coopmat_orin_t256x128k16g42s32bt_texture3d_texture2d_half,2048,1024,4096,2.8006,6.134
orin,8b,4w,parent,sarc_linear_q4gsw_coopmat_orin_t256x128k16g42s32bt_texture3d_texture2d_half,2048,4096,4096,11.025,6.233
orin,8b,4w,parent,sarc_linear_q4gsw_coopmat_orin_t256x128k16g42s32bt_texture3d_texture2d_half,2048,14336,4096,38.5127,6.245
orin,8b,4w,parent,sarc_linear_q4gsw_coopmat_orin_t256x128k16g42s32bt_texture3d_texture2d_half,2048,14336,4096,38.386,6.266
orin,8b,4w,parent,sarc_dev_linear_q4gsw_coopmat_bx_t128x128k32g42s32f32c_texture3d_texture2d_half,2048,4096,14336,41.0161,5.864
orin,8b,4w,parent,sarc_linear_q4gsw_coopmat_orin_t256x128k16g42s32bt_texture3d_texture2d_half,2048,4096,4096,10.9951,6.25
orin,8b,4w,parent,sarc_linear_q4gsw_coopmat_orin_t256x128k16g42s32bt_texture3d_texture2d_half,2048,1024,4096,2.7988,6.138
orin,8b,4w,parent,sarc_linear_q4gsw_coopmat_orin_t256x128k16g42s32bt_texture3d_texture2d_half,2048,1024,4096,2.8053,6.124
orin,8b,4w,parent,sarc_linear_q4gsw_coopmat_orin_t256x128k16g42s32bt_texture3d_texture2d_half,2048,4096,4096,10.9799,6.259
orin,8b,4w,parent,sarc_linear_q4gsw_coopmat_orin_t256x128k16g42s32bt_texture3d_texture2d_half,2048,14336,4096,38.4665,6.253
orin,8b,4w,parent,sarc_linear_q4gsw_coopmat_orin_t256x128k16g42s32bt_texture3d_texture2d_half,2048,14336,4096,38.375,6.268
orin,8b,4w,parent,sarc_dev_linear_q4gsw_coopmat_bx_t128x128k32g42s32f32c_texture3d_texture2d_half,2048,4096,14336,41.2462,5.831
orin,8b,4w,parent,sarc_linear_q4gsw_coopmat_orin_t256x128k16g42s32bt_texture3d_texture2d_half,2048,4096,4096,11.0188,6.237
orin,8b,4w,parent,sarc_linear_q4gsw_coopmat_orin_t256x128k16g42s32bt_texture3d_texture2d_half,2048,1024,4096,2.8071,6.12
orin,8b,4w,parent,sarc_linear_q4gsw_coopmat_orin_t256x128k16g42s32bt_texture3d_texture2d_half,2048,1024,4096,2.8018,6.132
orin,8b,4w,parent,sarc_linear_q4gsw_coopmat_orin_t256x128k16g42s32bt_texture3d_texture2d_half,2048,4096,4096,11.0222,6.235
orin,8b,4w,parent,sarc_linear_q4gsw_coopmat_orin_t256x128k16g42s32bt_texture3d_texture2d_half,2048,14336,4096,38.5263,6.243
orin,8b,4w,parent,sarc_linear_q4gsw_coopmat_orin_t256x128k16g42s32bt_texture3d_texture2d_half,2048,14336,4096,38.3956,6.264
orin,8b,4w,parent,sarc_dev_linear_q4gsw_coopmat_bx_t128x128k32g42s32f32c_texture3d_texture2d_half,2048,4096,14336,41.2409,5.832
orin,8b,4w,parent,sarc_linear_q4gsw_coopmat_orin_t256x128k16g42s32bt_texture3d_texture2d_half,2048,4096,4096,11.0179,6.237
orin,8b,4w,parent,sarc_linear_q4gsw_coopmat_orin_t256x128k16g42s32bt_texture3d_texture2d_half,2048,1024,4096,2.8004,6.135
orin,8b,4w,parent,sarc_linear_q4gsw_coopmat_orin_t256x128k16g42s32bt_texture3d_texture2d_half,2048,1024,4096,2.7929,6.151
orin,8b,4w,parent,sarc_linear_q4gsw_coopmat_orin_t256x128k16g42s32bt_texture3d_texture2d_half,2048,4096,4096,11.0147,6.239
orin,8b,4w,parent,sarc_linear_q4gsw_coopmat_orin_t256x128k16g42s32bt_texture3d_texture2d_half,2048,14336,4096,38.3681,6.269
orin,8b,4w,parent,sarc_linear_q4gsw_coopmat_orin_t256x128k16g42s32bt_texture3d_texture2d_half,2048,14336,4096,38.2972,6.28
orin,8b,4w,parent,sarc_dev_linear_q4gsw_coopmat_bx_t128x128k32g42s32f32c_texture3d_texture2d_half,2048,4096,14336,41.2346,5.833
orin,8b,8da4w,cand,sarc_linear_dq8ca_coopmat_zpgtr_orin_bf_t128x128k64g24s32mk32ra_texture3d_texture2d_half,2048,4096,4096,12.9059,5.325
orin,8b,8da4w,cand,sarc_linear_dq8ca_coopmat_zpgtr_orin_bf_t128x128k64g24s32mk32ra_texture3d_texture2d_half,2048,1024,4096,3.2351,5.311
orin,8b,8da4w,cand,sarc_linear_dq8ca_coopmat_zpgtr_orin_bf_t128x128k64g24s32mk32ra_texture3d_texture2d_half,2048,1024,4096,3.2197,5.336
orin,8b,8da4w,cand,sarc_linear_dq8ca_coopmat_zpgtr_orin_bf_t128x128k64g24s32mk32ra_texture3d_texture2d_half,2048,4096,4096,12.8096,5.365
orin,8b,8da4w,cand,sarc_linear_dq8ca_coopmat_zpgtr_orin_bf_t128x128k64g24s32mk32ra_texture3d_texture2d_half,2048,14336,4096,45.2116,5.32
orin,8b,8da4w,cand,sarc_linear_dq8ca_coopmat_zpgtr_orin_bf_t128x128k64g24s32mk32ra_texture3d_texture2d_half,2048,14336,4096,44.845,5.363
orin,8b,8da4w,cand,sarc_linear_dq8ca_coopmat_zpgtr_orin_bf_t128x128k64g24s32mk32ra_texture3d_texture2d_half,2048,4096,14336,43.5883,5.518
orin,8b,8da4w,cand,sarc_linear_dq8ca_coopmat_zpgtr_orin_bf_t128x128k64g24s32mk32ra_texture3d_texture2d_half,2048,4096,4096,12.7539,5.388
orin,8b,8da4w,cand,sarc_linear_dq8ca_coopmat_zpgtr_orin_bf_t128x128k64g24s32mk32ra_texture3d_texture2d_half,2048,1024,4096,3.2223,5.332
orin,8b,8da4w,cand,sarc_linear_dq8ca_coopmat_zpgtr_orin_bf_t128x128k64g24s32mk32ra_texture3d_texture2d_half,2048,1024,4096,3.2173,5.34
orin,8b,8da4w,cand,sarc_linear_dq8ca_coopmat_zpgtr_orin_bf_t128x128k64g24s32mk32ra_texture3d_texture2d_half,2048,4096,4096,12.8143,5.363
orin,8b,8da4w,cand,sarc_linear_dq8ca_coopmat_zpgtr_orin_bf_t128x128k64g24s32mk32ra_texture3d_texture2d_half,2048,14336,4096,44.9473,5.351
orin,8b,8da4w,cand,sarc_linear_dq8ca_coopmat_zpgtr_orin_bf_t128x128k64g24s32mk32ra_texture3d_texture2d_half,2048,14336,4096,44.8362,5.364
orin,8b,8da4w,cand,sarc_linear_dq8ca_coopmat_zpgtr_orin_bf_t128x128k64g24s32mk32ra_texture3d_texture2d_half,2048,4096,14336,43.5945,5.517
orin,8b,8da4w,cand,sarc_linear_dq8ca_coopmat_zpgtr_orin_bf_t128x128k64g24s32mk32ra_texture3d_texture2d_half,2048,4096,4096,12.833,5.355
orin,8b,8da4w,cand,sarc_linear_dq8ca_coopmat_zpgtr_orin_bf_t128x128k64g24s32mk32ra_texture3d_texture2d_half,2048,1024,4096,3.2103,5.351
orin,8b,8da4w,cand,sarc_linear_dq8ca_coopmat_zpgtr_orin_bf_t128x128k64g24s32mk32ra_texture3d_texture2d_half,2048,1024,4096,3.2015,5.366
orin,8b,8da4w,cand,sarc_linear_dq8ca_coopmat_zpgtr_orin_bf_t128x128k64g24s32mk32ra_texture3d_texture2d_half,2048,4096,4096,12.7602,5.385
orin,8b,8da4w,cand,sarc_linear_dq8ca_coopmat_zpgtr_orin_bf_t128x128k64g24s32mk32ra_texture3d_texture2d_half,2048,14336,4096,44.8377,5.364
orin,8b,8da4w,cand,sarc_linear_dq8ca_coopmat_zpgtr_orin_bf_t128x128k64g24s32mk32ra_texture3d_texture2d_half,2048,14336,4096,44.7263,5.378
orin,8b,8da4w,cand,sarc_linear_dq8ca_coopmat_zpgtr_orin_bf_t128x128k64g24s32mk32ra_texture3d_texture2d_half,2048,4096,14336,43.6299,5.513
orin,8b,8da4w,cand,sarc_linear_dq8ca_coopmat_zpgtr_orin_bf_t128x128k64g24s32mk32ra_texture3d_texture2d_half,2048,4096,4096,12.826,5.358
orin,8b,8da4w,cand,sarc_linear_dq8ca_coopmat_zpgtr_orin_bf_t128x128k64g24s32mk32ra_texture3d_texture2d_half,2048,1024,4096,3.2293,5.32
orin,8b,8da4w,cand,sarc_linear_dq8ca_coopmat_zpgtr_orin_bf_t128x128k64g24s32mk32ra_texture3d_texture2d_half,2048,1024,4096,3.2212,5.333
orin,8b,8da4w,cand,sarc_linear_dq8ca_coopmat_zpgtr_orin_bf_t128x128k64g24s32mk32ra_texture3d_texture2d_half,2048,4096,4096,12.8266,5.358
orin,8b,8da4w,cand,sarc_linear_dq8ca_coopmat_zpgtr_orin_bf_t128x128k64g24s32mk32ra_texture3d_texture2d_half,2048,14336,4096,44.9509,5.351
orin,8b,8da4w,cand,sarc_linear_dq8ca_coopmat_zpgtr_orin_bf_t128x128k64g24s32mk32ra_texture3d_texture2d_half,2048,14336,4096,44.7827,5.371
orin,8b,8da4w,cand,sarc_linear_dq8ca_coopmat_zpgtr_orin_bf_t128x128k64g24s32mk32ra_texture3d_texture2d_half,2048,4096,14336,43.632,5.512
orin,8b,8da4w,cand,sarc_linear_dq8ca_coopmat_zpgtr_orin_bf_t128x128k64g24s32mk32ra_texture3d_texture2d_half,2048,4096,4096,12.8329,5.355
orin,8b,8da4w,cand,sarc_linear_dq8ca_coopmat_zpgtr_orin_bf_t128x128k64g24s32mk32ra_texture3d_texture2d_half,2048,1024,4096,3.2459,5.293
orin,8b,8da4w,cand,sarc_linear_dq8ca_coopmat_zpgtr_orin_bf_t128x128k64g24s32mk32ra_texture3d_texture2d_half,2048,1024,4096,3.2227,5.331
orin,8b,8da4w,cand,sarc_linear_dq8ca_coopmat_zpgtr_orin_bf_t128x128k64g24s32mk32ra_texture3d_texture2d_half,2048,4096,4096,12.8049,5.367
orin,8b,8da4w,cand,sarc_linear_dq8ca_coopmat_zpgtr_orin_bf_t128x128k64g24s32mk32ra_texture3d_texture2d_half,2048,14336,4096,44.8541,5.362
orin,8b,8da4w,cand,sarc_linear_dq8ca_coopmat_zpgtr_orin_bf_t128x128k64g24s32mk32ra_texture3d_texture2d_half,2048,14336,4096,44.9428,5.352
orin,8b,8da4w,cand,sarc_linear_dq8ca_coopmat_zpgtr_orin_bf_t128x128k64g24s32mk32ra_texture3d_texture2d_half,2048,4096,14336,43.6441,5.511
orin,8b,8da4w,cand,sarc_linear_dq8ca_coopmat_zpgtr_orin_bf_t128x128k64g24s32mk32ra_texture3d_texture2d_half,2048,4096,4096,12.8365,5.353
orin,8b,8da4w,cand,sarc_linear_dq8ca_coopmat_zpgtr_orin_bf_t128x128k64g24s32mk32ra_texture3d_texture2d_half,2048,1024,4096,3.2338,5.313
orin,8b,8da4w,cand,sarc_linear_dq8ca_coopmat_zpgtr_orin_bf_t128x128k64g24s32mk32ra_texture3d_texture2d_half,2048,1024,4096,3.2219,5.332
orin,8b,8da4w,cand,sarc_linear_dq8ca_coopmat_zpgtr_orin_bf_t128x128k64g24s32mk32ra_texture3d_texture2d_half,2048,4096,4096,12.8547,5.346
orin,8b,8da4w,cand,sarc_linear_dq8ca_coopmat_zpgtr_orin_bf_t128x128k64g24s32mk32ra_texture3d_texture2d_half,2048,14336,4096,44.9402,5.352
orin,8b,8da4w,cand,sarc_linear_dq8ca_coopmat_zpgtr_orin_bf_t128x128k64g24s32mk32ra_texture3d_texture2d_half,2048,14336,4096,44.9801,5.347
orin,8b,8da4w,cand,sarc_linear_dq8ca_coopmat_zpgtr_orin_bf_t128x128k64g24s32mk32ra_texture3d_texture2d_half,2048,4096,14336,43.4791,5.532
orin,8b,8da4w,cand,sarc_linear_dq8ca_coopmat_zpgtr_orin_bf_t128x128k64g24s32mk32ra_texture3d_texture2d_half,2048,4096,4096,12.7983,5.369
orin,8b,8da4w,cand,sarc_linear_dq8ca_coopmat_zpgtr_orin_bf_t128x128k64g24s32mk32ra_texture3d_texture2d_half,2048,1024,4096,3.225,5.327
orin,8b,8da4w,cand,sarc_linear_dq8ca_coopmat_zpgtr_orin_bf_t128x128k64g24s32mk32ra_texture3d_texture2d_half,2048,1024,4096,3.2137,5.346
orin,8b,8da4w,cand,sarc_linear_dq8ca_coopmat_zpgtr_orin_bf_t128x128k64g24s32mk32ra_texture3d_texture2d_half,2048,4096,4096,12.8631,5.342
orin,8b,8da4w,cand,sarc_linear_dq8ca_coopmat_zpgtr_orin_bf_t128x128k64g24s32mk32ra_texture3d_texture2d_half,2048,14336,4096,44.9637,5.349
orin,8b,8da4w,cand,sarc_linear_dq8ca_coopmat_zpgtr_orin_bf_t128x128k64g24s32mk32ra_texture3d_texture2d_half,2048,14336,4096,44.8976,5.357
orin,8b,8da4w,cand,sarc_linear_dq8ca_coopmat_zpgtr_orin_bf_t128x128k64g24s32mk32ra_texture3d_texture2d_half,2048,4096,14336,43.6497,5.51
orin,8b,8da4w,cand,sarc_linear_dq8ca_coopmat_zpgtr_orin_bf_t128x128k64g24s32mk32ra_texture3d_texture2d_half,2048,4096,4096,12.8805,5.335
orin,8b,8da4w,cand,sarc_linear_dq8ca_coopmat_zpgtr_orin_bf_t128x128k64g24s32mk32ra_texture3d_texture2d_half,2048,1024,4096,3.248,5.289
orin,8b,8da4w,cand,sarc_linear_dq8ca_coopmat_zpgtr_orin_bf_t128x128k64g24s32mk32ra_texture3d_texture2d_half,2048,1024,4096,3.2188,5.337
orin,8b,8da4w,cand,sarc_linear_dq8ca_coopmat_zpgtr_orin_bf_t128x128k64g24s32mk32ra_texture3d_texture2d_half,2048,4096,4096,12.8472,5.349
orin,8b,8da4w,cand,sarc_linear_dq8ca_coopmat_zpgtr_orin_bf_t128x128k64g24s32mk32ra_texture3d_texture2d_half,2048,14336,4096,44.9567,5.35
orin,8b,8da4w,cand,sarc_linear_dq8ca_coopmat_zpgtr_orin_bf_t128x128k64g24s32mk32ra_texture3d_texture2d_half,2048,14336,4096,44.8698,5.36
orin,8b,8da4w,cand,sarc_linear_dq8ca_coopmat_zpgtr_orin_bf_t128x128k64g24s32mk32ra_texture3d_texture2d_half,2048,4096,14336,43.6762,5.507
orin,8b,8da4w,cand,sarc_linear_dq8ca_coopmat_zpgtr_orin_bf_t128x128k64g24s32mk32ra_texture3d_texture2d_half,2048,4096,4096,12.8263,5.358
orin,8b,8da4w,cand,sarc_linear_dq8ca_coopmat_zpgtr_orin_bf_t128x128k64g24s32mk32ra_texture3d_texture2d_half,2048,1024,4096,3.2393,5.304
orin,8b,8da4w,cand,sarc_linear_dq8ca_coopmat_zpgtr_orin_bf_t128x128k64g24s32mk32ra_texture3d_texture2d_half,2048,1024,4096,3.2192,5.337
orin,8b,8da4w,cand,sarc_linear_dq8ca_coopmat_zpgtr_orin_bf_t128x128k64g24s32mk32ra_texture3d_texture2d_half,2048,4096,4096,12.8522,5.347
orin,8b,8da4w,cand,sarc_linear_dq8ca_coopmat_zpgtr_orin_bf_t128x128k64g24s32mk32ra_texture3d_texture2d_half,2048,14336,4096,44.7829,5.371
orin,8b,8da4w,cand,sarc_linear_dq8ca_coopmat_zpgtr_orin_bf_t128x128k64g24s32mk32ra_texture3d_texture2d_half,2048,14336,4096,44.8232,5.366
orin,8b,8da4w,cand,sarc_linear_dq8ca_coopmat_zpgtr_orin_bf_t128x128k64g24s32mk32ra_texture3d_texture2d_half,2048,4096,14336,43.6473,5.51
orin,8b,8da4w,cand,sarc_linear_dq8ca_coopmat_zpgtr_orin_bf_t128x128k64g24s32mk32ra_texture3d_texture2d_half,2048,4096,4096,12.8177,5.361
orin,8b,8da4w,cand,sarc_linear_dq8ca_coopmat_zpgtr_orin_bf_t128x128k64g24s32mk32ra_texture3d_texture2d_half,2048,1024,4096,3.2374,5.307
orin,8b,8da4w,cand,sarc_linear_dq8ca_coopmat_zpgtr_orin_bf_t128x128k64g24s32mk32ra_texture3d_texture2d_half,2048,1024,4096,3.2208,5.334
orin,8b,8da4w,cand,sarc_linear_dq8ca_coopmat_zpgtr_orin_bf_t128x128k64g24s32mk32ra_texture3d_texture2d_half,2048,4096,4096,12.8723,5.339
orin,8b,8da4w,cand,sarc_linear_dq8ca_coopmat_zpgtr_orin_bf_t128x128k64g24s32mk32ra_texture3d_texture2d_half,2048,14336,4096,44.968,5.349
orin,8b,8da4w,cand,sarc_linear_dq8ca_coopmat_zpgtr_orin_bf_t128x128k64g24s32mk32ra_texture3d_texture2d_half,2048,14336,4096,44.9764,5.348
orin,8b,8da4w,cand,sarc_linear_dq8ca_coopmat_zpgtr_orin_bf_t128x128k64g24s32mk32ra_texture3d_texture2d_half,2048,4096,14336,43.655,5.51
orin,8b,8da4w,cand,sarc_linear_dq8ca_coopmat_zpgtr_orin_bf_t128x128k64g24s32mk32ra_texture3d_texture2d_half,2048,4096,4096,12.8521,5.347
orin,8b,8da4w,cand,sarc_linear_dq8ca_coopmat_zpgtr_orin_bf_t128x128k64g24s32mk32ra_texture3d_texture2d_half,2048,1024,4096,3.2328,5.314
orin,8b,8da4w,cand,sarc_linear_dq8ca_coopmat_zpgtr_orin_bf_t128x128k64g24s32mk32ra_texture3d_texture2d_half,2048,1024,4096,3.2172,5.34
orin,8b,8da4w,cand,sarc_linear_dq8ca_coopmat_zpgtr_orin_bf_t128x128k64g24s32mk32ra_texture3d_texture2d_half,2048,4096,4096,12.8559,5.345
orin,8b,8da4w,cand,sarc_linear_dq8ca_coopmat_zpgtr_orin_bf_t128x128k64g24s32mk32ra_texture3d_texture2d_half,2048,14336,4096,45.0479,5.339
orin,8b,8da4w,cand,sarc_linear_dq8ca_coopmat_zpgtr_orin_bf_t128x128k64g24s32mk32ra_texture3d_texture2d_half,2048,14336,4096,44.8925,5.358
orin,8b,8da4w,cand,sarc_linear_dq8ca_coopmat_zpgtr_orin_bf_t128x128k64g24s32mk32ra_texture3d_texture2d_half,2048,4096,14336,43.461,5.534
orin,8b,8da4w,cand,sarc_linear_dq8ca_coopmat_zpgtr_orin_bf_t128x128k64g24s32mk32ra_texture3d_texture2d_half,2048,4096,4096,12.8182,5.361
orin,8b,8da4w,cand,sarc_linear_dq8ca_coopmat_zpgtr_orin_bf_t128x128k64g24s32mk32ra_texture3d_texture2d_half,2048,1024,4096,3.2372,5.307
orin,8b,8da4w,cand,sarc_linear_dq8ca_coopmat_zpgtr_orin_bf_t128x128k64g24s32mk32ra_texture3d_texture2d_half,2048,1024,4096,3.2199,5.336
orin,8b,8da4w,cand,sarc_linear_dq8ca_coopmat_zpgtr_orin_bf_t128x128k64g24s32mk32ra_texture3d_texture2d_half,2048,4096,4096,12.8159,5.362
orin,8b,8da4w,cand,sarc_linear_dq8ca_coopmat_zpgtr_orin_bf_t128x128k64g24s32mk32ra_texture3d_texture2d_half,2048,14336,4096,45.0054,5.344
orin,8b,8da4w,cand,sarc_linear_dq8ca_coopmat_zpgtr_orin_bf_t128x128k64g24s32mk32ra_texture3d_texture2d_half,2048,14336,4096,44.908,5.356
orin,8b,8da4w,cand,sarc_linear_dq8ca_coopmat_zpgtr_orin_bf_t128x128k64g24s32mk32ra_texture3d_texture2d_half,2048,4096,14336,43.6113,5.515
orin,8b,8da4w,cand,sarc_linear_dq8ca_coopmat_zpgtr_orin_bf_t128x128k64g24s32mk32ra_texture3d_texture2d_half,2048,4096,4096,12.821,5.36
orin,8b,8da4w,cand,sarc_linear_dq8ca_coopmat_zpgtr_orin_bf_t128x128k64g24s32mk32ra_texture3d_texture2d_half,2048,1024,4096,3.2439,5.296
orin,8b,8da4w,cand,sarc_linear_dq8ca_coopmat_zpgtr_orin_bf_t128x128k64g24s32mk32ra_texture3d_texture2d_half,2048,1024,4096,3.2298,5.319
orin,8b,8da4w,cand,sarc_linear_dq8ca_coopmat_zpgtr_orin_bf_t128x128k64g24s32mk32ra_texture3d_texture2d_half,2048,4096,4096,12.8419,5.351
orin,8b,8da4w,cand,sarc_linear_dq8ca_coopmat_zpgtr_orin_bf_t128x128k64g24s32mk32ra_texture3d_texture2d_half,2048,14336,4096,44.9947,5.345
orin,8b,8da4w,cand,sarc_linear_dq8ca_coopmat_zpgtr_orin_bf_t128x128k64g24s32mk32ra_texture3d_texture2d_half,2048,14336,4096,44.8393,5.364
orin,8b,8da4w,cand,sarc_linear_dq8ca_coopmat_zpgtr_orin_bf_t128x128k64g24s32mk32ra_texture3d_texture2d_half,2048,4096,14336,43.5844,5.518
orin,8b,8da4w,cand,sarc_linear_dq8ca_coopmat_zpgtr_orin_bf_t128x128k64g24s32mk32ra_texture3d_texture2d_half,2048,4096,4096,12.7988,5.369
orin,8b,8da4w,cand,sarc_linear_dq8ca_coopmat_zpgtr_orin_bf_t128x128k64g24s32mk32ra_texture3d_texture2d_half,2048,1024,4096,3.2285,5.321
orin,8b,8da4w,cand,sarc_linear_dq8ca_coopmat_zpgtr_orin_bf_t128x128k64g24s32mk32ra_texture3d_texture2d_half,2048,1024,4096,3.2054,5.36
orin,8b,8da4w,cand,sarc_linear_dq8ca_coopmat_zpgtr_orin_bf_t128x128k64g24s32mk32ra_texture3d_texture2d_half,2048,4096,4096,12.781,5.377
orin,8b,8da4w,cand,sarc_linear_dq8ca_coopmat_zpgtr_orin_bf_t128x128k64g24s32mk32ra_texture3d_texture2d_half,2048,14336,4096,44.8261,5.366
orin,8b,8da4w,cand,sarc_linear_dq8ca_coopmat_zpgtr_orin_bf_t128x128k64g24s32mk32ra_texture3d_texture2d_half,2048,14336,4096,44.8512,5.363
orin,8b,8da4w,cand,sarc_linear_dq8ca_coopmat_zpgtr_orin_bf_t128x128k64g24s32mk32ra_texture3d_texture2d_half,2048,4096,14336,43.6463,5.511
orin,8b,8da4w,cand,sarc_linear_dq8ca_coopmat_zpgtr_orin_bf_t128x128k64g24s32mk32ra_texture3d_texture2d_half,2048,4096,4096,12.8749,5.337
orin,8b,8da4w,cand,sarc_linear_dq8ca_coopmat_zpgtr_orin_bf_t128x128k64g24s32mk32ra_texture3d_texture2d_half,2048,1024,4096,3.2464,5.292
orin,8b,8da4w,cand,sarc_linear_dq8ca_coopmat_zpgtr_orin_bf_t128x128k64g24s32mk32ra_texture3d_texture2d_half,2048,1024,4096,3.22,5.335
orin,8b,8da4w,cand,sarc_linear_dq8ca_coopmat_zpgtr_orin_bf_t128x128k64g24s32mk32ra_texture3d_texture2d_half,2048,4096,4096,12.8646,5.342
orin,8b,8da4w,cand,sarc_linear_dq8ca_coopmat_zpgtr_orin_bf_t128x128k64g24s32mk32ra_texture3d_texture2d_half,2048,14336,4096,44.9977,5.345
orin,8b,8da4w,cand,sarc_linear_dq8ca_coopmat_zpgtr_orin_bf_t128x128k64g24s32mk32ra_texture3d_texture2d_half,2048,14336,4096,44.8415,5.364
orin,8b,8da4w,cand,sarc_linear_dq8ca_coopmat_zpgtr_orin_bf_t128x128k64g24s32mk32ra_texture3d_texture2d_half,2048,4096,14336,43.6482,5.51
orin,8b,8da4w,cand,sarc_linear_dq8ca_coopmat_zpgtr_orin_bf_t128x128k64g24s32mk32ra_texture3d_texture2d_half,2048,4096,4096,12.8798,5.335
orin,8b,8da4w,cand,sarc_linear_dq8ca_coopmat_zpgtr_orin_bf_t128x128k64g24s32mk32ra_texture3d_texture2d_half,2048,1024,4096,3.2464,5.292
orin,8b,8da4w,cand,sarc_linear_dq8ca_coopmat_zpgtr_orin_bf_t128x128k64g24s32mk32ra_texture3d_texture2d_half,2048,1024,4096,3.2139,5.345
orin,8b,8da4w,cand,sarc_linear_dq8ca_coopmat_zpgtr_orin_bf_t128x128k64g24s32mk32ra_texture3d_texture2d_half,2048,4096,4096,12.8766,5.337
orin,8b,8da4w,cand,sarc_linear_dq8ca_coopmat_zpgtr_orin_bf_t128x128k64g24s32mk32ra_texture3d_texture2d_half,2048,14336,4096,44.9245,5.354
orin,8b,8da4w,cand,sarc_linear_dq8ca_coopmat_zpgtr_orin_bf_t128x128k64g24s32mk32ra_texture3d_texture2d_half,2048,14336,4096,44.6718,5.384
orin,8b,8da4w,cand,sarc_linear_dq8ca_coopmat_zpgtr_orin_bf_t128x128k64g24s32mk32ra_texture3d_texture2d_half,2048,4096,14336,43.5068,5.528
orin,8b,8da4w,cand,sarc_linear_dq8ca_coopmat_zpgtr_orin_bf_t128x128k64g24s32mk32ra_texture3d_texture2d_half,2048,4096,4096,12.8184,5.361
orin,8b,8da4w,cand,sarc_linear_dq8ca_coopmat_zpgtr_orin_bf_t128x128k64g24s32mk32ra_texture3d_texture2d_half,2048,1024,4096,3.2455,5.293
orin,8b,8da4w,cand,sarc_linear_dq8ca_coopmat_zpgtr_orin_bf_t128x128k64g24s32mk32ra_texture3d_texture2d_half,2048,1024,4096,3.2129,5.347
orin,8b,8da4w,cand,sarc_linear_dq8ca_coopmat_zpgtr_orin_bf_t128x128k64g24s32mk32ra_texture3d_texture2d_half,2048,4096,4096,12.8685,5.34
orin,8b,8da4w,cand,sarc_linear_dq8ca_coopmat_zpgtr_orin_bf_t128x128k64g24s32mk32ra_texture3d_texture2d_half,2048,14336,4096,44.914,5.355
orin,8b,8da4w,cand,sarc_linear_dq8ca_coopmat_zpgtr_orin_bf_t128x128k64g24s32mk32ra_texture3d_texture2d_half,2048,14336,4096,44.8729,5.36
orin,8b,8da4w,cand,sarc_linear_dq8ca_coopmat_zpgtr_orin_bf_t128x128k64g24s32mk32ra_texture3d_texture2d_half,2048,4096,14336,43.6408,5.511
orin,8b,8da4w,cand,sarc_linear_dq8ca_coopmat_zpgtr_orin_bf_t128x128k64g24s32mk32ra_texture3d_texture2d_half,2048,4096,4096,12.8578,5.345
orin,8b,8da4w,cand,sarc_linear_dq8ca_coopmat_zpgtr_orin_bf_t128x128k64g24s32mk32ra_texture3d_texture2d_half,2048,1024,4096,3.2487,5.288
orin,8b,8da4w,cand,sarc_linear_dq8ca_coopmat_zpgtr_orin_bf_t128x128k64g24s32mk32ra_texture3d_texture2d_half,2048,1024,4096,3.2176,5.339
orin,8b,8da4w,cand,sarc_linear_dq8ca_coopmat_zpgtr_orin_bf_t128x128k64g24s32mk32ra_texture3d_texture2d_half,2048,4096,4096,12.8357,5.354
orin,8b,8da4w,cand,sarc_linear_dq8ca_coopmat_zpgtr_orin_bf_t128x128k64g24s32mk32ra_texture3d_texture2d_half,2048,14336,4096,44.8896,5.358
orin,8b,8da4w,cand,sarc_linear_dq8ca_coopmat_zpgtr_orin_bf_t128x128k64g24s32mk32ra_texture3d_texture2d_half,2048,14336,4096,44.8468,5.363
orin,8b,8da4w,cand,sarc_linear_dq8ca_coopmat_zpgtr_orin_bf_t128x128k64g24s32mk32ra_texture3d_texture2d_half,2048,4096,14336,43.659,5.509
orin,8b,8da4w,cand,sarc_linear_dq8ca_coopmat_zpgtr_orin_bf_t128x128k64g24s32mk32ra_texture3d_texture2d_half,2048,4096,4096,12.832,5.355
orin,8b,8da4w,cand,sarc_linear_dq8ca_coopmat_zpgtr_orin_bf_t128x128k64g24s32mk32ra_texture3d_texture2d_half,2048,1024,4096,3.2109,5.35
orin,8b,8da4w,cand,sarc_linear_dq8ca_coopmat_zpgtr_orin_bf_t128x128k64g24s32mk32ra_texture3d_texture2d_half,2048,1024,4096,3.2057,5.359
orin,8b,8da4w,cand,sarc_linear_dq8ca_coopmat_zpgtr_orin_bf_t128x128k64g24s32mk32ra_texture3d_texture2d_half,2048,4096,4096,12.7844,5.375
orin,8b,8da4w,cand,sarc_linear_dq8ca_coopmat_zpgtr_orin_bf_t128x128k64g24s32mk32ra_texture3d_texture2d_half,2048,14336,4096,44.9764,5.348
orin,8b,8da4w,cand,sarc_linear_dq8ca_coopmat_zpgtr_orin_bf_t128x128k64g24s32mk32ra_texture3d_texture2d_half,2048,14336,4096,44.9356,5.353
orin,8b,8da4w,cand,sarc_linear_dq8ca_coopmat_zpgtr_orin_bf_t128x128k64g24s32mk32ra_texture3d_texture2d_half,2048,4096,14336,43.6847,5.506
orin,8b,8da4w,cand,sarc_linear_dq8ca_coopmat_zpgtr_orin_bf_t128x128k64g24s32mk32ra_texture3d_texture2d_half,2048,4096,4096,12.8425,5.351
orin,8b,8da4w,cand,sarc_linear_dq8ca_coopmat_zpgtr_orin_bf_t128x128k64g24s32mk32ra_texture3d_texture2d_half,2048,1024,4096,3.2388,5.304
orin,8b,8da4w,cand,sarc_linear_dq8ca_coopmat_zpgtr_orin_bf_t128x128k64g24s32mk32ra_texture3d_texture2d_half,2048,1024,4096,3.2292,5.32
orin,8b,8da4w,cand,sarc_linear_dq8ca_coopmat_zpgtr_orin_bf_t128x128k64g24s32mk32ra_texture3d_texture2d_half,2048,4096,4096,12.8293,5.356
orin,8b,8da4w,cand,sarc_linear_dq8ca_coopmat_zpgtr_orin_bf_t128x128k64g24s32mk32ra_texture3d_texture2d_half,2048,14336,4096,45.0449,5.34
orin,8b,8da4w,cand,sarc_linear_dq8ca_coopmat_zpgtr_orin_bf_t128x128k64g24s32mk32ra_texture3d_texture2d_half,2048,14336,4096,44.8289,5.365
orin,8b,8da4w,cand,sarc_linear_dq8ca_coopmat_zpgtr_orin_bf_t128x128k64g24s32mk32ra_texture3d_texture2d_half,2048,4096,14336,43.6338,5.512
orin,8b,8da4w,cand,sarc_linear_dq8ca_coopmat_zpgtr_orin_bf_t128x128k64g24s32mk32ra_texture3d_texture2d_half,2048,4096,4096,12.8598,5.344
orin,8b,8da4w,cand,sarc_linear_dq8ca_coopmat_zpgtr_orin_bf_t128x128k64g24s32mk32ra_texture3d_texture2d_half,2048,1024,4096,3.2381,5.305
orin,8b,8da4w,cand,sarc_linear_dq8ca_coopmat_zpgtr_orin_bf_t128x128k64g24s32mk32ra_texture3d_texture2d_half,2048,1024,4096,3.2204,5.335
orin,8b,8da4w,cand,sarc_linear_dq8ca_coopmat_zpgtr_orin_bf_t128x128k64g24s32mk32ra_texture3d_texture2d_half,2048,4096,4096,12.8497,5.348
orin,8b,8da4w,cand,sarc_linear_dq8ca_coopmat_zpgtr_orin_bf_t128x128k64g24s32mk32ra_texture3d_texture2d_half,2048,14336,4096,44.9252,5.354
orin,8b,8da4w,cand,sarc_linear_dq8ca_coopmat_zpgtr_orin_bf_t128x128k64g24s32mk32ra_texture3d_texture2d_half,2048,14336,4096,44.6774,5.383
orin,8b,8da4w,cand,sarc_linear_dq8ca_coopmat_zpgtr_orin_bf_t128x128k64g24s32mk32ra_texture3d_texture2d_half,2048,4096,14336,43.6277,5.513
orin,8b,8da4w,cand,sarc_linear_dq8ca_coopmat_zpgtr_orin_bf_t128x128k64g24s32mk32ra_texture3d_texture2d_half,2048,4096,4096,12.8353,5.354
orin,8b,8da4w,cand,sarc_linear_dq8ca_coopmat_zpgtr_orin_bf_t128x128k64g24s32mk32ra_texture3d_texture2d_half,2048,1024,4096,3.2583,5.273
orin,8b,8da4w,cand,sarc_linear_dq8ca_coopmat_zpgtr_orin_bf_t128x128k64g24s32mk32ra_texture3d_texture2d_half,2048,1024,4096,3.2172,5.34
orin,8b,8da4w,cand,sarc_linear_dq8ca_coopmat_zpgtr_orin_bf_t128x128k64g24s32mk32ra_texture3d_texture2d_half,2048,4096,4096,12.8444,5.35
orin,8b,8da4w,cand,sarc_linear_dq8ca_coopmat_zpgtr_orin_bf_t128x128k64g24s32mk32ra_texture3d_texture2d_half,2048,14336,4096,44.9989,5.345
orin,8b,8da4w,cand,sarc_linear_dq8ca_coopmat_zpgtr_orin_bf_t128x128k64g24s32mk32ra_texture3d_texture2d_half,2048,14336,4096,44.7576,5.374
orin,8b,8da4w,cand,sarc_linear_dq8ca_coopmat_zpgtr_orin_bf_t128x128k64g24s32mk32ra_texture3d_texture2d_half,2048,4096,14336,43.6111,5.515
orin,8b,8da4w,cand,sarc_linear_dq8ca_coopmat_zpgtr_orin_bf_t128x128k64g24s32mk32ra_texture3d_texture2d_half,2048,4096,4096,12.8524,5.347
orin,8b,8da4w,cand,sarc_linear_dq8ca_coopmat_zpgtr_orin_bf_t128x128k64g24s32mk32ra_texture3d_texture2d_half,2048,1024,4096,3.2517,5.283
orin,8b,8da4w,cand,sarc_linear_dq8ca_coopmat_zpgtr_orin_bf_t128x128k64g24s32mk32ra_texture3d_texture2d_half,2048,1024,4096,3.2185,5.338
orin,8b,8da4w,cand,sarc_linear_dq8ca_coopmat_zpgtr_orin_bf_t128x128k64g24s32mk32ra_texture3d_texture2d_half,2048,4096,4096,12.8267,5.358
orin,8b,8da4w,cand,sarc_linear_dq8ca_coopmat_zpgtr_orin_bf_t128x128k64g24s32mk32ra_texture3d_texture2d_half,2048,14336,4096,44.9291,5.353
orin,8b,8da4w,cand,sarc_linear_dq8ca_coopmat_zpgtr_orin_bf_t128x128k64g24s32mk32ra_texture3d_texture2d_half,2048,14336,4096,44.8954,5.357
orin,8b,8da4w,cand,sarc_linear_dq8ca_coopmat_zpgtr_orin_bf_t128x128k64g24s32mk32ra_texture3d_texture2d_half,2048,4096,14336,43.605,5.516
orin,8b,8da4w,cand,sarc_linear_dq8ca_coopmat_zpgtr_orin_bf_t128x128k64g24s32mk32ra_texture3d_texture2d_half,2048,4096,4096,12.8066,5.366
orin,8b,8da4w,cand,sarc_linear_dq8ca_coopmat_zpgtr_orin_bf_t128x128k64g24s32mk32ra_texture3d_texture2d_half,2048,1024,4096,3.2278,5.322
orin,8b,8da4w,cand,sarc_linear_dq8ca_coopmat_zpgtr_orin_bf_t128x128k64g24s32mk32ra_texture3d_texture2d_half,2048,1024,4096,3.2043,5.362
orin,8b,8da4w,cand,sarc_linear_dq8ca_coopmat_zpgtr_orin_bf_t128x128k64g24s32mk32ra_texture3d_texture2d_half,2048,4096,4096,12.8747,5.338
orin,8b,8da4w,cand,sarc_linear_dq8ca_coopmat_zpgtr_orin_bf_t128x128k64g24s32mk32ra_texture3d_texture2d_half,2048,14336,4096,44.9854,5.347
orin,8b,8da4w,cand,sarc_linear_dq8ca_coopmat_zpgtr_orin_bf_t128x128k64g24s32mk32ra_texture3d_texture2d_half,2048,14336,4096,44.8169,5.367
orin,8b,8da4w,cand,sarc_linear_dq8ca_coopmat_zpgtr_orin_bf_t128x128k64g24s32mk32ra_texture3d_texture2d_half,2048,4096,14336,43.6339,5.512
orin,8b,8da4w,cand,sarc_linear_dq8ca_coopmat_zpgtr_orin_bf_t128x128k64g24s32mk32ra_texture3d_texture2d_half,2048,4096,4096,12.8222,5.359
orin,8b,8da4w,cand,sarc_linear_dq8ca_coopmat_zpgtr_orin_bf_t128x128k64g24s32mk32ra_texture3d_texture2d_half,2048,1024,4096,3.2332,5.314
orin,8b,8da4w,cand,sarc_linear_dq8ca_coopmat_zpgtr_orin_bf_t128x128k64g24s32mk32ra_texture3d_texture2d_half,2048,1024,4096,3.2165,5.341
orin,8b,8da4w,cand,sarc_linear_dq8ca_coopmat_zpgtr_orin_bf_t128x128k64g24s32mk32ra_texture3d_texture2d_half,2048,4096,4096,12.8589,5.344
orin,8b,8da4w,cand,sarc_linear_dq8ca_coopmat_zpgtr_orin_bf_t128x128k64g24s32mk32ra_texture3d_texture2d_half,2048,14336,4096,44.872,5.36
orin,8b,8da4w,cand,sarc_linear_dq8ca_coopmat_zpgtr_orin_bf_t128x128k64g24s32mk32ra_texture3d_texture2d_half,2048,14336,4096,44.8176,5.367
orin,8b,8da4w,cand,sarc_linear_dq8ca_coopmat_zpgtr_orin_bf_t128x128k64g24s32mk32ra_texture3d_texture2d_half,2048,4096,14336,43.6115,5.515
orin,8b,8da4w,cand,sarc_linear_dq8ca_coopmat_zpgtr_orin_bf_t128x128k64g24s32mk32ra_texture3d_texture2d_half,2048,4096,4096,12.8374,5.353
orin,8b,8da4w,cand,sarc_linear_dq8ca_coopmat_zpgtr_orin_bf_t128x128k64g24s32mk32ra_texture3d_texture2d_half,2048,1024,4096,3.2322,5.315
orin,8b,8da4w,cand,sarc_linear_dq8ca_coopmat_zpgtr_orin_bf_t128x128k64g24s32mk32ra_texture3d_texture2d_half,2048,1024,4096,3.2135,5.346
orin,8b,8da4w,cand,sarc_linear_dq8ca_coopmat_zpgtr_orin_bf_t128x128k64g24s32mk32ra_texture3d_texture2d_half,2048,4096,4096,12.8527,5.347
orin,8b,8da4w,cand,sarc_linear_dq8ca_coopmat_zpgtr_orin_bf_t128x128k64g24s32mk32ra_texture3d_texture2d_half,2048,14336,4096,44.9346,5.353
orin,8b,8da4w,cand,sarc_linear_dq8ca_coopmat_zpgtr_orin_bf_t128x128k64g24s32mk32ra_texture3d_texture2d_half,2048,14336,4096,44.7871,5.37
orin,8b,8da4w,cand,sarc_linear_dq8ca_coopmat_zpgtr_orin_bf_t128x128k64g24s32mk32ra_texture3d_texture2d_half,2048,4096,14336,43.5866,5.518
orin,8b,8da4w,cand,sarc_linear_dq8ca_coopmat_zpgtr_orin_bf_t128x128k64g24s32mk32ra_texture3d_texture2d_half,2048,4096,4096,12.8232,5.359
orin,8b,8da4w,cand,sarc_linear_dq8ca_coopmat_zpgtr_orin_bf_t128x128k64g24s32mk32ra_texture3d_texture2d_half,2048,1024,4096,3.2358,5.309
orin,8b,8da4w,cand,sarc_linear_dq8ca_coopmat_zpgtr_orin_bf_t128x128k64g24s32mk32ra_texture3d_texture2d_half,2048,1024,4096,3.21,5.352
orin,8b,8da4w,cand,sarc_linear_dq8ca_coopmat_zpgtr_orin_bf_t128x128k64g24s32mk32ra_texture3d_texture2d_half,2048,4096,4096,12.8332,5.355
orin,8b,8da4w,cand,sarc_linear_dq8ca_coopmat_zpgtr_orin_bf_t128x128k64g24s32mk32ra_texture3d_texture2d_half,2048,14336,4096,44.9682,5.349
orin,8b,8da4w,cand,sarc_linear_dq8ca_coopmat_zpgtr_orin_bf_t128x128k64g24s32mk32ra_texture3d_texture2d_half,2048,14336,4096,44.8681,5.361
orin,8b,8da4w,cand,sarc_linear_dq8ca_coopmat_zpgtr_orin_bf_t128x128k64g24s32mk32ra_texture3d_texture2d_half,2048,4096,14336,43.6295,5.513
orin,8b,8da4w,cand,sarc_linear_dq8ca_coopmat_zpgtr_orin_bf_t128x128k64g24s32mk32ra_texture3d_texture2d_half,2048,4096,4096,12.8381,5.353
orin,8b,8da4w,cand,sarc_linear_dq8ca_coopmat_zpgtr_orin_bf_t128x128k64g24s32mk32ra_texture3d_texture2d_half,2048,1024,4096,3.2487,5.288
orin,8b,8da4w,cand,sarc_linear_dq8ca_coopmat_zpgtr_orin_bf_t128x128k64g24s32mk32ra_texture3d_texture2d_half,2048,1024,4096,3.2214,5.333
orin,8b,8da4w,cand,sarc_linear_dq8ca_coopmat_zpgtr_orin_bf_t128x128k64g24s32mk32ra_texture3d_texture2d_half,2048,4096,4096,12.8385,5.353
orin,8b,8da4w,cand,sarc_linear_dq8ca_coopmat_zpgtr_orin_bf_t128x128k64g24s32mk32ra_texture3d_texture2d_half,2048,14336,4096,44.9344,5.353
orin,8b,8da4w,cand,sarc_linear_dq8ca_coopmat_zpgtr_orin_bf_t128x128k64g24s32mk32ra_texture3d_texture2d_half,2048,14336,4096,44.8681,5.361
orin,8b,8da4w,cand,sarc_linear_dq8ca_coopmat_zpgtr_orin_bf_t128x128k64g24s32mk32ra_texture3d_texture2d_half,2048,4096,14336,43.4105,5.541
orin,8b,8da4w,cand,sarc_linear_dq8ca_coopmat_zpgtr_orin_bf_t128x128k64g24s32mk32ra_texture3d_texture2d_half,2048,4096,4096,12.7746,5.379
orin,8b,8da4w,cand,sarc_linear_dq8ca_coopmat_zpgtr_orin_bf_t128x128k64g24s32mk32ra_texture3d_texture2d_half,2048,1024,4096,3.2352,5.31
orin,8b,8da4w,cand,sarc_linear_dq8ca_coopmat_zpgtr_orin_bf_t128x128k64g24s32mk32ra_texture3d_texture2d_half,2048,1024,4096,3.217,5.34
orin,8b,8da4w,cand,sarc_linear_dq8ca_coopmat_zpgtr_orin_bf_t128x128k64g24s32mk32ra_texture3d_texture2d_half,2048,4096,4096,12.8392,5.352
orin,8b,8da4w,cand,sarc_linear_dq8ca_coopmat_zpgtr_orin_bf_t128x128k64g24s32mk32ra_texture3d_texture2d_half,2048,14336,4096,44.952,5.351
orin,8b,8da4w,cand,sarc_linear_dq8ca_coopmat_zpgtr_orin_bf_t128x128k64g24s32mk32ra_texture3d_texture2d_half,2048,14336,4096,44.8234,5.366
orin,8b,8da4w,cand,sarc_linear_dq8ca_coopmat_zpgtr_orin_bf_t128x128k64g24s32mk32ra_texture3d_texture2d_half,2048,4096,14336,43.6144,5.515
orin,8b,8da4w,cand,sarc_linear_dq8ca_coopmat_zpgtr_orin_bf_t128x128k64g24s32mk32ra_texture3d_texture2d_half,2048,4096,4096,12.8288,5.357
orin,8b,8da4w,cand,sarc_linear_dq8ca_coopmat_zpgtr_orin_bf_t128x128k64g24s32mk32ra_texture3d_texture2d_half,2048,1024,4096,3.2419,5.299
orin,8b,8da4w,cand,sarc_linear_dq8ca_coopmat_zpgtr_orin_bf_t128x128k64g24s32mk32ra_texture3d_texture2d_half,2048,1024,4096,3.2206,5.334
orin,8b,8da4w,cand,sarc_linear_dq8ca_coopmat_zpgtr_orin_bf_t128x128k64g24s32mk32ra_texture3d_texture2d_half,2048,4096,4096,12.814,5.363
orin,8b,8da4w,cand,sarc_linear_dq8ca_coopmat_zpgtr_orin_bf_t128x128k64g24s32mk32ra_texture3d_texture2d_half,2048,14336,4096,44.9677,5.349
orin,8b,8da4w,cand,sarc_linear_dq8ca_coopmat_zpgtr_orin_bf_t128x128k64g24s32mk32ra_texture3d_texture2d_half,2048,14336,4096,44.9181,5.355
orin,8b,8da4w,cand,sarc_linear_dq8ca_coopmat_zpgtr_orin_bf_t128x128k64g24s32mk32ra_texture3d_texture2d_half,2048,4096,14336,43.6706,5.508
orin,8b,8da4w,cand,sarc_linear_dq8ca_coopmat_zpgtr_orin_bf_t128x128k64g24s32mk32ra_texture3d_texture2d_half,2048,4096,4096,12.8469,5.349
orin,8b,8da4w,cand,sarc_linear_dq8ca_coopmat_zpgtr_orin_bf_t128x128k64g24s32mk32ra_texture3d_texture2d_half,2048,1024,4096,3.2415,5.3
orin,8b,8da4w,cand,sarc_linear_dq8ca_coopmat_zpgtr_orin_bf_t128x128k64g24s32mk32ra_texture3d_texture2d_half,2048,1024,4096,3.2253,5.327
orin,8b,8da4w,cand,sarc_linear_dq8ca_coopmat_zpgtr_orin_bf_t128x128k64g24s32mk32ra_texture3d_texture2d_half,2048,4096,4096,12.8277,5.357
orin,8b,8da4w,cand,sarc_linear_dq8ca_coopmat_zpgtr_orin_bf_t128x128k64g24s32mk32ra_texture3d_texture2d_half,2048,14336,4096,44.7464,5.375
orin,8b,8da4w,cand,sarc_linear_dq8ca_coopmat_zpgtr_orin_bf_t128x128k64g24s32mk32ra_texture3d_texture2d_half,2048,14336,4096,44.8984,5.357
orin,8b,8da4w,cand,sarc_linear_dq8ca_coopmat_zpgtr_orin_bf_t128x128k64g24s32mk32ra_texture3d_texture2d_half,2048,4096,14336,43.599,5.517
orin,8b,8da4w,cand,sarc_linear_dq8ca_coopmat_zpgtr_orin_bf_t128x128k64g24s32mk32ra_texture3d_texture2d_half,2048,4096,4096,12.8481,5.349
orin,8b,8da4w,cand,sarc_linear_dq8ca_coopmat_zpgtr_orin_bf_t128x128k64g24s32mk32ra_texture3d_texture2d_half,2048,1024,4096,3.2298,5.319
orin,8b,8da4w,cand,sarc_linear_dq8ca_coopmat_zpgtr_orin_bf_t128x128k64g24s32mk32ra_texture3d_texture2d_half,2048,1024,4096,3.2246,5.328
orin,8b,8da4w,cand,sarc_linear_dq8ca_coopmat_zpgtr_orin_bf_t128x128k64g24s32mk32ra_texture3d_texture2d_half,2048,4096,4096,12.8339,5.355
orin,8b,8da4w,cand,sarc_linear_dq8ca_coopmat_zpgtr_orin_bf_t128x128k64g24s32mk32ra_texture3d_texture2d_half,2048,14336,4096,45.1046,5.332
orin,8b,8da4w,cand,sarc_linear_dq8ca_coopmat_zpgtr_orin_bf_t128x128k64g24s32mk32ra_texture3d_texture2d_half,2048,14336,4096,44.8543,5.362
orin,8b,8da4w,cand,sarc_linear_dq8ca_coopmat_zpgtr_orin_bf_t128x128k64g24s32mk32ra_texture3d_texture2d_half,2048,4096,14336,43.6601,5.509
orin,8b,8da4w,parent,sarc_linear_dq8ca_coopmat_zpgtr_orin_bf_t128x128k64g24s32mk32ra_texture3d_texture2d_half,2048,4096,4096,12.971,5.298
orin,8b,8da4w,parent,sarc_linear_dq8ca_coopmat_zpgtr_orin_bf_t128x128k64g24s32mk32ra_texture3d_texture2d_half,2048,1024,4096,3.2426,5.298
orin,8b,8da4w,parent,sarc_linear_dq8ca_coopmat_zpgtr_orin_bf_t128x128k64g24s32mk32ra_texture3d_texture2d_half,2048,1024,4096,3.2057,5.359
orin,8b,8da4w,parent,sarc_linear_dq8ca_coopmat_zpgtr_orin_bf_t128x128k64g24s32mk32ra_texture3d_texture2d_half,2048,4096,4096,12.8471,5.349
orin,8b,8da4w,parent,sarc_linear_dq8ca_coopmat_zpgtr_orin_bf_t128x128k64g24s32mk32ra_texture3d_texture2d_half,2048,14336,4096,45.1659,5.325
orin,8b,8da4w,parent,sarc_linear_dq8ca_coopmat_zpgtr_orin_bf_t128x128k64g24s32mk32ra_texture3d_texture2d_half,2048,14336,4096,44.7585,5.374
orin,8b,8da4w,parent,sarc_linear_dq8ca_coopmat_zpgtr_orin_bf_t128x128k64g24s32mk32ra_texture3d_texture2d_half,2048,4096,14336,43.6083,5.515
orin,8b,8da4w,parent,sarc_linear_dq8ca_coopmat_zpgtr_orin_bf_t128x128k64g24s32mk32ra_texture3d_texture2d_half,2048,4096,4096,12.8331,5.355
orin,8b,8da4w,parent,sarc_linear_dq8ca_coopmat_zpgtr_orin_bf_t128x128k64g24s32mk32ra_texture3d_texture2d_half,2048,1024,4096,3.249,5.288
orin,8b,8da4w,parent,sarc_linear_dq8ca_coopmat_zpgtr_orin_bf_t128x128k64g24s32mk32ra_texture3d_texture2d_half,2048,1024,4096,3.2324,5.315
orin,8b,8da4w,parent,sarc_linear_dq8ca_coopmat_zpgtr_orin_bf_t128x128k64g24s32mk32ra_texture3d_texture2d_half,2048,4096,4096,12.8645,5.342
orin,8b,8da4w,parent,sarc_linear_dq8ca_coopmat_zpgtr_orin_bf_t128x128k64g24s32mk32ra_texture3d_texture2d_half,2048,14336,4096,45.0733,5.336
orin,8b,8da4w,parent,sarc_linear_dq8ca_coopmat_zpgtr_orin_bf_t128x128k64g24s32mk32ra_texture3d_texture2d_half,2048,14336,4096,44.8246,5.366
orin,8b,8da4w,parent,sarc_linear_dq8ca_coopmat_zpgtr_orin_bf_t128x128k64g24s32mk32ra_texture3d_texture2d_half,2048,4096,14336,43.49,5.53
orin,8b,8da4w,parent,sarc_linear_dq8ca_coopmat_zpgtr_orin_bf_t128x128k64g24s32mk32ra_texture3d_texture2d_half,2048,4096,4096,12.7844,5.375
orin,8b,8da4w,parent,sarc_linear_dq8ca_coopmat_zpgtr_orin_bf_t128x128k64g24s32mk32ra_texture3d_texture2d_half,2048,1024,4096,3.2168,5.341
orin,8b,8da4w,parent,sarc_linear_dq8ca_coopmat_zpgtr_orin_bf_t128x128k64g24s32mk32ra_texture3d_texture2d_half,2048,1024,4096,3.2221,5.332
orin,8b,8da4w,parent,sarc_linear_dq8ca_coopmat_zpgtr_orin_bf_t128x128k64g24s32mk32ra_texture3d_texture2d_half,2048,4096,4096,12.8653,5.341
orin,8b,8da4w,parent,sarc_linear_dq8ca_coopmat_zpgtr_orin_bf_t128x128k64g24s32mk32ra_texture3d_texture2d_half,2048,14336,4096,45.1659,5.325
orin,8b,8da4w,parent,sarc_linear_dq8ca_coopmat_zpgtr_orin_bf_t128x128k64g24s32mk32ra_texture3d_texture2d_half,2048,14336,4096,44.8738,5.36
orin,8b,8da4w,parent,sarc_linear_dq8ca_coopmat_zpgtr_orin_bf_t128x128k64g24s32mk32ra_texture3d_texture2d_half,2048,4096,14336,43.6356,5.512
orin,8b,8da4w,parent,sarc_linear_dq8ca_coopmat_zpgtr_orin_bf_t128x128k64g24s32mk32ra_texture3d_texture2d_half,2048,4096,4096,12.8017,5.368
orin,8b,8da4w,parent,sarc_linear_dq8ca_coopmat_zpgtr_orin_bf_t128x128k64g24s32mk32ra_texture3d_texture2d_half,2048,1024,4096,3.2396,5.303
orin,8b,8da4w,parent,sarc_linear_dq8ca_coopmat_zpgtr_orin_bf_t128x128k64g24s32mk32ra_texture3d_texture2d_half,2048,1024,4096,3.2229,5.331
orin,8b,8da4w,parent,sarc_linear_dq8ca_coopmat_zpgtr_orin_bf_t128x128k64g24s32mk32ra_texture3d_texture2d_half,2048,4096,4096,12.8376,5.353
orin,8b,8da4w,parent,sarc_linear_dq8ca_coopmat_zpgtr_orin_bf_t128x128k64g24s32mk32ra_texture3d_texture2d_half,2048,14336,4096,45.0851,5.335
orin,8b,8da4w,parent,sarc_linear_dq8ca_coopmat_zpgtr_orin_bf_t128x128k64g24s32mk32ra_texture3d_texture2d_half,2048,14336,4096,44.9106,5.355
orin,8b,8da4w,parent,sarc_linear_dq8ca_coopmat_zpgtr_orin_bf_t128x128k64g24s32mk32ra_texture3d_texture2d_half,2048,4096,14336,43.6424,5.511
orin,8b,8da4w,parent,sarc_linear_dq8ca_coopmat_zpgtr_orin_bf_t128x128k64g24s32mk32ra_texture3d_texture2d_half,2048,4096,4096,12.8668,5.341
orin,8b,8da4w,parent,sarc_linear_dq8ca_coopmat_zpgtr_orin_bf_t128x128k64g24s32mk32ra_texture3d_texture2d_half,2048,1024,4096,3.2229,5.33
orin,8b,8da4w,parent,sarc_linear_dq8ca_coopmat_zpgtr_orin_bf_t128x128k64g24s32mk32ra_texture3d_texture2d_half,2048,1024,4096,3.2283,5.322
orin,8b,8da4w,parent,sarc_linear_dq8ca_coopmat_zpgtr_orin_bf_t128x128k64g24s32mk32ra_texture3d_texture2d_half,2048,4096,4096,12.797,5.37
orin,8b,8da4w,parent,sarc_linear_dq8ca_coopmat_zpgtr_orin_bf_t128x128k64g24s32mk32ra_texture3d_texture2d_half,2048,14336,4096,44.9269,5.354
orin,8b,8da4w,parent,sarc_linear_dq8ca_coopmat_zpgtr_orin_bf_t128x128k64g24s32mk32ra_texture3d_texture2d_half,2048,14336,4096,44.8496,5.363
orin,8b,8da4w,parent,sarc_linear_dq8ca_coopmat_zpgtr_orin_bf_t128x128k64g24s32mk32ra_texture3d_texture2d_half,2048,4096,14336,43.653,5.51
orin,8b,8da4w,parent,sarc_linear_dq8ca_coopmat_zpgtr_orin_bf_t128x128k64g24s32mk32ra_texture3d_texture2d_half,2048,4096,4096,12.8471,5.349
orin,8b,8da4w,parent,sarc_linear_dq8ca_coopmat_zpgtr_orin_bf_t128x128k64g24s32mk32ra_texture3d_texture2d_half,2048,1024,4096,3.2454,5.294
orin,8b,8da4w,parent,sarc_linear_dq8ca_coopmat_zpgtr_orin_bf_t128x128k64g24s32mk32ra_texture3d_texture2d_half,2048,1024,4096,3.2133,5.346
orin,8b,8da4w,parent,sarc_linear_dq8ca_coopmat_zpgtr_orin_bf_t128x128k64g24s32mk32ra_texture3d_texture2d_half,2048,4096,4096,12.8575,5.345
orin,8b,8da4w,parent,sarc_linear_dq8ca_coopmat_zpgtr_orin_bf_t128x128k64g24s32mk32ra_texture3d_texture2d_half,2048,14336,4096,45.1585,5.326
orin,8b,8da4w,parent,sarc_linear_dq8ca_coopmat_zpgtr_orin_bf_t128x128k64g24s32mk32ra_texture3d_texture2d_half,2048,14336,4096,44.889,5.358
orin,8b,8da4w,parent,sarc_linear_dq8ca_coopmat_zpgtr_orin_bf_t128x128k64g24s32mk32ra_texture3d_texture2d_half,2048,4096,14336,43.6679,5.508
orin,8b,8da4w,parent,sarc_linear_dq8ca_coopmat_zpgtr_orin_bf_t128x128k64g24s32mk32ra_texture3d_texture2d_half,2048,4096,4096,12.853,5.347
orin,8b,8da4w,parent,sarc_linear_dq8ca_coopmat_zpgtr_orin_bf_t128x128k64g24s32mk32ra_texture3d_texture2d_half,2048,1024,4096,3.2478,5.29
orin,8b,8da4w,parent,sarc_linear_dq8ca_coopmat_zpgtr_orin_bf_t128x128k64g24s32mk32ra_texture3d_texture2d_half,2048,1024,4096,3.2206,5.334
orin,8b,8da4w,parent,sarc_linear_dq8ca_coopmat_zpgtr_orin_bf_t128x128k64g24s32mk32ra_texture3d_texture2d_half,2048,4096,4096,12.8396,5.352
orin,8b,8da4w,parent,sarc_linear_dq8ca_coopmat_zpgtr_orin_bf_t128x128k64g24s32mk32ra_texture3d_texture2d_half,2048,14336,4096,45.1687,5.325
orin,8b,8da4w,parent,sarc_linear_dq8ca_coopmat_zpgtr_orin_bf_t128x128k64g24s32mk32ra_texture3d_texture2d_half,2048,14336,4096,44.7044,5.38
orin,8b,8da4w,parent,sarc_linear_dq8ca_coopmat_zpgtr_orin_bf_t128x128k64g24s32mk32ra_texture3d_texture2d_half,2048,4096,14336,43.625,5.513
orin,8b,8da4w,parent,sarc_linear_dq8ca_coopmat_zpgtr_orin_bf_t128x128k64g24s32mk32ra_texture3d_texture2d_half,2048,4096,4096,12.7788,5.378
orin,8b,8da4w,parent,sarc_linear_dq8ca_coopmat_zpgtr_orin_bf_t128x128k64g24s32mk32ra_texture3d_texture2d_half,2048,1024,4096,3.2441,5.296
orin,8b,8da4w,parent,sarc_linear_dq8ca_coopmat_zpgtr_orin_bf_t128x128k64g24s32mk32ra_texture3d_texture2d_half,2048,1024,4096,3.2269,5.324
orin,8b,8da4w,parent,sarc_linear_dq8ca_coopmat_zpgtr_orin_bf_t128x128k64g24s32mk32ra_texture3d_texture2d_half,2048,4096,4096,12.7897,5.373
orin,8b,8da4w,parent,sarc_linear_dq8ca_coopmat_zpgtr_orin_bf_t128x128k64g24s32mk32ra_texture3d_texture2d_half,2048,14336,4096,44.9997,5.345
orin,8b,8da4w,parent,sarc_linear_dq8ca_coopmat_zpgtr_orin_bf_t128x128k64g24s32mk32ra_texture3d_texture2d_half,2048,14336,4096,44.8489,5.363
orin,8b,8da4w,parent,sarc_linear_dq8ca_coopmat_zpgtr_orin_bf_t128x128k64g24s32mk32ra_texture3d_texture2d_half,2048,4096,14336,43.6641,5.508
orin,8b,8da4w,parent,sarc_linear_dq8ca_coopmat_zpgtr_orin_bf_t128x128k64g24s32mk32ra_texture3d_texture2d_half,2048,4096,4096,12.8713,5.339
orin,8b,8da4w,parent,sarc_linear_dq8ca_coopmat_zpgtr_orin_bf_t128x128k64g24s32mk32ra_texture3d_texture2d_half,2048,1024,4096,3.2399,5.303
orin,8b,8da4w,parent,sarc_linear_dq8ca_coopmat_zpgtr_orin_bf_t128x128k64g24s32mk32ra_texture3d_texture2d_half,2048,1024,4096,3.2187,5.338
orin,8b,8da4w,parent,sarc_linear_dq8ca_coopmat_zpgtr_orin_bf_t128x128k64g24s32mk32ra_texture3d_texture2d_half,2048,4096,4096,12.8432,5.351
orin,8b,8da4w,parent,sarc_linear_dq8ca_coopmat_zpgtr_orin_bf_t128x128k64g24s32mk32ra_texture3d_texture2d_half,2048,14336,4096,45.1688,5.325
orin,8b,8da4w,parent,sarc_linear_dq8ca_coopmat_zpgtr_orin_bf_t128x128k64g24s32mk32ra_texture3d_texture2d_half,2048,14336,4096,44.8737,5.36
orin,8b,8da4w,parent,sarc_linear_dq8ca_coopmat_zpgtr_orin_bf_t128x128k64g24s32mk32ra_texture3d_texture2d_half,2048,4096,14336,43.6623,5.509
orin,8b,8da4w,parent,sarc_linear_dq8ca_coopmat_zpgtr_orin_bf_t128x128k64g24s32mk32ra_texture3d_texture2d_half,2048,4096,4096,12.7835,5.376
orin,8b,8da4w,parent,sarc_linear_dq8ca_coopmat_zpgtr_orin_bf_t128x128k64g24s32mk32ra_texture3d_texture2d_half,2048,1024,4096,3.2154,5.343
orin,8b,8da4w,parent,sarc_linear_dq8ca_coopmat_zpgtr_orin_bf_t128x128k64g24s32mk32ra_texture3d_texture2d_half,2048,1024,4096,3.1984,5.371
orin,8b,8da4w,parent,sarc_linear_dq8ca_coopmat_zpgtr_orin_bf_t128x128k64g24s32mk32ra_texture3d_texture2d_half,2048,4096,4096,12.8628,5.343
orin,8b,8da4w,parent,sarc_linear_dq8ca_coopmat_zpgtr_orin_bf_t128x128k64g24s32mk32ra_texture3d_texture2d_half,2048,14336,4096,45.2023,5.321
orin,8b,8da4w,parent,sarc_linear_dq8ca_coopmat_zpgtr_orin_bf_t128x128k64g24s32mk32ra_texture3d_texture2d_half,2048,14336,4096,44.9096,5.356
orin,8b,8da4w,parent,sarc_linear_dq8ca_coopmat_zpgtr_orin_bf_t128x128k64g24s32mk32ra_texture3d_texture2d_half,2048,4096,14336,43.6908,5.505
orin,8b,8da4w,parent,sarc_linear_dq8ca_coopmat_zpgtr_orin_bf_t128x128k64g24s32mk32ra_texture3d_texture2d_half,2048,4096,4096,12.8305,5.356
orin,8b,8da4w,parent,sarc_linear_dq8ca_coopmat_zpgtr_orin_bf_t128x128k64g24s32mk32ra_texture3d_texture2d_half,2048,1024,4096,3.2382,5.305
orin,8b,8da4w,parent,sarc_linear_dq8ca_coopmat_zpgtr_orin_bf_t128x128k64g24s32mk32ra_texture3d_texture2d_half,2048,1024,4096,3.2318,5.316
orin,8b,8da4w,parent,sarc_linear_dq8ca_coopmat_zpgtr_orin_bf_t128x128k64g24s32mk32ra_texture3d_texture2d_half,2048,4096,4096,12.8199,5.36
orin,8b,8da4w,parent,sarc_linear_dq8ca_coopmat_zpgtr_orin_bf_t128x128k64g24s32mk32ra_texture3d_texture2d_half,2048,14336,4096,45.3005,5.309
orin,8b,8da4w,parent,sarc_linear_dq8ca_coopmat_zpgtr_orin_bf_t128x128k64g24s32mk32ra_texture3d_texture2d_half,2048,14336,4096,44.8533,5.362
orin,8b,8da4w,parent,sarc_linear_dq8ca_coopmat_zpgtr_orin_bf_t128x128k64g24s32mk32ra_texture3d_texture2d_half,2048,4096,14336,43.6657,5.508
orin,8b,8da4w,parent,sarc_linear_dq8ca_coopmat_zpgtr_orin_bf_t128x128k64g24s32mk32ra_texture3d_texture2d_half,2048,4096,4096,12.8466,5.349
orin,8b,8da4w,parent,sarc_linear_dq8ca_coopmat_zpgtr_orin_bf_t128x128k64g24s32mk32ra_texture3d_texture2d_half,2048,1024,4096,3.2405,5.302
orin,8b,8da4w,parent,sarc_linear_dq8ca_coopmat_zpgtr_orin_bf_t128x128k64g24s32mk32ra_texture3d_texture2d_half,2048,1024,4096,3.2206,5.334
orin,8b,8da4w,parent,sarc_linear_dq8ca_coopmat_zpgtr_orin_bf_t128x128k64g24s32mk32ra_texture3d_texture2d_half,2048,4096,4096,12.8281,5.357
orin,8b,8da4w,parent,sarc_linear_dq8ca_coopmat_zpgtr_orin_bf_t128x128k64g24s32mk32ra_texture3d_texture2d_half,2048,14336,4096,44.9231,5.354
orin,8b,8da4w,parent,sarc_linear_dq8ca_coopmat_zpgtr_orin_bf_t128x128k64g24s32mk32ra_texture3d_texture2d_half,2048,14336,4096,44.8518,5.363
orin,8b,8da4w,parent,sarc_linear_dq8ca_coopmat_zpgtr_orin_bf_t128x128k64g24s32mk32ra_texture3d_texture2d_half,2048,4096,14336,43.6663,5.508
orin,8b,8da4w,parent,sarc_linear_dq8ca_coopmat_zpgtr_orin_bf_t128x128k64g24s32mk32ra_texture3d_texture2d_half,2048,4096,4096,12.8637,5.342
orin,8b,8da4w,parent,sarc_linear_dq8ca_coopmat_zpgtr_orin_bf_t128x128k64g24s32mk32ra_texture3d_texture2d_half,2048,1024,4096,3.2286,5.321
orin,8b,8da4w,parent,sarc_linear_dq8ca_coopmat_zpgtr_orin_bf_t128x128k64g24s32mk32ra_texture3d_texture2d_half,2048,1024,4096,3.2219,5.332
orin,8b,8da4w,parent,sarc_linear_dq8ca_coopmat_zpgtr_orin_bf_t128x128k64g24s32mk32ra_texture3d_texture2d_half,2048,4096,4096,12.8269,5.357
orin,8b,8da4w,parent,sarc_linear_dq8ca_coopmat_zpgtr_orin_bf_t128x128k64g24s32mk32ra_texture3d_texture2d_half,2048,14336,4096,45.1526,5.327
orin,8b,8da4w,parent,sarc_linear_dq8ca_coopmat_zpgtr_orin_bf_t128x128k64g24s32mk32ra_texture3d_texture2d_half,2048,14336,4096,44.8679,5.361
orin,8b,8da4w,parent,sarc_linear_dq8ca_coopmat_zpgtr_orin_bf_t128x128k64g24s32mk32ra_texture3d_texture2d_half,2048,4096,14336,43.6375,5.512
orin,8b,8da4w,parent,sarc_linear_dq8ca_coopmat_zpgtr_orin_bf_t128x128k64g24s32mk32ra_texture3d_texture2d_half,2048,4096,4096,12.8397,5.352
orin,8b,8da4w,parent,sarc_linear_dq8ca_coopmat_zpgtr_orin_bf_t128x128k64g24s32mk32ra_texture3d_texture2d_half,2048,1024,4096,3.2727,5.249
orin,8b,8da4w,parent,sarc_linear_dq8ca_coopmat_zpgtr_orin_bf_t128x128k64g24s32mk32ra_texture3d_texture2d_half,2048,1024,4096,3.2243,5.328
orin,8b,8da4w,parent,sarc_linear_dq8ca_coopmat_zpgtr_orin_bf_t128x128k64g24s32mk32ra_texture3d_texture2d_half,2048,4096,4096,12.8465,5.349
orin,8b,8da4w,parent,sarc_linear_dq8ca_coopmat_zpgtr_orin_bf_t128x128k64g24s32mk32ra_texture3d_texture2d_half,2048,14336,4096,45.1839,5.323
orin,8b,8da4w,parent,sarc_linear_dq8ca_coopmat_zpgtr_orin_bf_t128x128k64g24s32mk32ra_texture3d_texture2d_half,2048,14336,4096,44.7923,5.37
orin,8b,8da4w,parent,sarc_linear_dq8ca_coopmat_zpgtr_orin_bf_t128x128k64g24s32mk32ra_texture3d_texture2d_half,2048,4096,14336,43.5541,5.522
orin,8b,8da4w,parent,sarc_linear_dq8ca_coopmat_zpgtr_orin_bf_t128x128k64g24s32mk32ra_texture3d_texture2d_half,2048,4096,4096,12.8864,5.333
orin,8b,8da4w,parent,sarc_linear_dq8ca_coopmat_zpgtr_orin_bf_t128x128k64g24s32mk32ra_texture3d_texture2d_half,2048,1024,4096,3.2431,5.297
orin,8b,8da4w,parent,sarc_linear_dq8ca_coopmat_zpgtr_orin_bf_t128x128k64g24s32mk32ra_texture3d_texture2d_half,2048,1024,4096,3.2208,5.334
orin,8b,8da4w,parent,sarc_linear_dq8ca_coopmat_zpgtr_orin_bf_t128x128k64g24s32mk32ra_texture3d_texture2d_half,2048,4096,4096,12.8149,5.362
orin,8b,8da4w,parent,sarc_linear_dq8ca_coopmat_zpgtr_orin_bf_t128x128k64g24s32mk32ra_texture3d_texture2d_half,2048,14336,4096,45.1031,5.333
orin,8b,8da4w,parent,sarc_linear_dq8ca_coopmat_zpgtr_orin_bf_t128x128k64g24s32mk32ra_texture3d_texture2d_half,2048,14336,4096,44.8914,5.358
orin,8b,8da4w,parent,sarc_linear_dq8ca_coopmat_zpgtr_orin_bf_t128x128k64g24s32mk32ra_texture3d_texture2d_half,2048,4096,14336,43.7124,5.502
orin,8b,8da4w,parent,sarc_linear_dq8ca_coopmat_zpgtr_orin_bf_t128x128k64g24s32mk32ra_texture3d_texture2d_half,2048,4096,4096,12.8279,5.357
orin,8b,8da4w,parent,sarc_linear_dq8ca_coopmat_zpgtr_orin_bf_t128x128k64g24s32mk32ra_texture3d_texture2d_half,2048,1024,4096,3.233,5.314
orin,8b,8da4w,parent,sarc_linear_dq8ca_coopmat_zpgtr_orin_bf_t128x128k64g24s32mk32ra_texture3d_texture2d_half,2048,1024,4096,3.2175,5.34
orin,8b,8da4w,parent,sarc_linear_dq8ca_coopmat_zpgtr_orin_bf_t128x128k64g24s32mk32ra_texture3d_texture2d_half,2048,4096,4096,12.8389,5.352
orin,8b,8da4w,parent,sarc_linear_dq8ca_coopmat_zpgtr_orin_bf_t128x128k64g24s32mk32ra_texture3d_texture2d_half,2048,14336,4096,45.128,5.33
orin,8b,8da4w,parent,sarc_linear_dq8ca_coopmat_zpgtr_orin_bf_t128x128k64g24s32mk32ra_texture3d_texture2d_half,2048,14336,4096,44.7992,5.369
orin,8b,8da4w,parent,sarc_linear_dq8ca_coopmat_zpgtr_orin_bf_t128x128k64g24s32mk32ra_texture3d_texture2d_half,2048,4096,14336,43.608,5.515
orin,8b,8da4w,parent,sarc_linear_dq8ca_coopmat_zpgtr_orin_bf_t128x128k64g24s32mk32ra_texture3d_texture2d_half,2048,4096,4096,12.83,5.356
orin,8b,8da4w,parent,sarc_linear_dq8ca_coopmat_zpgtr_orin_bf_t128x128k64g24s32mk32ra_texture3d_texture2d_half,2048,1024,4096,3.2264,5.325
orin,8b,8da4w,parent,sarc_linear_dq8ca_coopmat_zpgtr_orin_bf_t128x128k64g24s32mk32ra_texture3d_texture2d_half,2048,1024,4096,3.1998,5.369
orin,8b,8da4w,parent,sarc_linear_dq8ca_coopmat_zpgtr_orin_bf_t128x128k64g24s32mk32ra_texture3d_texture2d_half,2048,4096,4096,12.7846,5.375
orin,8b,8da4w,parent,sarc_linear_dq8ca_coopmat_zpgtr_orin_bf_t128x128k64g24s32mk32ra_texture3d_texture2d_half,2048,14336,4096,45.102,5.333
orin,8b,8da4w,parent,sarc_linear_dq8ca_coopmat_zpgtr_orin_bf_t128x128k64g24s32mk32ra_texture3d_texture2d_half,2048,14336,4096,44.81,5.368
orin,8b,8da4w,parent,sarc_linear_dq8ca_coopmat_zpgtr_orin_bf_t128x128k64g24s32mk32ra_texture3d_texture2d_half,2048,4096,14336,43.6471,5.511
orin,8b,8da4w,parent,sarc_linear_dq8ca_coopmat_zpgtr_orin_bf_t128x128k64g24s32mk32ra_texture3d_texture2d_half,2048,4096,4096,12.8683,5.34
orin,8b,8da4w,parent,sarc_linear_dq8ca_coopmat_zpgtr_orin_bf_t128x128k64g24s32mk32ra_texture3d_texture2d_half,2048,1024,4096,3.242,5.299
orin,8b,8da4w,parent,sarc_linear_dq8ca_coopmat_zpgtr_orin_bf_t128x128k64g24s32mk32ra_texture3d_texture2d_half,2048,1024,4096,3.2221,5.332
orin,8b,8da4w,parent,sarc_linear_dq8ca_coopmat_zpgtr_orin_bf_t128x128k64g24s32mk32ra_texture3d_texture2d_half,2048,4096,4096,12.8173,5.361
orin,8b,8da4w,parent,sarc_linear_dq8ca_coopmat_zpgtr_orin_bf_t128x128k64g24s32mk32ra_texture3d_texture2d_half,2048,14336,4096,45.2157,5.319
orin,8b,8da4w,parent,sarc_linear_dq8ca_coopmat_zpgtr_orin_bf_t128x128k64g24s32mk32ra_texture3d_texture2d_half,2048,14336,4096,44.8613,5.361
orin,8b,8da4w,parent,sarc_linear_dq8ca_coopmat_zpgtr_orin_bf_t128x128k64g24s32mk32ra_texture3d_texture2d_half,2048,4096,14336,43.6359,5.512
orin,8b,8da4w,parent,sarc_linear_dq8ca_coopmat_zpgtr_orin_bf_t128x128k64g24s32mk32ra_texture3d_texture2d_half,2048,4096,4096,12.8387,5.353
orin,8b,8da4w,parent,sarc_linear_dq8ca_coopmat_zpgtr_orin_bf_t128x128k64g24s32mk32ra_texture3d_texture2d_half,2048,1024,4096,3.2432,5.297
orin,8b,8da4w,parent,sarc_linear_dq8ca_coopmat_zpgtr_orin_bf_t128x128k64g24s32mk32ra_texture3d_texture2d_half,2048,1024,4096,3.222,5.332
orin,8b,8da4w,parent,sarc_linear_dq8ca_coopmat_zpgtr_orin_bf_t128x128k64g24s32mk32ra_texture3d_texture2d_half,2048,4096,4096,12.8329,5.355
orin,8b,8da4w,parent,sarc_linear_dq8ca_coopmat_zpgtr_orin_bf_t128x128k64g24s32mk32ra_texture3d_texture2d_half,2048,14336,4096,45.13,5.329
orin,8b,8da4w,parent,sarc_linear_dq8ca_coopmat_zpgtr_orin_bf_t128x128k64g24s32mk32ra_texture3d_texture2d_half,2048,14336,4096,44.7611,5.373
orin,8b,8da4w,parent,sarc_linear_dq8ca_coopmat_zpgtr_orin_bf_t128x128k64g24s32mk32ra_texture3d_texture2d_half,2048,4096,14336,43.55,5.523
orin,8b,8da4w,parent,sarc_linear_dq8ca_coopmat_zpgtr_orin_bf_t128x128k64g24s32mk32ra_texture3d_texture2d_half,2048,4096,4096,12.8371,5.353
orin,8b,8da4w,parent,sarc_linear_dq8ca_coopmat_zpgtr_orin_bf_t128x128k64g24s32mk32ra_texture3d_texture2d_half,2048,1024,4096,3.2514,5.284
orin,8b,8da4w,parent,sarc_linear_dq8ca_coopmat_zpgtr_orin_bf_t128x128k64g24s32mk32ra_texture3d_texture2d_half,2048,1024,4096,3.2188,5.337
orin,8b,8da4w,parent,sarc_linear_dq8ca_coopmat_zpgtr_orin_bf_t128x128k64g24s32mk32ra_texture3d_texture2d_half,2048,4096,4096,12.8267,5.358
orin,8b,8da4w,parent,sarc_linear_dq8ca_coopmat_zpgtr_orin_bf_t128x128k64g24s32mk32ra_texture3d_texture2d_half,2048,14336,4096,45.3301,5.306
orin,8b,8da4w,parent,sarc_linear_dq8ca_coopmat_zpgtr_orin_bf_t128x128k64g24s32mk32ra_texture3d_texture2d_half,2048,14336,4096,44.882,5.359
orin,8b,8da4w,parent,sarc_linear_dq8ca_coopmat_zpgtr_orin_bf_t128x128k64g24s32mk32ra_texture3d_texture2d_half,2048,4096,14336,43.6333,5.512
orin,8b,8da4w,parent,sarc_linear_dq8ca_coopmat_zpgtr_orin_bf_t128x128k64g24s32mk32ra_texture3d_texture2d_half,2048,4096,4096,12.7794,5.377
orin,8b,8da4w,parent,sarc_linear_dq8ca_coopmat_zpgtr_orin_bf_t128x128k64g24s32mk32ra_texture3d_texture2d_half,2048,1024,4096,3.2259,5.326
orin,8b,8da4w,parent,sarc_linear_dq8ca_coopmat_zpgtr_orin_bf_t128x128k64g24s32mk32ra_texture3d_texture2d_half,2048,1024,4096,3.2051,5.36
orin,8b,8da4w,parent,sarc_linear_dq8ca_coopmat_zpgtr_orin_bf_t128x128k64g24s32mk32ra_texture3d_texture2d_half,2048,4096,4096,12.8347,5.354
orin,8b,8da4w,parent,sarc_linear_dq8ca_coopmat_zpgtr_orin_bf_t128x128k64g24s32mk32ra_texture3d_texture2d_half,2048,14336,4096,45.363,5.302
orin,8b,8da4w,parent,sarc_linear_dq8ca_coopmat_zpgtr_orin_bf_t128x128k64g24s32mk32ra_texture3d_texture2d_half,2048,14336,4096,44.7612,5.373
orin,8b,8da4w,parent,sarc_linear_dq8ca_coopmat_zpgtr_orin_bf_t128x128k64g24s32mk32ra_texture3d_texture2d_half,2048,4096,14336,43.3872,5.544
orin,8b,8da4w,parent,sarc_linear_dq8ca_coopmat_zpgtr_orin_bf_t128x128k64g24s32mk32ra_texture3d_texture2d_half,2048,4096,4096,12.8169,5.362
orin,8b,8da4w,parent,sarc_linear_dq8ca_coopmat_zpgtr_orin_bf_t128x128k64g24s32mk32ra_texture3d_texture2d_half,2048,1024,4096,3.239,5.304
orin,8b,8da4w,parent,sarc_linear_dq8ca_coopmat_zpgtr_orin_bf_t128x128k64g24s32mk32ra_texture3d_texture2d_half,2048,1024,4096,3.2193,5.337
orin,8b,8da4w,parent,sarc_linear_dq8ca_coopmat_zpgtr_orin_bf_t128x128k64g24s32mk32ra_texture3d_texture2d_half,2048,4096,4096,12.8464,5.349
orin,8b,8da4w,parent,sarc_linear_dq8ca_coopmat_zpgtr_orin_bf_t128x128k64g24s32mk32ra_texture3d_texture2d_half,2048,14336,4096,45.2707,5.313
orin,8b,8da4w,parent,sarc_linear_dq8ca_coopmat_zpgtr_orin_bf_t128x128k64g24s32mk32ra_texture3d_texture2d_half,2048,14336,4096,44.9008,5.357
orin,8b,8da4w,parent,sarc_linear_dq8ca_coopmat_zpgtr_orin_bf_t128x128k64g24s32mk32ra_texture3d_texture2d_half,2048,4096,14336,43.6425,5.511
orin,8b,8da4w,parent,sarc_linear_dq8ca_coopmat_zpgtr_orin_bf_t128x128k64g24s32mk32ra_texture3d_texture2d_half,2048,4096,4096,12.8833,5.334
orin,8b,8da4w,parent,sarc_linear_dq8ca_coopmat_zpgtr_orin_bf_t128x128k64g24s32mk32ra_texture3d_texture2d_half,2048,1024,4096,3.2572,5.274
orin,8b,8da4w,parent,sarc_linear_dq8ca_coopmat_zpgtr_orin_bf_t128x128k64g24s32mk32ra_texture3d_texture2d_half,2048,1024,4096,3.2123,5.348
orin,8b,8da4w,parent,sarc_linear_dq8ca_coopmat_zpgtr_orin_bf_t128x128k64g24s32mk32ra_texture3d_texture2d_half,2048,4096,4096,12.8284,5.357
orin,8b,8da4w,parent,sarc_linear_dq8ca_coopmat_zpgtr_orin_bf_t128x128k64g24s32mk32ra_texture3d_texture2d_half,2048,14336,4096,45.2478,5.316
orin,8b,8da4w,parent,sarc_linear_dq8ca_coopmat_zpgtr_orin_bf_t128x128k64g24s32mk32ra_texture3d_texture2d_half,2048,14336,4096,44.8395,5.364
orin,8b,8da4w,parent,sarc_linear_dq8ca_coopmat_zpgtr_orin_bf_t128x128k64g24s32mk32ra_texture3d_texture2d_half,2048,4096,14336,43.6193,5.514
orin,8b,8da4w,parent,sarc_linear_dq8ca_coopmat_zpgtr_orin_bf_t128x128k64g24s32mk32ra_texture3d_texture2d_half,2048,4096,4096,12.8271,5.357
orin,8b,8da4w,parent,sarc_linear_dq8ca_coopmat_zpgtr_orin_bf_t128x128k64g24s32mk32ra_texture3d_texture2d_half,2048,1024,4096,3.237,5.307
orin,8b,8da4w,parent,sarc_linear_dq8ca_coopmat_zpgtr_orin_bf_t128x128k64g24s32mk32ra_texture3d_texture2d_half,2048,1024,4096,3.2189,5.337
orin,8b,8da4w,parent,sarc_linear_dq8ca_coopmat_zpgtr_orin_bf_t128x128k64g24s32mk32ra_texture3d_texture2d_half,2048,4096,4096,12.7851,5.375
orin,8b,8da4w,parent,sarc_linear_dq8ca_coopmat_zpgtr_orin_bf_t128x128k64g24s32mk32ra_texture3d_texture2d_half,2048,14336,4096,45.1397,5.328
orin,8b,8da4w,parent,sarc_linear_dq8ca_coopmat_zpgtr_orin_bf_t128x128k64g24s32mk32ra_texture3d_texture2d_half,2048,14336,4096,44.8585,5.362
orin,8b,8da4w,parent,sarc_linear_dq8ca_coopmat_zpgtr_orin_bf_t128x128k64g24s32mk32ra_texture3d_texture2d_half,2048,4096,14336,43.6654,5.508
orin,8b,8da4w,parent,sarc_linear_dq8ca_coopmat_zpgtr_orin_bf_t128x128k64g24s32mk32ra_texture3d_texture2d_half,2048,4096,4096,12.8643,5.342
orin,8b,8da4w,parent,sarc_linear_dq8ca_coopmat_zpgtr_orin_bf_t128x128k64g24s32mk32ra_texture3d_texture2d_half,2048,1024,4096,3.2336,5.313
orin,8b,8da4w,parent,sarc_linear_dq8ca_coopmat_zpgtr_orin_bf_t128x128k64g24s32mk32ra_texture3d_texture2d_half,2048,1024,4096,3.2094,5.353
orin,8b,8da4w,parent,sarc_linear_dq8ca_coopmat_zpgtr_orin_bf_t128x128k64g24s32mk32ra_texture3d_texture2d_half,2048,4096,4096,12.8118,5.364
orin,8b,8da4w,parent,sarc_linear_dq8ca_coopmat_zpgtr_orin_bf_t128x128k64g24s32mk32ra_texture3d_texture2d_half,2048,14336,4096,45.1315,5.329
orin,8b,8da4w,parent,sarc_linear_dq8ca_coopmat_zpgtr_orin_bf_t128x128k64g24s32mk32ra_texture3d_texture2d_half,2048,14336,4096,44.8862,5.358
orin,8b,8da4w,parent,sarc_linear_dq8ca_coopmat_zpgtr_orin_bf_t128x128k64g24s32mk32ra_texture3d_texture2d_half,2048,4096,14336,43.6786,5.507
orin,8b,8da4w,parent,sarc_linear_dq8ca_coopmat_zpgtr_orin_bf_t128x128k64g24s32mk32ra_texture3d_texture2d_half,2048,4096,4096,12.8311,5.356
orin,8b,8da4w,parent,sarc_linear_dq8ca_coopmat_zpgtr_orin_bf_t128x128k64g24s32mk32ra_texture3d_texture2d_half,2048,1024,4096,3.2285,5.321
orin,8b,8da4w,parent,sarc_linear_dq8ca_coopmat_zpgtr_orin_bf_t128x128k64g24s32mk32ra_texture3d_texture2d_half,2048,1024,4096,3.2093,5.353
orin,8b,8da4w,parent,sarc_linear_dq8ca_coopmat_zpgtr_orin_bf_t128x128k64g24s32mk32ra_texture3d_texture2d_half,2048,4096,4096,12.8444,5.35
orin,8b,8da4w,parent,sarc_linear_dq8ca_coopmat_zpgtr_orin_bf_t128x128k64g24s32mk32ra_texture3d_texture2d_half,2048,14336,4096,45.2821,5.312
orin,8b,8da4w,parent,sarc_linear_dq8ca_coopmat_zpgtr_orin_bf_t128x128k64g24s32mk32ra_texture3d_texture2d_half,2048,14336,4096,44.634,5.389
orin,8b,8da4w,parent,sarc_linear_dq8ca_coopmat_zpgtr_orin_bf_t128x128k64g24s32mk32ra_texture3d_texture2d_half,2048,4096,14336,43.6748,5.507
orin,8b,8da4w,parent,sarc_linear_dq8ca_coopmat_zpgtr_orin_bf_t128x128k64g24s32mk32ra_texture3d_texture2d_half,2048,4096,4096,12.854,5.346
orin,8b,8da4w,parent,sarc_linear_dq8ca_coopmat_zpgtr_orin_bf_t128x128k64g24s32mk32ra_texture3d_texture2d_half,2048,1024,4096,3.2311,5.317
orin,8b,8da4w,parent,sarc_linear_dq8ca_coopmat_zpgtr_orin_bf_t128x128k64g24s32mk32ra_texture3d_texture2d_half,2048,1024,4096,3.2227,5.331
orin,8b,8da4w,parent,sarc_linear_dq8ca_coopmat_zpgtr_orin_bf_t128x128k64g24s32mk32ra_texture3d_texture2d_half,2048,4096,4096,12.8651,5.342
orin,8b,8da4w,parent,sarc_linear_dq8ca_coopmat_zpgtr_orin_bf_t128x128k64g24s32mk32ra_texture3d_texture2d_half,2048,14336,4096,45.0888,5.334
orin,8b,8da4w,parent,sarc_linear_dq8ca_coopmat_zpgtr_orin_bf_t128x128k64g24s32mk32ra_texture3d_texture2d_half,2048,14336,4096,44.8632,5.361
orin,8b,8da4w,parent,sarc_linear_dq8ca_coopmat_zpgtr_orin_bf_t128x128k64g24s32mk32ra_texture3d_texture2d_half,2048,4096,14336,43.6618,5.509
orin,8b,8da4w,parent,sarc_linear_dq8ca_coopmat_zpgtr_orin_bf_t128x128k64g24s32mk32ra_texture3d_texture2d_half,2048,4096,4096,12.8274,5.357
orin,8b,8da4w,parent,sarc_linear_dq8ca_coopmat_zpgtr_orin_bf_t128x128k64g24s32mk32ra_texture3d_texture2d_half,2048,1024,4096,3.2447,5.295
orin,8b,8da4w,parent,sarc_linear_dq8ca_coopmat_zpgtr_orin_bf_t128x128k64g24s32mk32ra_texture3d_texture2d_half,2048,1024,4096,3.2183,5.338
orin,8b,8da4w,parent,sarc_linear_dq8ca_coopmat_zpgtr_orin_bf_t128x128k64g24s32mk32ra_texture3d_texture2d_half,2048,4096,4096,12.8538,5.346
orin,8b,8da4w,parent,sarc_linear_dq8ca_coopmat_zpgtr_orin_bf_t128x128k64g24s32mk32ra_texture3d_texture2d_half,2048,14336,4096,45.2927,5.31
orin,8b,8da4w,parent,sarc_linear_dq8ca_coopmat_zpgtr_orin_bf_t128x128k64g24s32mk32ra_texture3d_texture2d_half,2048,14336,4096,44.8841,5.359
orin,8b,8da4w,parent,sarc_linear_dq8ca_coopmat_zpgtr_orin_bf_t128x128k64g24s32mk32ra_texture3d_texture2d_half,2048,4096,14336,43.5209,5.526
orin,8b,8da4w,parent,sarc_linear_dq8ca_coopmat_zpgtr_orin_bf_t128x128k64g24s32mk32ra_texture3d_texture2d_half,2048,4096,4096,12.7707,5.381
orin,8b,8da4w,parent,sarc_linear_dq8ca_coopmat_zpgtr_orin_bf_t128x128k64g24s32mk32ra_texture3d_texture2d_half,2048,1024,4096,3.2408,5.301
orin,8b,8da4w,parent,sarc_linear_dq8ca_coopmat_zpgtr_orin_bf_t128x128k64g24s32mk32ra_texture3d_texture2d_half,2048,1024,4096,3.2062,5.358
orin,8b,8da4w,parent,sarc_linear_dq8ca_coopmat_zpgtr_orin_bf_t128x128k64g24s32mk32ra_texture3d_texture2d_half,2048,4096,4096,12.8234,5.359
orin,8b,8da4w,parent,sarc_linear_dq8ca_coopmat_zpgtr_orin_bf_t128x128k64g24s32mk32ra_texture3d_texture2d_half,2048,14336,4096,45.2135,5.32
orin,8b,8da4w,parent,sarc_linear_dq8ca_coopmat_zpgtr_orin_bf_t128x128k64g24s32mk32ra_texture3d_texture2d_half,2048,14336,4096,44.7506,5.375
orin,8b,8da4w,parent,sarc_linear_dq8ca_coopmat_zpgtr_orin_bf_t128x128k64g24s32mk32ra_texture3d_texture2d_half,2048,4096,14336,43.6397,5.511
orin,8b,8da4w,parent,sarc_linear_dq8ca_coopmat_zpgtr_orin_bf_t128x128k64g24s32mk32ra_texture3d_texture2d_half,2048,4096,4096,12.8464,5.349
orin,8b,8da4w,parent,sarc_linear_dq8ca_coopmat_zpgtr_orin_bf_t128x128k64g24s32mk32ra_texture3d_texture2d_half,2048,1024,4096,3.2391,5.304
orin,8b,8da4w,parent,sarc_linear_dq8ca_coopmat_zpgtr_orin_bf_t128x128k64g24s32mk32ra_texture3d_texture2d_half,2048,1024,4096,3.2168,5.341
orin,8b,8da4w,parent,sarc_linear_dq8ca_coopmat_zpgtr_orin_bf_t128x128k64g24s32mk32ra_texture3d_texture2d_half,2048,4096,4096,12.8458,5.35
orin,8b,8da4w,parent,sarc_linear_dq8ca_coopmat_zpgtr_orin_bf_t128x128k64g24s32mk32ra_texture3d_texture2d_half,2048,14336,4096,45.2277,5.318
orin,8b,8da4w,parent,sarc_linear_dq8ca_coopmat_zpgtr_orin_bf_t128x128k64g24s32mk32ra_texture3d_texture2d_half,2048,14336,4096,44.821,5.366
orin,8b,8da4w,parent,sarc_linear_dq8ca_coopmat_zpgtr_orin_bf_t128x128k64g24s32mk32ra_texture3d_texture2d_half,2048,4096,14336,43.6674,5.508
orin,8b,8da4w,parent,sarc_linear_dq8ca_coopmat_zpgtr_orin_bf_t128x128k64g24s32mk32ra_texture3d_texture2d_half,2048,4096,4096,12.8692,5.34
orin,8b,8da4w,parent,sarc_linear_dq8ca_coopmat_zpgtr_orin_bf_t128x128k64g24s32mk32ra_texture3d_texture2d_half,2048,1024,4096,3.2328,5.314
orin,8b,8da4w,parent,sarc_linear_dq8ca_coopmat_zpgtr_orin_bf_t128x128k64g24s32mk32ra_texture3d_texture2d_half,2048,1024,4096,3.2208,5.334
orin,8b,8da4w,parent,sarc_linear_dq8ca_coopmat_zpgtr_orin_bf_t128x128k64g24s32mk32ra_texture3d_texture2d_half,2048,4096,4096,12.771,5.381
orin,8b,8da4w,parent,sarc_linear_dq8ca_coopmat_zpgtr_orin_bf_t128x128k64g24s32mk32ra_texture3d_texture2d_half,2048,14336,4096,45.1465,5.328
orin,8b,8da4w,parent,sarc_linear_dq8ca_coopmat_zpgtr_orin_bf_t128x128k64g24s32mk32ra_texture3d_texture2d_half,2048,14336,4096,44.9197,5.354
orin,8b,8da4w,parent,sarc_linear_dq8ca_coopmat_zpgtr_orin_bf_t128x128k64g24s32mk32ra_texture3d_texture2d_half,2048,4096,14336,43.6317,5.512
orin,8b,8da4w,parent,sarc_linear_dq8ca_coopmat_zpgtr_orin_bf_t128x128k64g24s32mk32ra_texture3d_texture2d_half,2048,4096,4096,12.8241,5.359
orin,8b,8da4w,parent,sarc_linear_dq8ca_coopmat_zpgtr_orin_bf_t128x128k64g24s32mk32ra_texture3d_texture2d_half,2048,1024,4096,3.244,5.296
orin,8b,8da4w,parent,sarc_linear_dq8ca_coopmat_zpgtr_orin_bf_t128x128k64g24s32mk32ra_texture3d_texture2d_half,2048,1024,4096,3.222,5.332
orin,8b,8da4w,parent,sarc_linear_dq8ca_coopmat_zpgtr_orin_bf_t128x128k64g24s32mk32ra_texture3d_texture2d_half,2048,4096,4096,12.8242,5.359
orin,8b,8da4w,parent,sarc_linear_dq8ca_coopmat_zpgtr_orin_bf_t128x128k64g24s32mk32ra_texture3d_texture2d_half,2048,14336,4096,45.1863,5.323
orin,8b,8da4w,parent,sarc_linear_dq8ca_coopmat_zpgtr_orin_bf_t128x128k64g24s32mk32ra_texture3d_texture2d_half,2048,14336,4096,44.872,5.36
orin,8b,8da4w,parent,sarc_linear_dq8ca_coopmat_zpgtr_orin_bf_t128x128k64g24s32mk32ra_texture3d_texture2d_half,2048,4096,14336,43.6429,5.511
