gpu,model,scheme,build,kernel,M,N,K,ms,tflops
780m,1b,4w,cand,sarc_dev_780m_x_linear_q4gsw_coopmat_t128x128k32g24s32f32cbt_texture3d_texture2d_half,2048,2048,2048,1.5597,11.015
780m,1b,4w,cand,sarc_dev_780m_x_linear_q4gsw_coopmat_t128x128k32g24s32f32cbt_texture3d_texture2d_half,2048,512,2048,0.4312,9.96
780m,1b,4w,cand,sarc_dev_780m_x_linear_q4gsw_coopmat_t128x128k32g24s32f32cbt_texture3d_texture2d_half,2048,512,2048,0.4189,10.252
780m,1b,4w,cand,sarc_dev_780m_x_linear_q4gsw_coopmat_t128x128k32g24s32f32cbt_texture3d_texture2d_half,2048,2048,2048,1.5514,11.073
780m,1b,4w,cand,sarc_dev_780m_x_linear_q4gsw_coopmat_t256x128k32g28s32f32cbt_texture3d_texture2d_half,2048,8192,2048,5.9244,11.599
780m,1b,4w,cand,sarc_dev_780m_x_linear_q4gsw_coopmat_t256x128k32g28s32f32cbt_texture3d_texture2d_half,2048,8192,2048,5.9699,11.511
780m,1b,4w,cand,sarc_dev_780m_x_linear_q4gsw_coopmat_t256x128k32g18s32f32cbt_texture3d_texture2d_half,2048,2048,8192,5.9152,11.618
780m,1b,4w,cand,sarc_dev_780m_x_linear_q4gsw_coopmat_t128x128k32g24s32f32cbt_texture3d_texture2d_half,2048,2048,2048,1.5698,10.944
780m,1b,4w,cand,sarc_dev_780m_x_linear_q4gsw_coopmat_t128x128k32g24s32f32cbt_texture3d_texture2d_half,2048,512,2048,0.4338,9.902
780m,1b,4w,cand,sarc_dev_780m_x_linear_q4gsw_coopmat_t128x128k32g24s32f32cbt_texture3d_texture2d_half,2048,512,2048,0.4331,9.916
780m,1b,4w,cand,sarc_dev_780m_x_linear_q4gsw_coopmat_t128x128k32g24s32f32cbt_texture3d_texture2d_half,2048,2048,2048,1.5698,10.944
780m,1b,4w,cand,sarc_dev_780m_x_linear_q4gsw_coopmat_t256x128k32g28s32f32cbt_texture3d_texture2d_half,2048,8192,2048,6.1205,11.228
780m,1b,4w,cand,sarc_dev_780m_x_linear_q4gsw_coopmat_t256x128k32g28s32f32cbt_texture3d_texture2d_half,2048,8192,2048,6.0966,11.272
780m,1b,4w,cand,sarc_dev_780m_x_linear_q4gsw_coopmat_t256x128k32g18s32f32cbt_texture3d_texture2d_half,2048,2048,8192,5.9965,11.46
780m,1b,4w,cand,sarc_dev_780m_x_linear_q4gsw_coopmat_t128x128k32g24s32f32cbt_texture3d_texture2d_half,2048,2048,2048,1.5731,10.921
780m,1b,4w,cand,sarc_dev_780m_x_linear_q4gsw_coopmat_t128x128k32g24s32f32cbt_texture3d_texture2d_half,2048,512,2048,0.4369,9.83
780m,1b,4w,cand,sarc_dev_780m_x_linear_q4gsw_coopmat_t128x128k32g24s32f32cbt_texture3d_texture2d_half,2048,512,2048,0.4366,9.838
780m,1b,4w,cand,sarc_dev_780m_x_linear_q4gsw_coopmat_t128x128k32g24s32f32cbt_texture3d_texture2d_half,2048,2048,2048,1.5579,11.028
780m,1b,4w,cand,sarc_dev_780m_x_linear_q4gsw_coopmat_t256x128k32g28s32f32cbt_texture3d_texture2d_half,2048,8192,2048,6.0797,11.303
780m,1b,4w,cand,sarc_dev_780m_x_linear_q4gsw_coopmat_t256x128k32g28s32f32cbt_texture3d_texture2d_half,2048,8192,2048,5.9801,11.491
780m,1b,4w,cand,sarc_dev_780m_x_linear_q4gsw_coopmat_t256x128k32g18s32f32cbt_texture3d_texture2d_half,2048,2048,8192,6.006,11.442
780m,1b,4w,cand,sarc_dev_780m_x_linear_q4gsw_coopmat_t128x128k32g24s32f32cbt_texture3d_texture2d_half,2048,2048,2048,1.5576,11.03
780m,1b,4w,cand,sarc_dev_780m_x_linear_q4gsw_coopmat_t128x128k32g24s32f32cbt_texture3d_texture2d_half,2048,512,2048,0.4311,9.962
780m,1b,4w,cand,sarc_dev_780m_x_linear_q4gsw_coopmat_t128x128k32g24s32f32cbt_texture3d_texture2d_half,2048,512,2048,0.4363,9.844
780m,1b,4w,cand,sarc_dev_780m_x_linear_q4gsw_coopmat_t128x128k32g24s32f32cbt_texture3d_texture2d_half,2048,2048,2048,1.5586,11.023
780m,1b,4w,cand,sarc_dev_780m_x_linear_q4gsw_coopmat_t256x128k32g28s32f32cbt_texture3d_texture2d_half,2048,8192,2048,6.0433,11.371
780m,1b,4w,cand,sarc_dev_780m_x_linear_q4gsw_coopmat_t256x128k32g28s32f32cbt_texture3d_texture2d_half,2048,8192,2048,6.1173,11.234
780m,1b,4w,cand,sarc_dev_780m_x_linear_q4gsw_coopmat_t256x128k32g18s32f32cbt_texture3d_texture2d_half,2048,2048,8192,5.9697,11.511
780m,1b,4w,cand,sarc_dev_780m_x_linear_q4gsw_coopmat_t128x128k32g24s32f32cbt_texture3d_texture2d_half,2048,2048,2048,1.5649,10.978
780m,1b,4w,cand,sarc_dev_780m_x_linear_q4gsw_coopmat_t128x128k32g24s32f32cbt_texture3d_texture2d_half,2048,512,2048,0.4288,10.015
780m,1b,4w,cand,sarc_dev_780m_x_linear_q4gsw_coopmat_t128x128k32g24s32f32cbt_texture3d_texture2d_half,2048,512,2048,0.4352,9.869
780m,1b,4w,cand,sarc_dev_780m_x_linear_q4gsw_coopmat_t128x128k32g24s32f32cbt_texture3d_texture2d_half,2048,2048,2048,1.5696,10.945
780m,1b,4w,cand,sarc_dev_780m_x_linear_q4gsw_coopmat_t256x128k32g28s32f32cbt_texture3d_texture2d_half,2048,8192,2048,6.0664,11.328
780m,1b,4w,cand,sarc_dev_780m_x_linear_q4gsw_coopmat_t256x128k32g28s32f32cbt_texture3d_texture2d_half,2048,8192,2048,6.0628,11.335
780m,1b,4w,cand,sarc_dev_780m_x_linear_q4gsw_coopmat_t256x128k32g18s32f32cbt_texture3d_texture2d_half,2048,2048,8192,5.9275,11.593
780m,1b,4w,cand,sarc_dev_780m_x_linear_q4gsw_coopmat_t128x128k32g24s32f32cbt_texture3d_texture2d_half,2048,2048,2048,1.5517,11.072
780m,1b,4w,cand,sarc_dev_780m_x_linear_q4gsw_coopmat_t128x128k32g24s32f32cbt_texture3d_texture2d_half,2048,512,2048,0.4306,9.973
780m,1b,4w,cand,sarc_dev_780m_x_linear_q4gsw_coopmat_t128x128k32g24s32f32cbt_texture3d_texture2d_half,2048,512,2048,0.4327,9.926
780m,1b,4w,cand,sarc_dev_780m_x_linear_q4gsw_coopmat_t128x128k32g24s32f32cbt_texture3d_texture2d_half,2048,2048,2048,1.5552,11.047
780m,1b,4w,cand,sarc_dev_780m_x_linear_q4gsw_coopmat_t256x128k32g28s32f32cbt_texture3d_texture2d_half,2048,8192,2048,6.1495,11.175
780m,1b,4w,cand,sarc_dev_780m_x_linear_q4gsw_coopmat_t256x128k32g28s32f32cbt_texture3d_texture2d_half,2048,8192,2048,6.0729,11.316
780m,1b,4w,cand,sarc_dev_780m_x_linear_q4gsw_coopmat_t256x128k32g18s32f32cbt_texture3d_texture2d_half,2048,2048,8192,6.0127,11.429
780m,1b,4w,cand,sarc_dev_780m_x_linear_q4gsw_coopmat_t128x128k32g24s32f32cbt_texture3d_texture2d_half,2048,2048,2048,1.5724,10.926
780m,1b,4w,cand,sarc_dev_780m_x_linear_q4gsw_coopmat_t128x128k32g24s32f32cbt_texture3d_texture2d_half,2048,512,2048,0.4355,9.863
780m,1b,4w,cand,sarc_dev_780m_x_linear_q4gsw_coopmat_t128x128k32g24s32f32cbt_texture3d_texture2d_half,2048,512,2048,0.4359,9.854
780m,1b,4w,cand,sarc_dev_780m_x_linear_q4gsw_coopmat_t128x128k32g24s32f32cbt_texture3d_texture2d_half,2048,2048,2048,1.5781,10.886
780m,1b,4w,cand,sarc_dev_780m_x_linear_q4gsw_coopmat_t256x128k32g28s32f32cbt_texture3d_texture2d_half,2048,8192,2048,6.1116,11.244
780m,1b,4w,cand,sarc_dev_780m_x_linear_q4gsw_coopmat_t256x128k32g28s32f32cbt_texture3d_texture2d_half,2048,8192,2048,6.0748,11.312
780m,1b,4w,cand,sarc_dev_780m_x_linear_q4gsw_coopmat_t256x128k32g18s32f32cbt_texture3d_texture2d_half,2048,2048,8192,6.0278,11.4
780m,1b,4w,cand,sarc_dev_780m_x_linear_q4gsw_coopmat_t128x128k32g24s32f32cbt_texture3d_texture2d_half,2048,2048,2048,1.5706,10.938
780m,1b,4w,cand,sarc_dev_780m_x_linear_q4gsw_coopmat_t128x128k32g24s32f32cbt_texture3d_texture2d_half,2048,512,2048,0.4304,9.98
780m,1b,4w,cand,sarc_dev_780m_x_linear_q4gsw_coopmat_t128x128k32g24s32f32cbt_texture3d_texture2d_half,2048,512,2048,0.4304,9.978
780m,1b,4w,cand,sarc_dev_780m_x_linear_q4gsw_coopmat_t128x128k32g24s32f32cbt_texture3d_texture2d_half,2048,2048,2048,1.564,10.985
780m,1b,4w,cand,sarc_dev_780m_x_linear_q4gsw_coopmat_t256x128k32g28s32f32cbt_texture3d_texture2d_half,2048,8192,2048,6.0403,11.377
780m,1b,4w,cand,sarc_dev_780m_x_linear_q4gsw_coopmat_t256x128k32g28s32f32cbt_texture3d_texture2d_half,2048,8192,2048,6.0521,11.355
780m,1b,4w,cand,sarc_dev_780m_x_linear_q4gsw_coopmat_t256x128k32g18s32f32cbt_texture3d_texture2d_half,2048,2048,8192,5.9571,11.536
780m,1b,4w,cand,sarc_dev_780m_x_linear_q4gsw_coopmat_t128x128k32g24s32f32cbt_texture3d_texture2d_half,2048,2048,2048,1.5769,10.895
780m,1b,4w,cand,sarc_dev_780m_x_linear_q4gsw_coopmat_t128x128k32g24s32f32cbt_texture3d_texture2d_half,2048,512,2048,0.4341,9.894
780m,1b,4w,cand,sarc_dev_780m_x_linear_q4gsw_coopmat_t128x128k32g24s32f32cbt_texture3d_texture2d_half,2048,512,2048,0.4306,9.975
780m,1b,4w,cand,sarc_dev_780m_x_linear_q4gsw_coopmat_t128x128k32g24s32f32cbt_texture3d_texture2d_half,2048,2048,2048,1.5664,10.967
780m,1b,4w,cand,sarc_dev_780m_x_linear_q4gsw_coopmat_t256x128k32g28s32f32cbt_texture3d_texture2d_half,2048,8192,2048,6.029,11.398
780m,1b,4w,cand,sarc_dev_780m_x_linear_q4gsw_coopmat_t256x128k32g28s32f32cbt_texture3d_texture2d_half,2048,8192,2048,6.0919,11.281
780m,1b,4w,cand,sarc_dev_780m_x_linear_q4gsw_coopmat_t256x128k32g18s32f32cbt_texture3d_texture2d_half,2048,2048,8192,5.9805,11.491
780m,1b,4w,cand,sarc_dev_780m_x_linear_q4gsw_coopmat_t128x128k32g24s32f32cbt_texture3d_texture2d_half,2048,2048,2048,1.5687,10.952
780m,1b,4w,cand,sarc_dev_780m_x_linear_q4gsw_coopmat_t128x128k32g24s32f32cbt_texture3d_texture2d_half,2048,512,2048,0.4353,9.866
780m,1b,4w,cand,sarc_dev_780m_x_linear_q4gsw_coopmat_t128x128k32g24s32f32cbt_texture3d_texture2d_half,2048,512,2048,0.4372,9.824
780m,1b,4w,cand,sarc_dev_780m_x_linear_q4gsw_coopmat_t128x128k32g24s32f32cbt_texture3d_texture2d_half,2048,2048,2048,1.5611,11.005
780m,1b,4w,cand,sarc_dev_780m_x_linear_q4gsw_coopmat_t256x128k32g28s32f32cbt_texture3d_texture2d_half,2048,8192,2048,6.0826,11.298
780m,1b,4w,cand,sarc_dev_780m_x_linear_q4gsw_coopmat_t256x128k32g28s32f32cbt_texture3d_texture2d_half,2048,8192,2048,6.062,11.336
780m,1b,4w,cand,sarc_dev_780m_x_linear_q4gsw_coopmat_t256x128k32g18s32f32cbt_texture3d_texture2d_half,2048,2048,8192,5.9822,11.487
780m,1b,4w,cand,sarc_dev_780m_x_linear_q4gsw_coopmat_t128x128k32g24s32f32cbt_texture3d_texture2d_half,2048,2048,2048,1.5715,10.932
780m,1b,4w,cand,sarc_dev_780m_x_linear_q4gsw_coopmat_t128x128k32g24s32f32cbt_texture3d_texture2d_half,2048,512,2048,0.4381,9.804
780m,1b,4w,cand,sarc_dev_780m_x_linear_q4gsw_coopmat_t128x128k32g24s32f32cbt_texture3d_texture2d_half,2048,512,2048,0.4406,9.748
780m,1b,4w,cand,sarc_dev_780m_x_linear_q4gsw_coopmat_t128x128k32g24s32f32cbt_texture3d_texture2d_half,2048,2048,2048,1.5624,10.996
780m,1b,4w,cand,sarc_dev_780m_x_linear_q4gsw_coopmat_t256x128k32g28s32f32cbt_texture3d_texture2d_half,2048,8192,2048,6.1056,11.255
780m,1b,4w,cand,sarc_dev_780m_x_linear_q4gsw_coopmat_t256x128k32g28s32f32cbt_texture3d_texture2d_half,2048,8192,2048,6.0502,11.358
780m,1b,4w,cand,sarc_dev_780m_x_linear_q4gsw_coopmat_t256x128k32g18s32f32cbt_texture3d_texture2d_half,2048,2048,8192,5.9626,11.525
780m,1b,4w,cand,sarc_dev_780m_x_linear_q4gsw_coopmat_t128x128k32g24s32f32cbt_texture3d_texture2d_half,2048,2048,2048,1.5811,10.866
780m,1b,4w,cand,sarc_dev_780m_x_linear_q4gsw_coopmat_t128x128k32g24s32f32cbt_texture3d_texture2d_half,2048,512,2048,0.4274,10.05
780m,1b,4w,cand,sarc_dev_780m_x_linear_q4gsw_coopmat_t128x128k32g24s32f32cbt_texture3d_texture2d_half,2048,512,2048,0.4463,9.623
780m,1b,4w,cand,sarc_dev_780m_x_linear_q4gsw_coopmat_t128x128k32g24s32f32cbt_texture3d_texture2d_half,2048,2048,2048,1.5739,10.915
780m,1b,4w,cand,sarc_dev_780m_x_linear_q4gsw_coopmat_t256x128k32g28s32f32cbt_texture3d_texture2d_half,2048,8192,2048,6.0626,11.335
780m,1b,4w,cand,sarc_dev_780m_x_linear_q4gsw_coopmat_t256x128k32g28s32f32cbt_texture3d_texture2d_half,2048,8192,2048,6.039,11.379
780m,1b,4w,cand,sarc_dev_780m_x_linear_q4gsw_coopmat_t256x128k32g18s32f32cbt_texture3d_texture2d_half,2048,2048,8192,5.9658,11.519
780m,1b,4w,cand,sarc_dev_780m_x_linear_q4gsw_coopmat_t128x128k32g24s32f32cbt_texture3d_texture2d_half,2048,2048,2048,1.558,11.027
780m,1b,4w,cand,sarc_dev_780m_x_linear_q4gsw_coopmat_t128x128k32g24s32f32cbt_texture3d_texture2d_half,2048,512,2048,0.4332,9.915
780m,1b,4w,cand,sarc_dev_780m_x_linear_q4gsw_coopmat_t128x128k32g24s32f32cbt_texture3d_texture2d_half,2048,512,2048,0.4442,9.668
780m,1b,4w,cand,sarc_dev_780m_x_linear_q4gsw_coopmat_t128x128k32g24s32f32cbt_texture3d_texture2d_half,2048,2048,2048,1.5749,10.908
780m,1b,4w,cand,sarc_dev_780m_x_linear_q4gsw_coopmat_t256x128k32g28s32f32cbt_texture3d_texture2d_half,2048,8192,2048,6.0569,11.346
780m,1b,4w,cand,sarc_dev_780m_x_linear_q4gsw_coopmat_t256x128k32g28s32f32cbt_texture3d_texture2d_half,2048,8192,2048,6.0819,11.299
780m,1b,4w,cand,sarc_dev_780m_x_linear_q4gsw_coopmat_t256x128k32g18s32f32cbt_texture3d_texture2d_half,2048,2048,8192,6.0378,11.382
780m,1b,4w,cand,sarc_dev_780m_x_linear_q4gsw_coopmat_t128x128k32g24s32f32cbt_texture3d_texture2d_half,2048,2048,2048,1.5834,10.85
780m,1b,4w,cand,sarc_dev_780m_x_linear_q4gsw_coopmat_t128x128k32g24s32f32cbt_texture3d_texture2d_half,2048,512,2048,0.4348,9.879
780m,1b,4w,cand,sarc_dev_780m_x_linear_q4gsw_coopmat_t128x128k32g24s32f32cbt_texture3d_texture2d_half,2048,512,2048,0.4286,10.02
780m,1b,4w,cand,sarc_dev_780m_x_linear_q4gsw_coopmat_t128x128k32g24s32f32cbt_texture3d_texture2d_half,2048,2048,2048,1.5648,10.979
780m,1b,4w,cand,sarc_dev_780m_x_linear_q4gsw_coopmat_t256x128k32g28s32f32cbt_texture3d_texture2d_half,2048,8192,2048,6.0482,11.362
780m,1b,4w,cand,sarc_dev_780m_x_linear_q4gsw_coopmat_t256x128k32g28s32f32cbt_texture3d_texture2d_half,2048,8192,2048,6.0896,11.285
780m,1b,4w,cand,sarc_dev_780m_x_linear_q4gsw_coopmat_t256x128k32g18s32f32cbt_texture3d_texture2d_half,2048,2048,8192,5.9897,11.473
780m,1b,4w,cand,sarc_dev_780m_x_linear_q4gsw_coopmat_t128x128k32g24s32f32cbt_texture3d_texture2d_half,2048,2048,2048,1.5719,10.929
780m,1b,4w,cand,sarc_dev_780m_x_linear_q4gsw_coopmat_t128x128k32g24s32f32cbt_texture3d_texture2d_half,2048,512,2048,0.4438,9.677
780m,1b,4w,cand,sarc_dev_780m_x_linear_q4gsw_coopmat_t128x128k32g24s32f32cbt_texture3d_texture2d_half,2048,512,2048,0.4374,9.819
780m,1b,4w,cand,sarc_dev_780m_x_linear_q4gsw_coopmat_t128x128k32g24s32f32cbt_texture3d_texture2d_half,2048,2048,2048,1.5716,10.932
780m,1b,4w,cand,sarc_dev_780m_x_linear_q4gsw_coopmat_t256x128k32g28s32f32cbt_texture3d_texture2d_half,2048,8192,2048,6.0759,11.31
780m,1b,4w,cand,sarc_dev_780m_x_linear_q4gsw_coopmat_t256x128k32g28s32f32cbt_texture3d_texture2d_half,2048,8192,2048,6.0633,11.334
780m,1b,4w,cand,sarc_dev_780m_x_linear_q4gsw_coopmat_t256x128k32g18s32f32cbt_texture3d_texture2d_half,2048,2048,8192,5.9842,11.483
780m,1b,4w,cand,sarc_dev_780m_x_linear_q4gsw_coopmat_t128x128k32g24s32f32cbt_texture3d_texture2d_half,2048,2048,2048,1.5675,10.96
780m,1b,4w,cand,sarc_dev_780m_x_linear_q4gsw_coopmat_t128x128k32g24s32f32cbt_texture3d_texture2d_half,2048,512,2048,0.4339,9.899
780m,1b,4w,cand,sarc_dev_780m_x_linear_q4gsw_coopmat_t128x128k32g24s32f32cbt_texture3d_texture2d_half,2048,512,2048,0.4362,9.847
780m,1b,4w,cand,sarc_dev_780m_x_linear_q4gsw_coopmat_t128x128k32g24s32f32cbt_texture3d_texture2d_half,2048,2048,2048,1.5596,11.016
780m,1b,4w,cand,sarc_dev_780m_x_linear_q4gsw_coopmat_t256x128k32g28s32f32cbt_texture3d_texture2d_half,2048,8192,2048,6.0156,11.423
780m,1b,4w,cand,sarc_dev_780m_x_linear_q4gsw_coopmat_t256x128k32g28s32f32cbt_texture3d_texture2d_half,2048,8192,2048,6.09,11.284
780m,1b,4w,cand,sarc_dev_780m_x_linear_q4gsw_coopmat_t256x128k32g18s32f32cbt_texture3d_texture2d_half,2048,2048,8192,5.9953,11.462
780m,1b,4w,parent,sarc_linear_q4gsw_coopmat_t128x128k32g42s32f32c_texture3d_texture2d_half,2048,2048,2048,1.6364,10.498
780m,1b,4w,parent,sarc_linear_q4gsw_coopmat_t128x128k32g42s32f32c_texture3d_texture2d_half,2048,512,2048,0.4491,9.564
780m,1b,4w,parent,sarc_linear_q4gsw_coopmat_t128x128k32g42s32f32c_texture3d_texture2d_half,2048,512,2048,0.4466,9.617
780m,1b,4w,parent,sarc_linear_q4gsw_coopmat_t128x128k32g42s32f32c_texture3d_texture2d_half,2048,2048,2048,1.6216,10.594
780m,1b,4w,parent,sarc_linear_q4gsw_coopmat_t128x128k32g42s32f32c_texture3d_texture2d_half,2048,8192,2048,6.3832,10.766
780m,1b,4w,parent,sarc_linear_q4gsw_coopmat_t128x128k32g42s32f32c_texture3d_texture2d_half,2048,8192,2048,6.3761,10.778
780m,1b,4w,parent,sarc_linear_q4gsw_coopmat_t128x128k32g42s32f32c_texture3d_texture2d_half,2048,2048,8192,6.5538,10.486
780m,1b,4w,parent,sarc_linear_q4gsw_coopmat_t128x128k32g42s32f32c_texture3d_texture2d_half,2048,2048,2048,1.6329,10.521
780m,1b,4w,parent,sarc_linear_q4gsw_coopmat_t128x128k32g42s32f32c_texture3d_texture2d_half,2048,512,2048,0.4484,9.579
780m,1b,4w,parent,sarc_linear_q4gsw_coopmat_t128x128k32g42s32f32c_texture3d_texture2d_half,2048,512,2048,0.4495,9.555
780m,1b,4w,parent,sarc_linear_q4gsw_coopmat_t128x128k32g42s32f32c_texture3d_texture2d_half,2048,2048,2048,1.6214,10.595
780m,1b,4w,parent,sarc_linear_q4gsw_coopmat_t128x128k32g42s32f32c_texture3d_texture2d_half,2048,8192,2048,6.4132,10.715
780m,1b,4w,parent,sarc_linear_q4gsw_coopmat_t128x128k32g42s32f32c_texture3d_texture2d_half,2048,8192,2048,6.39,10.754
780m,1b,4w,parent,sarc_linear_q4gsw_coopmat_t128x128k32g42s32f32c_texture3d_texture2d_half,2048,2048,8192,6.5332,10.519
780m,1b,4w,parent,sarc_linear_q4gsw_coopmat_t128x128k32g42s32f32c_texture3d_texture2d_half,2048,2048,2048,1.6225,10.589
780m,1b,4w,parent,sarc_linear_q4gsw_coopmat_t128x128k32g42s32f32c_texture3d_texture2d_half,2048,512,2048,0.4572,9.393
780m,1b,4w,parent,sarc_linear_q4gsw_coopmat_t128x128k32g42s32f32c_texture3d_texture2d_half,2048,512,2048,0.4579,9.379
780m,1b,4w,parent,sarc_linear_q4gsw_coopmat_t128x128k32g42s32f32c_texture3d_texture2d_half,2048,2048,2048,1.6244,10.576
780m,1b,4w,parent,sarc_linear_q4gsw_coopmat_t128x128k32g42s32f32c_texture3d_texture2d_half,2048,8192,2048,6.3999,10.738
780m,1b,4w,parent,sarc_linear_q4gsw_coopmat_t128x128k32g42s32f32c_texture3d_texture2d_half,2048,8192,2048,6.3816,10.768
780m,1b,4w,parent,sarc_linear_q4gsw_coopmat_t128x128k32g42s32f32c_texture3d_texture2d_half,2048,2048,8192,6.498,10.576
780m,1b,4w,parent,sarc_linear_q4gsw_coopmat_t128x128k32g42s32f32c_texture3d_texture2d_half,2048,2048,2048,1.6309,10.534
780m,1b,4w,parent,sarc_linear_q4gsw_coopmat_t128x128k32g42s32f32c_texture3d_texture2d_half,2048,512,2048,0.4457,9.636
780m,1b,4w,parent,sarc_linear_q4gsw_coopmat_t128x128k32g42s32f32c_texture3d_texture2d_half,2048,512,2048,0.449,9.565
780m,1b,4w,parent,sarc_linear_q4gsw_coopmat_t128x128k32g42s32f32c_texture3d_texture2d_half,2048,2048,2048,1.6245,10.575
780m,1b,4w,parent,sarc_linear_q4gsw_coopmat_t128x128k32g42s32f32c_texture3d_texture2d_half,2048,8192,2048,6.4022,10.734
780m,1b,4w,parent,sarc_linear_q4gsw_coopmat_t128x128k32g42s32f32c_texture3d_texture2d_half,2048,8192,2048,6.3886,10.757
780m,1b,4w,parent,sarc_linear_q4gsw_coopmat_t128x128k32g42s32f32c_texture3d_texture2d_half,2048,2048,8192,6.5308,10.522
780m,1b,4w,parent,sarc_linear_q4gsw_coopmat_t128x128k32g42s32f32c_texture3d_texture2d_half,2048,2048,2048,1.6275,10.556
780m,1b,4w,parent,sarc_linear_q4gsw_coopmat_t128x128k32g42s32f32c_texture3d_texture2d_half,2048,512,2048,0.447,9.609
780m,1b,4w,parent,sarc_linear_q4gsw_coopmat_t128x128k32g42s32f32c_texture3d_texture2d_half,2048,512,2048,0.4574,9.39
780m,1b,4w,parent,sarc_linear_q4gsw_coopmat_t128x128k32g42s32f32c_texture3d_texture2d_half,2048,2048,2048,1.6301,10.539
780m,1b,4w,parent,sarc_linear_q4gsw_coopmat_t128x128k32g42s32f32c_texture3d_texture2d_half,2048,8192,2048,6.4059,10.727
780m,1b,4w,parent,sarc_linear_q4gsw_coopmat_t128x128k32g42s32f32c_texture3d_texture2d_half,2048,8192,2048,6.3781,10.774
780m,1b,4w,parent,sarc_linear_q4gsw_coopmat_t128x128k32g42s32f32c_texture3d_texture2d_half,2048,2048,8192,6.5177,10.543
780m,1b,4w,parent,sarc_linear_q4gsw_coopmat_t128x128k32g42s32f32c_texture3d_texture2d_half,2048,2048,2048,1.622,10.592
780m,1b,4w,parent,sarc_linear_q4gsw_coopmat_t128x128k32g42s32f32c_texture3d_texture2d_half,2048,512,2048,0.4455,9.641
780m,1b,4w,parent,sarc_linear_q4gsw_coopmat_t128x128k32g42s32f32c_texture3d_texture2d_half,2048,512,2048,0.4504,9.536
780m,1b,4w,parent,sarc_linear_q4gsw_coopmat_t128x128k32g42s32f32c_texture3d_texture2d_half,2048,2048,2048,1.6264,10.563
780m,1b,4w,parent,sarc_linear_q4gsw_coopmat_t128x128k32g42s32f32c_texture3d_texture2d_half,2048,8192,2048,6.4051,10.729
780m,1b,4w,parent,sarc_linear_q4gsw_coopmat_t128x128k32g42s32f32c_texture3d_texture2d_half,2048,8192,2048,6.395,10.746
780m,1b,4w,parent,sarc_linear_q4gsw_coopmat_t128x128k32g42s32f32c_texture3d_texture2d_half,2048,2048,8192,6.508,10.559
780m,1b,4w,parent,sarc_linear_q4gsw_coopmat_t128x128k32g42s32f32c_texture3d_texture2d_half,2048,2048,2048,1.6362,10.5
780m,1b,4w,parent,sarc_linear_q4gsw_coopmat_t128x128k32g42s32f32c_texture3d_texture2d_half,2048,512,2048,0.4481,9.585
780m,1b,4w,parent,sarc_linear_q4gsw_coopmat_t128x128k32g42s32f32c_texture3d_texture2d_half,2048,512,2048,0.4523,9.496
780m,1b,4w,parent,sarc_linear_q4gsw_coopmat_t128x128k32g42s32f32c_texture3d_texture2d_half,2048,2048,2048,1.6246,10.575
780m,1b,4w,parent,sarc_linear_q4gsw_coopmat_t128x128k32g42s32f32c_texture3d_texture2d_half,2048,8192,2048,6.3873,10.759
780m,1b,4w,parent,sarc_linear_q4gsw_coopmat_t128x128k32g42s32f32c_texture3d_texture2d_half,2048,8192,2048,6.3839,10.764
780m,1b,4w,parent,sarc_linear_q4gsw_coopmat_t128x128k32g42s32f32c_texture3d_texture2d_half,2048,2048,8192,6.5197,10.54
780m,1b,4w,parent,sarc_linear_q4gsw_coopmat_t128x128k32g42s32f32c_texture3d_texture2d_half,2048,2048,2048,1.6308,10.534
780m,1b,4w,parent,sarc_linear_q4gsw_coopmat_t128x128k32g42s32f32c_texture3d_texture2d_half,2048,512,2048,0.4612,9.313
780m,1b,4w,parent,sarc_linear_q4gsw_coopmat_t128x128k32g42s32f32c_texture3d_texture2d_half,2048,512,2048,0.4454,9.644
780m,1b,4w,parent,sarc_linear_q4gsw_coopmat_t128x128k32g42s32f32c_texture3d_texture2d_half,2048,2048,2048,1.6224,10.589
780m,1b,4w,parent,sarc_linear_q4gsw_coopmat_t128x128k32g42s32f32c_texture3d_texture2d_half,2048,8192,2048,6.4033,10.732
780m,1b,4w,parent,sarc_linear_q4gsw_coopmat_t128x128k32g42s32f32c_texture3d_texture2d_half,2048,8192,2048,6.3755,10.779
780m,1b,4w,parent,sarc_linear_q4gsw_coopmat_t128x128k32g42s32f32c_texture3d_texture2d_half,2048,2048,8192,6.5175,10.544
780m,1b,4w,parent,sarc_linear_q4gsw_coopmat_t128x128k32g42s32f32c_texture3d_texture2d_half,2048,2048,2048,1.6276,10.555
780m,1b,4w,parent,sarc_linear_q4gsw_coopmat_t128x128k32g42s32f32c_texture3d_texture2d_half,2048,512,2048,0.452,9.502
780m,1b,4w,parent,sarc_linear_q4gsw_coopmat_t128x128k32g42s32f32c_texture3d_texture2d_half,2048,512,2048,0.4458,9.635
780m,1b,4w,parent,sarc_linear_q4gsw_coopmat_t128x128k32g42s32f32c_texture3d_texture2d_half,2048,2048,2048,1.6255,10.569
780m,1b,4w,parent,sarc_linear_q4gsw_coopmat_t128x128k32g42s32f32c_texture3d_texture2d_half,2048,8192,2048,6.4154,10.712
780m,1b,4w,parent,sarc_linear_q4gsw_coopmat_t128x128k32g42s32f32c_texture3d_texture2d_half,2048,8192,2048,6.3868,10.76
780m,1b,4w,parent,sarc_linear_q4gsw_coopmat_t128x128k32g42s32f32c_texture3d_texture2d_half,2048,2048,8192,6.5046,10.565
780m,1b,4w,parent,sarc_linear_q4gsw_coopmat_t128x128k32g42s32f32c_texture3d_texture2d_half,2048,2048,2048,1.6334,10.518
780m,1b,4w,parent,sarc_linear_q4gsw_coopmat_t128x128k32g42s32f32c_texture3d_texture2d_half,2048,512,2048,0.4539,9.462
780m,1b,4w,parent,sarc_linear_q4gsw_coopmat_t128x128k32g42s32f32c_texture3d_texture2d_half,2048,512,2048,0.4527,9.488
780m,1b,4w,parent,sarc_linear_q4gsw_coopmat_t128x128k32g42s32f32c_texture3d_texture2d_half,2048,2048,2048,1.6203,10.603
780m,1b,4w,parent,sarc_linear_q4gsw_coopmat_t128x128k32g42s32f32c_texture3d_texture2d_half,2048,8192,2048,6.406,10.727
780m,1b,4w,parent,sarc_linear_q4gsw_coopmat_t128x128k32g42s32f32c_texture3d_texture2d_half,2048,8192,2048,6.3742,10.781
780m,1b,4w,parent,sarc_linear_q4gsw_coopmat_t128x128k32g42s32f32c_texture3d_texture2d_half,2048,2048,8192,6.5708,10.458
780m,1b,4w,parent,sarc_linear_q4gsw_coopmat_t128x128k32g42s32f32c_texture3d_texture2d_half,2048,2048,2048,1.6401,10.475
780m,1b,4w,parent,sarc_linear_q4gsw_coopmat_t128x128k32g42s32f32c_texture3d_texture2d_half,2048,512,2048,0.4558,9.424
780m,1b,4w,parent,sarc_linear_q4gsw_coopmat_t128x128k32g42s32f32c_texture3d_texture2d_half,2048,512,2048,0.4504,9.536
780m,1b,4w,parent,sarc_linear_q4gsw_coopmat_t128x128k32g42s32f32c_texture3d_texture2d_half,2048,2048,2048,1.6242,10.577
780m,1b,4w,parent,sarc_linear_q4gsw_coopmat_t128x128k32g42s32f32c_texture3d_texture2d_half,2048,8192,2048,6.401,10.736
780m,1b,4w,parent,sarc_linear_q4gsw_coopmat_t128x128k32g42s32f32c_texture3d_texture2d_half,2048,8192,2048,6.4184,10.707
780m,1b,4w,parent,sarc_linear_q4gsw_coopmat_t128x128k32g42s32f32c_texture3d_texture2d_half,2048,2048,8192,6.5282,10.526
780m,1b,4w,parent,sarc_linear_q4gsw_coopmat_t128x128k32g42s32f32c_texture3d_texture2d_half,2048,2048,2048,1.6485,10.421
780m,1b,4w,parent,sarc_linear_q4gsw_coopmat_t128x128k32g42s32f32c_texture3d_texture2d_half,2048,512,2048,0.4554,9.432
780m,1b,4w,parent,sarc_linear_q4gsw_coopmat_t128x128k32g42s32f32c_texture3d_texture2d_half,2048,512,2048,0.4556,9.427
780m,1b,4w,parent,sarc_linear_q4gsw_coopmat_t128x128k32g42s32f32c_texture3d_texture2d_half,2048,2048,2048,1.6146,10.64
780m,1b,4w,parent,sarc_linear_q4gsw_coopmat_t128x128k32g42s32f32c_texture3d_texture2d_half,2048,8192,2048,6.3769,10.776
780m,1b,4w,parent,sarc_linear_q4gsw_coopmat_t128x128k32g42s32f32c_texture3d_texture2d_half,2048,8192,2048,6.3599,10.805
780m,1b,4w,parent,sarc_linear_q4gsw_coopmat_t128x128k32g42s32f32c_texture3d_texture2d_half,2048,2048,8192,6.5167,10.545
780m,1b,4w,parent,sarc_linear_q4gsw_coopmat_t128x128k32g42s32f32c_texture3d_texture2d_half,2048,2048,2048,1.6393,10.48
780m,1b,4w,parent,sarc_linear_q4gsw_coopmat_t128x128k32g42s32f32c_texture3d_texture2d_half,2048,512,2048,0.4514,9.514
780m,1b,4w,parent,sarc_linear_q4gsw_coopmat_t128x128k32g42s32f32c_texture3d_texture2d_half,2048,512,2048,0.453,9.482
780m,1b,4w,parent,sarc_linear_q4gsw_coopmat_t128x128k32g42s32f32c_texture3d_texture2d_half,2048,2048,2048,1.6178,10.62
780m,1b,4w,parent,sarc_linear_q4gsw_coopmat_t128x128k32g42s32f32c_texture3d_texture2d_half,2048,8192,2048,6.4118,10.718
780m,1b,4w,parent,sarc_linear_q4gsw_coopmat_t128x128k32g42s32f32c_texture3d_texture2d_half,2048,8192,2048,6.3838,10.765
780m,1b,4w,parent,sarc_linear_q4gsw_coopmat_t128x128k32g42s32f32c_texture3d_texture2d_half,2048,2048,8192,6.5158,10.547
780m,1b,4w,parent,sarc_linear_q4gsw_coopmat_t128x128k32g42s32f32c_texture3d_texture2d_half,2048,2048,2048,1.6416,10.465
780m,1b,4w,parent,sarc_linear_q4gsw_coopmat_t128x128k32g42s32f32c_texture3d_texture2d_half,2048,512,2048,0.4482,9.582
780m,1b,4w,parent,sarc_linear_q4gsw_coopmat_t128x128k32g42s32f32c_texture3d_texture2d_half,2048,512,2048,0.4488,9.571
780m,1b,4w,parent,sarc_linear_q4gsw_coopmat_t128x128k32g42s32f32c_texture3d_texture2d_half,2048,2048,2048,1.6184,10.615
780m,1b,4w,parent,sarc_linear_q4gsw_coopmat_t128x128k32g42s32f32c_texture3d_texture2d_half,2048,8192,2048,6.4057,10.728
780m,1b,4w,parent,sarc_linear_q4gsw_coopmat_t128x128k32g42s32f32c_texture3d_texture2d_half,2048,8192,2048,6.3882,10.757
780m,1b,4w,parent,sarc_linear_q4gsw_coopmat_t128x128k32g42s32f32c_texture3d_texture2d_half,2048,2048,8192,6.5171,10.544
780m,1b,4w,parent,sarc_linear_q4gsw_coopmat_t128x128k32g42s32f32c_texture3d_texture2d_half,2048,2048,2048,1.6341,10.513
780m,1b,4w,parent,sarc_linear_q4gsw_coopmat_t128x128k32g42s32f32c_texture3d_texture2d_half,2048,512,2048,0.4475,9.597
780m,1b,4w,parent,sarc_linear_q4gsw_coopmat_t128x128k32g42s32f32c_texture3d_texture2d_half,2048,512,2048,0.4545,9.45
780m,1b,4w,parent,sarc_linear_q4gsw_coopmat_t128x128k32g42s32f32c_texture3d_texture2d_half,2048,2048,2048,1.6272,10.558
780m,1b,4w,parent,sarc_linear_q4gsw_coopmat_t128x128k32g42s32f32c_texture3d_texture2d_half,2048,8192,2048,6.4119,10.718
780m,1b,4w,parent,sarc_linear_q4gsw_coopmat_t128x128k32g42s32f32c_texture3d_texture2d_half,2048,8192,2048,6.3774,10.776
780m,1b,4w,parent,sarc_linear_q4gsw_coopmat_t128x128k32g42s32f32c_texture3d_texture2d_half,2048,2048,8192,6.5456,10.499
780m,1b,4w,parent,sarc_linear_q4gsw_coopmat_t128x128k32g42s32f32c_texture3d_texture2d_half,2048,2048,2048,1.6408,10.47
780m,1b,4w,parent,sarc_linear_q4gsw_coopmat_t128x128k32g42s32f32c_texture3d_texture2d_half,2048,512,2048,0.4466,9.617
780m,1b,4w,parent,sarc_linear_q4gsw_coopmat_t128x128k32g42s32f32c_texture3d_texture2d_half,2048,512,2048,0.4482,9.582
780m,1b,4w,parent,sarc_linear_q4gsw_coopmat_t128x128k32g42s32f32c_texture3d_texture2d_half,2048,2048,2048,1.6252,10.571
780m,1b,4w,parent,sarc_linear_q4gsw_coopmat_t128x128k32g42s32f32c_texture3d_texture2d_half,2048,8192,2048,6.3767,10.777
780m,1b,4w,parent,sarc_linear_q4gsw_coopmat_t128x128k32g42s32f32c_texture3d_texture2d_half,2048,8192,2048,6.3508,10.821
780m,1b,4w,parent,sarc_linear_q4gsw_coopmat_t128x128k32g42s32f32c_texture3d_texture2d_half,2048,2048,8192,6.5166,10.545
780m,1b,8da4w,cand,sarc_dev_780m_x_linear_dq8ca_coopmat_zpg_t256x64k64g48s32afmb1_texture3d_texture2d_half,2048,2048,2048,1.4787,11.618
780m,1b,8da4w,cand,sarc_dev_linear_dq8ca_coopmat_zpg_bt_t128x64k32g22s32_texture3d_texture2d_half,2048,512,2048,0.4062,10.572
780m,1b,8da4w,cand,sarc_dev_linear_dq8ca_coopmat_zpg_bt_t128x64k32g22s32_texture3d_texture2d_half,2048,512,2048,0.4052,10.601
780m,1b,8da4w,cand,sarc_dev_780m_x_linear_dq8ca_coopmat_zpg_t256x64k64g48s32afmb1_texture3d_texture2d_half,2048,2048,2048,1.4697,11.689
780m,1b,8da4w,cand,sarc_dev_780m_x_linear_dq8ca_coopmat_zpg_t256x64k64g48s32afmb1_texture3d_texture2d_half,2048,8192,2048,5.7102,12.034
780m,1b,8da4w,cand,sarc_dev_780m_x_linear_dq8ca_coopmat_zpg_t256x64k64g48s32afmb1_texture3d_texture2d_half,2048,8192,2048,5.7391,11.974
780m,1b,8da4w,cand,sarc_dev_linear_dq8ca_coopmat_zpg_bt_t128x64k32g22s32_texture3d_texture2d_half,2048,2048,8192,6.0442,11.37
780m,1b,8da4w,cand,sarc_dev_780m_x_linear_dq8ca_coopmat_zpg_t256x64k64g48s32afmb1_texture3d_texture2d_half,2048,2048,2048,1.4708,11.68
780m,1b,8da4w,cand,sarc_dev_linear_dq8ca_coopmat_zpg_bt_t128x64k32g22s32_texture3d_texture2d_half,2048,512,2048,0.4063,10.571
780m,1b,8da4w,cand,sarc_dev_linear_dq8ca_coopmat_zpg_bt_t128x64k32g22s32_texture3d_texture2d_half,2048,512,2048,0.4059,10.582
780m,1b,8da4w,cand,sarc_dev_780m_x_linear_dq8ca_coopmat_zpg_t256x64k64g48s32afmb1_texture3d_texture2d_half,2048,2048,2048,1.4757,11.642
780m,1b,8da4w,cand,sarc_dev_780m_x_linear_dq8ca_coopmat_zpg_t256x64k64g48s32afmb1_texture3d_texture2d_half,2048,8192,2048,5.767,11.916
780m,1b,8da4w,cand,sarc_dev_780m_x_linear_dq8ca_coopmat_zpg_t256x64k64g48s32afmb1_texture3d_texture2d_half,2048,8192,2048,5.8132,11.821
780m,1b,8da4w,cand,sarc_dev_linear_dq8ca_coopmat_zpg_bt_t128x64k32g22s32_texture3d_texture2d_half,2048,2048,8192,6.1219,11.225
780m,1b,8da4w,cand,sarc_dev_780m_x_linear_dq8ca_coopmat_zpg_t256x64k64g48s32afmb1_texture3d_texture2d_half,2048,2048,2048,1.4893,11.536
780m,1b,8da4w,cand,sarc_dev_linear_dq8ca_coopmat_zpg_bt_t128x64k32g22s32_texture3d_texture2d_half,2048,512,2048,0.4085,10.513
780m,1b,8da4w,cand,sarc_dev_linear_dq8ca_coopmat_zpg_bt_t128x64k32g22s32_texture3d_texture2d_half,2048,512,2048,0.4071,10.551
780m,1b,8da4w,cand,sarc_dev_780m_x_linear_dq8ca_coopmat_zpg_t256x64k64g48s32afmb1_texture3d_texture2d_half,2048,2048,2048,1.4733,11.661
780m,1b,8da4w,cand,sarc_dev_780m_x_linear_dq8ca_coopmat_zpg_t256x64k64g48s32afmb1_texture3d_texture2d_half,2048,8192,2048,5.7774,11.895
780m,1b,8da4w,cand,sarc_dev_780m_x_linear_dq8ca_coopmat_zpg_t256x64k64g48s32afmb1_texture3d_texture2d_half,2048,8192,2048,5.7899,11.869
780m,1b,8da4w,cand,sarc_dev_linear_dq8ca_coopmat_zpg_bt_t128x64k32g22s32_texture3d_texture2d_half,2048,2048,8192,6.056,11.347
780m,1b,8da4w,cand,sarc_dev_780m_x_linear_dq8ca_coopmat_zpg_t256x64k64g48s32afmb1_texture3d_texture2d_half,2048,2048,2048,1.4692,11.693
780m,1b,8da4w,cand,sarc_dev_linear_dq8ca_coopmat_zpg_bt_t128x64k32g22s32_texture3d_texture2d_half,2048,512,2048,0.4074,10.543
780m,1b,8da4w,cand,sarc_dev_linear_dq8ca_coopmat_zpg_bt_t128x64k32g22s32_texture3d_texture2d_half,2048,512,2048,0.4058,10.583
780m,1b,8da4w,cand,sarc_dev_780m_x_linear_dq8ca_coopmat_zpg_t256x64k64g48s32afmb1_texture3d_texture2d_half,2048,2048,2048,1.4743,11.653
780m,1b,8da4w,cand,sarc_dev_780m_x_linear_dq8ca_coopmat_zpg_t256x64k64g48s32afmb1_texture3d_texture2d_half,2048,8192,2048,5.7591,11.932
780m,1b,8da4w,cand,sarc_dev_780m_x_linear_dq8ca_coopmat_zpg_t256x64k64g48s32afmb1_texture3d_texture2d_half,2048,8192,2048,5.8183,11.811
780m,1b,8da4w,cand,sarc_dev_linear_dq8ca_coopmat_zpg_bt_t128x64k32g22s32_texture3d_texture2d_half,2048,2048,8192,6.1175,11.233
780m,1b,8da4w,cand,sarc_dev_780m_x_linear_dq8ca_coopmat_zpg_t256x64k64g48s32afmb1_texture3d_texture2d_half,2048,2048,2048,1.4922,11.513
780m,1b,8da4w,cand,sarc_dev_linear_dq8ca_coopmat_zpg_bt_t128x64k32g22s32_texture3d_texture2d_half,2048,512,2048,0.4111,10.447
780m,1b,8da4w,cand,sarc_dev_linear_dq8ca_coopmat_zpg_bt_t128x64k32g22s32_texture3d_texture2d_half,2048,512,2048,0.4098,10.48
780m,1b,8da4w,cand,sarc_dev_780m_x_linear_dq8ca_coopmat_zpg_t256x64k64g48s32afmb1_texture3d_texture2d_half,2048,2048,2048,1.4805,11.604
780m,1b,8da4w,cand,sarc_dev_780m_x_linear_dq8ca_coopmat_zpg_t256x64k64g48s32afmb1_texture3d_texture2d_half,2048,8192,2048,5.7711,11.907
780m,1b,8da4w,cand,sarc_dev_780m_x_linear_dq8ca_coopmat_zpg_t256x64k64g48s32afmb1_texture3d_texture2d_half,2048,8192,2048,5.8105,11.827
780m,1b,8da4w,cand,sarc_dev_linear_dq8ca_coopmat_zpg_bt_t128x64k32g22s32_texture3d_texture2d_half,2048,2048,8192,6.0943,11.276
780m,1b,8da4w,cand,sarc_dev_780m_x_linear_dq8ca_coopmat_zpg_t256x64k64g48s32afmb1_texture3d_texture2d_half,2048,2048,2048,1.4813,11.598
780m,1b,8da4w,cand,sarc_dev_linear_dq8ca_coopmat_zpg_bt_t128x64k32g22s32_texture3d_texture2d_half,2048,512,2048,0.4101,10.473
780m,1b,8da4w,cand,sarc_dev_linear_dq8ca_coopmat_zpg_bt_t128x64k32g22s32_texture3d_texture2d_half,2048,512,2048,0.4105,10.462
780m,1b,8da4w,cand,sarc_dev_780m_x_linear_dq8ca_coopmat_zpg_t256x64k64g48s32afmb1_texture3d_texture2d_half,2048,2048,2048,1.4842,11.575
780m,1b,8da4w,cand,sarc_dev_780m_x_linear_dq8ca_coopmat_zpg_t256x64k64g48s32afmb1_texture3d_texture2d_half,2048,8192,2048,5.788,11.873
780m,1b,8da4w,cand,sarc_dev_780m_x_linear_dq8ca_coopmat_zpg_t256x64k64g48s32afmb1_texture3d_texture2d_half,2048,8192,2048,5.8054,11.837
780m,1b,8da4w,cand,sarc_dev_linear_dq8ca_coopmat_zpg_bt_t128x64k32g22s32_texture3d_texture2d_half,2048,2048,8192,6.0947,11.275
780m,1b,8da4w,cand,sarc_dev_780m_x_linear_dq8ca_coopmat_zpg_t256x64k64g48s32afmb1_texture3d_texture2d_half,2048,2048,2048,1.4811,11.599
780m,1b,8da4w,cand,sarc_dev_linear_dq8ca_coopmat_zpg_bt_t128x64k32g22s32_texture3d_texture2d_half,2048,512,2048,0.4073,10.545
780m,1b,8da4w,cand,sarc_dev_linear_dq8ca_coopmat_zpg_bt_t128x64k32g22s32_texture3d_texture2d_half,2048,512,2048,0.4072,10.548
780m,1b,8da4w,cand,sarc_dev_780m_x_linear_dq8ca_coopmat_zpg_t256x64k64g48s32afmb1_texture3d_texture2d_half,2048,2048,2048,1.4704,11.684
780m,1b,8da4w,cand,sarc_dev_780m_x_linear_dq8ca_coopmat_zpg_t256x64k64g48s32afmb1_texture3d_texture2d_half,2048,8192,2048,5.7875,11.874
780m,1b,8da4w,cand,sarc_dev_780m_x_linear_dq8ca_coopmat_zpg_t256x64k64g48s32afmb1_texture3d_texture2d_half,2048,8192,2048,5.8037,11.841
780m,1b,8da4w,cand,sarc_dev_linear_dq8ca_coopmat_zpg_bt_t128x64k32g22s32_texture3d_texture2d_half,2048,2048,8192,6.0982,11.269
780m,1b,8da4w,cand,sarc_dev_780m_x_linear_dq8ca_coopmat_zpg_t256x64k64g48s32afmb1_texture3d_texture2d_half,2048,2048,2048,1.4819,11.593
780m,1b,8da4w,cand,sarc_dev_linear_dq8ca_coopmat_zpg_bt_t128x64k32g22s32_texture3d_texture2d_half,2048,512,2048,0.4082,10.522
780m,1b,8da4w,cand,sarc_dev_linear_dq8ca_coopmat_zpg_bt_t128x64k32g22s32_texture3d_texture2d_half,2048,512,2048,0.409,10.502
780m,1b,8da4w,cand,sarc_dev_780m_x_linear_dq8ca_coopmat_zpg_t256x64k64g48s32afmb1_texture3d_texture2d_half,2048,2048,2048,1.4778,11.625
780m,1b,8da4w,cand,sarc_dev_780m_x_linear_dq8ca_coopmat_zpg_t256x64k64g48s32afmb1_texture3d_texture2d_half,2048,8192,2048,5.7805,11.888
780m,1b,8da4w,cand,sarc_dev_780m_x_linear_dq8ca_coopmat_zpg_t256x64k64g48s32afmb1_texture3d_texture2d_half,2048,8192,2048,5.8177,11.812
780m,1b,8da4w,cand,sarc_dev_linear_dq8ca_coopmat_zpg_bt_t128x64k32g22s32_texture3d_texture2d_half,2048,2048,8192,6.1117,11.244
780m,1b,8da4w,cand,sarc_dev_780m_x_linear_dq8ca_coopmat_zpg_t256x64k64g48s32afmb1_texture3d_texture2d_half,2048,2048,2048,1.4793,11.613
780m,1b,8da4w,cand,sarc_dev_linear_dq8ca_coopmat_zpg_bt_t128x64k32g22s32_texture3d_texture2d_half,2048,512,2048,0.4081,10.525
780m,1b,8da4w,cand,sarc_dev_linear_dq8ca_coopmat_zpg_bt_t128x64k32g22s32_texture3d_texture2d_half,2048,512,2048,0.4088,10.505
780m,1b,8da4w,cand,sarc_dev_780m_x_linear_dq8ca_coopmat_zpg_t256x64k64g48s32afmb1_texture3d_texture2d_half,2048,2048,2048,1.4799,11.609
780m,1b,8da4w,cand,sarc_dev_780m_x_linear_dq8ca_coopmat_zpg_t256x64k64g48s32afmb1_texture3d_texture2d_half,2048,8192,2048,5.7803,11.889
780m,1b,8da4w,cand,sarc_dev_780m_x_linear_dq8ca_coopmat_zpg_t256x64k64g48s32afmb1_texture3d_texture2d_half,2048,8192,2048,5.818,11.812
780m,1b,8da4w,cand,sarc_dev_linear_dq8ca_coopmat_zpg_bt_t128x64k32g22s32_texture3d_texture2d_half,2048,2048,8192,6.1093,11.248
780m,1b,8da4w,cand,sarc_dev_780m_x_linear_dq8ca_coopmat_zpg_t256x64k64g48s32afmb1_texture3d_texture2d_half,2048,2048,2048,1.4814,11.597
780m,1b,8da4w,cand,sarc_dev_linear_dq8ca_coopmat_zpg_bt_t128x64k32g22s32_texture3d_texture2d_half,2048,512,2048,0.411,10.45
780m,1b,8da4w,cand,sarc_dev_linear_dq8ca_coopmat_zpg_bt_t128x64k32g22s32_texture3d_texture2d_half,2048,512,2048,0.4083,10.52
780m,1b,8da4w,cand,sarc_dev_780m_x_linear_dq8ca_coopmat_zpg_t256x64k64g48s32afmb1_texture3d_texture2d_half,2048,2048,2048,1.4735,11.659
780m,1b,8da4w,cand,sarc_dev_780m_x_linear_dq8ca_coopmat_zpg_t256x64k64g48s32afmb1_texture3d_texture2d_half,2048,8192,2048,5.7812,11.887
780m,1b,8da4w,cand,sarc_dev_780m_x_linear_dq8ca_coopmat_zpg_t256x64k64g48s32afmb1_texture3d_texture2d_half,2048,8192,2048,5.8265,11.794
780m,1b,8da4w,cand,sarc_dev_linear_dq8ca_coopmat_zpg_bt_t128x64k32g22s32_texture3d_texture2d_half,2048,2048,8192,6.084,11.295
780m,1b,8da4w,cand,sarc_dev_780m_x_linear_dq8ca_coopmat_zpg_t256x64k64g48s32afmb1_texture3d_texture2d_half,2048,2048,2048,1.4677,11.705
780m,1b,8da4w,cand,sarc_dev_linear_dq8ca_coopmat_zpg_bt_t128x64k32g22s32_texture3d_texture2d_half,2048,512,2048,0.4059,10.582
780m,1b,8da4w,cand,sarc_dev_linear_dq8ca_coopmat_zpg_bt_t128x64k32g22s32_texture3d_texture2d_half,2048,512,2048,0.4036,10.641
780m,1b,8da4w,cand,sarc_dev_780m_x_linear_dq8ca_coopmat_zpg_t256x64k64g48s32afmb1_texture3d_texture2d_half,2048,2048,2048,1.4708,11.681
780m,1b,8da4w,cand,sarc_dev_780m_x_linear_dq8ca_coopmat_zpg_t256x64k64g48s32afmb1_texture3d_texture2d_half,2048,8192,2048,5.7666,11.917
780m,1b,8da4w,cand,sarc_dev_780m_x_linear_dq8ca_coopmat_zpg_t256x64k64g48s32afmb1_texture3d_texture2d_half,2048,8192,2048,5.8208,11.806
780m,1b,8da4w,cand,sarc_dev_linear_dq8ca_coopmat_zpg_bt_t128x64k32g22s32_texture3d_texture2d_half,2048,2048,8192,6.098,11.269
780m,1b,8da4w,cand,sarc_dev_780m_x_linear_dq8ca_coopmat_zpg_t256x64k64g48s32afmb1_texture3d_texture2d_half,2048,2048,2048,1.473,11.663
780m,1b,8da4w,cand,sarc_dev_linear_dq8ca_coopmat_zpg_bt_t128x64k32g22s32_texture3d_texture2d_half,2048,512,2048,0.4082,10.522
780m,1b,8da4w,cand,sarc_dev_linear_dq8ca_coopmat_zpg_bt_t128x64k32g22s32_texture3d_texture2d_half,2048,512,2048,0.4071,10.551
780m,1b,8da4w,cand,sarc_dev_780m_x_linear_dq8ca_coopmat_zpg_t256x64k64g48s32afmb1_texture3d_texture2d_half,2048,2048,2048,1.4741,11.654
780m,1b,8da4w,cand,sarc_dev_780m_x_linear_dq8ca_coopmat_zpg_t256x64k64g48s32afmb1_texture3d_texture2d_half,2048,8192,2048,5.7877,11.873
780m,1b,8da4w,cand,sarc_dev_780m_x_linear_dq8ca_coopmat_zpg_t256x64k64g48s32afmb1_texture3d_texture2d_half,2048,8192,2048,5.8286,11.79
780m,1b,8da4w,cand,sarc_dev_linear_dq8ca_coopmat_zpg_bt_t128x64k32g22s32_texture3d_texture2d_half,2048,2048,8192,6.1206,11.227
780m,1b,8da4w,cand,sarc_dev_780m_x_linear_dq8ca_coopmat_zpg_t256x64k64g48s32afmb1_texture3d_texture2d_half,2048,2048,2048,1.4845,11.573
780m,1b,8da4w,cand,sarc_dev_linear_dq8ca_coopmat_zpg_bt_t128x64k32g22s32_texture3d_texture2d_half,2048,512,2048,0.412,10.424
780m,1b,8da4w,cand,sarc_dev_linear_dq8ca_coopmat_zpg_bt_t128x64k32g22s32_texture3d_texture2d_half,2048,512,2048,0.4114,10.441
780m,1b,8da4w,cand,sarc_dev_780m_x_linear_dq8ca_coopmat_zpg_t256x64k64g48s32afmb1_texture3d_texture2d_half,2048,2048,2048,1.4751,11.646
780m,1b,8da4w,cand,sarc_dev_780m_x_linear_dq8ca_coopmat_zpg_t256x64k64g48s32afmb1_texture3d_texture2d_half,2048,8192,2048,5.7784,11.893
780m,1b,8da4w,cand,sarc_dev_780m_x_linear_dq8ca_coopmat_zpg_t256x64k64g48s32afmb1_texture3d_texture2d_half,2048,8192,2048,5.8152,11.817
780m,1b,8da4w,cand,sarc_dev_linear_dq8ca_coopmat_zpg_bt_t128x64k32g22s32_texture3d_texture2d_half,2048,2048,8192,6.0884,11.287
780m,1b,8da4w,cand,sarc_dev_780m_x_linear_dq8ca_coopmat_zpg_t256x64k64g48s32afmb1_texture3d_texture2d_half,2048,2048,2048,1.4841,11.576
780m,1b,8da4w,cand,sarc_dev_linear_dq8ca_coopmat_zpg_bt_t128x64k32g22s32_texture3d_texture2d_half,2048,512,2048,0.411,10.45
780m,1b,8da4w,cand,sarc_dev_linear_dq8ca_coopmat_zpg_bt_t128x64k32g22s32_texture3d_texture2d_half,2048,512,2048,0.4093,10.493
780m,1b,8da4w,cand,sarc_dev_780m_x_linear_dq8ca_coopmat_zpg_t256x64k64g48s32afmb1_texture3d_texture2d_half,2048,2048,2048,1.4796,11.611
780m,1b,8da4w,cand,sarc_dev_780m_x_linear_dq8ca_coopmat_zpg_t256x64k64g48s32afmb1_texture3d_texture2d_half,2048,8192,2048,5.7765,11.896
780m,1b,8da4w,cand,sarc_dev_780m_x_linear_dq8ca_coopmat_zpg_t256x64k64g48s32afmb1_texture3d_texture2d_half,2048,8192,2048,5.8108,11.826
780m,1b,8da4w,cand,sarc_dev_linear_dq8ca_coopmat_zpg_bt_t128x64k32g22s32_texture3d_texture2d_half,2048,2048,8192,6.0586,11.343
780m,1b,8da4w,cand,sarc_dev_780m_x_linear_dq8ca_coopmat_zpg_t256x64k64g48s32afmb1_texture3d_texture2d_half,2048,2048,2048,1.4663,11.717
780m,1b,8da4w,cand,sarc_dev_linear_dq8ca_coopmat_zpg_bt_t128x64k32g22s32_texture3d_texture2d_half,2048,512,2048,0.4074,10.542
780m,1b,8da4w,cand,sarc_dev_linear_dq8ca_coopmat_zpg_bt_t128x64k32g22s32_texture3d_texture2d_half,2048,512,2048,0.4068,10.557
780m,1b,8da4w,cand,sarc_dev_780m_x_linear_dq8ca_coopmat_zpg_t256x64k64g48s32afmb1_texture3d_texture2d_half,2048,2048,2048,1.4706,11.682
780m,1b,8da4w,cand,sarc_dev_780m_x_linear_dq8ca_coopmat_zpg_t256x64k64g48s32afmb1_texture3d_texture2d_half,2048,8192,2048,5.7821,11.885
780m,1b,8da4w,cand,sarc_dev_780m_x_linear_dq8ca_coopmat_zpg_t256x64k64g48s32afmb1_texture3d_texture2d_half,2048,8192,2048,5.852,11.743
780m,1b,8da4w,cand,sarc_dev_linear_dq8ca_coopmat_zpg_bt_t128x64k32g22s32_texture3d_texture2d_half,2048,2048,8192,6.1354,11.2
780m,1b,8da4w,cand,sarc_dev_780m_x_linear_dq8ca_coopmat_zpg_t256x64k64g48s32afmb1_texture3d_texture2d_half,2048,2048,2048,1.4817,11.595
780m,1b,8da4w,cand,sarc_dev_linear_dq8ca_coopmat_zpg_bt_t128x64k32g22s32_texture3d_texture2d_half,2048,512,2048,0.4097,10.483
780m,1b,8da4w,cand,sarc_dev_linear_dq8ca_coopmat_zpg_bt_t128x64k32g22s32_texture3d_texture2d_half,2048,512,2048,0.4081,10.524
780m,1b,8da4w,cand,sarc_dev_780m_x_linear_dq8ca_coopmat_zpg_t256x64k64g48s32afmb1_texture3d_texture2d_half,2048,2048,2048,1.4792,11.614
780m,1b,8da4w,cand,sarc_dev_780m_x_linear_dq8ca_coopmat_zpg_t256x64k64g48s32afmb1_texture3d_texture2d_half,2048,8192,2048,5.7867,11.875
780m,1b,8da4w,cand,sarc_dev_780m_x_linear_dq8ca_coopmat_zpg_t256x64k64g48s32afmb1_texture3d_texture2d_half,2048,8192,2048,5.8255,11.796
780m,1b,8da4w,cand,sarc_dev_linear_dq8ca_coopmat_zpg_bt_t128x64k32g22s32_texture3d_texture2d_half,2048,2048,8192,6.1002,11.265
780m,1b,8da4w,parent,sarc_linear_dq8ca_coopmat_zpg_t128x64k32g42s32_texture3d_texture2d_half,2048,2048,2048,1.7593,9.765
780m,1b,8da4w,parent,sarc_linear_dq8ca_coopmat_zpg_t128x64k32g42s32_texture3d_texture2d_half,2048,512,2048,0.4558,9.422
780m,1b,8da4w,parent,sarc_linear_dq8ca_coopmat_zpg_t128x64k32g42s32_texture3d_texture2d_half,2048,512,2048,0.4556,9.427
780m,1b,8da4w,parent,sarc_linear_dq8ca_coopmat_zpg_t128x64k32g42s32_texture3d_texture2d_half,2048,2048,2048,1.7509,9.812
780m,1b,8da4w,parent,sarc_linear_dq8ca_coopmat_zpg_t128x64k32g42s32_texture3d_texture2d_half,2048,8192,2048,6.8705,10.002
780m,1b,8da4w,parent,sarc_linear_dq8ca_coopmat_zpg_t128x64k32g42s32_texture3d_texture2d_half,2048,8192,2048,6.8784,9.991
780m,1b,8da4w,parent,sarc_linear_dq8ca_coopmat_zpg_t128x64k32g42s32_texture3d_texture2d_half,2048,2048,8192,6.871,10.001
780m,1b,8da4w,parent,sarc_linear_dq8ca_coopmat_zpg_t128x64k32g42s32_texture3d_texture2d_half,2048,2048,2048,1.7526,9.803
780m,1b,8da4w,parent,sarc_linear_dq8ca_coopmat_zpg_t128x64k32g42s32_texture3d_texture2d_half,2048,512,2048,0.4557,9.425
780m,1b,8da4w,parent,sarc_linear_dq8ca_coopmat_zpg_t128x64k32g42s32_texture3d_texture2d_half,2048,512,2048,0.4563,9.412
780m,1b,8da4w,parent,sarc_linear_dq8ca_coopmat_zpg_t128x64k32g42s32_texture3d_texture2d_half,2048,2048,2048,1.7574,9.776
780m,1b,8da4w,parent,sarc_linear_dq8ca_coopmat_zpg_t128x64k32g42s32_texture3d_texture2d_half,2048,8192,2048,6.8997,9.96
780m,1b,8da4w,parent,sarc_linear_dq8ca_coopmat_zpg_t128x64k32g42s32_texture3d_texture2d_half,2048,8192,2048,6.8803,9.988
780m,1b,8da4w,parent,sarc_linear_dq8ca_coopmat_zpg_t128x64k32g42s32_texture3d_texture2d_half,2048,2048,8192,6.8726,9.999
780m,1b,8da4w,parent,sarc_linear_dq8ca_coopmat_zpg_t128x64k32g42s32_texture3d_texture2d_half,2048,2048,2048,1.7456,9.842
780m,1b,8da4w,parent,sarc_linear_dq8ca_coopmat_zpg_t128x64k32g42s32_texture3d_texture2d_half,2048,512,2048,0.4553,9.434
780m,1b,8da4w,parent,sarc_linear_dq8ca_coopmat_zpg_t128x64k32g42s32_texture3d_texture2d_half,2048,512,2048,0.4543,9.454
780m,1b,8da4w,parent,sarc_linear_dq8ca_coopmat_zpg_t128x64k32g42s32_texture3d_texture2d_half,2048,2048,2048,1.7464,9.837
780m,1b,8da4w,parent,sarc_linear_dq8ca_coopmat_zpg_t128x64k32g42s32_texture3d_texture2d_half,2048,8192,2048,6.8705,10.002
780m,1b,8da4w,parent,sarc_linear_dq8ca_coopmat_zpg_t128x64k32g42s32_texture3d_texture2d_half,2048,8192,2048,6.8766,9.993
780m,1b,8da4w,parent,sarc_linear_dq8ca_coopmat_zpg_t128x64k32g42s32_texture3d_texture2d_half,2048,2048,8192,6.8565,10.023
780m,1b,8da4w,parent,sarc_linear_dq8ca_coopmat_zpg_t128x64k32g42s32_texture3d_texture2d_half,2048,2048,2048,1.7513,9.81
780m,1b,8da4w,parent,sarc_linear_dq8ca_coopmat_zpg_t128x64k32g42s32_texture3d_texture2d_half,2048,512,2048,0.4566,9.406
780m,1b,8da4w,parent,sarc_linear_dq8ca_coopmat_zpg_t128x64k32g42s32_texture3d_texture2d_half,2048,512,2048,0.4556,9.427
780m,1b,8da4w,parent,sarc_linear_dq8ca_coopmat_zpg_t128x64k32g42s32_texture3d_texture2d_half,2048,2048,2048,1.7512,9.811
780m,1b,8da4w,parent,sarc_linear_dq8ca_coopmat_zpg_t128x64k32g42s32_texture3d_texture2d_half,2048,8192,2048,6.8834,9.983
780m,1b,8da4w,parent,sarc_linear_dq8ca_coopmat_zpg_t128x64k32g42s32_texture3d_texture2d_half,2048,8192,2048,6.8959,9.965
780m,1b,8da4w,parent,sarc_linear_dq8ca_coopmat_zpg_t128x64k32g42s32_texture3d_texture2d_half,2048,2048,8192,6.869,10.004
780m,1b,8da4w,parent,sarc_linear_dq8ca_coopmat_zpg_t128x64k32g42s32_texture3d_texture2d_half,2048,2048,2048,1.7441,9.85
780m,1b,8da4w,parent,sarc_linear_dq8ca_coopmat_zpg_t128x64k32g42s32_texture3d_texture2d_half,2048,512,2048,0.4548,9.444
780m,1b,8da4w,parent,sarc_linear_dq8ca_coopmat_zpg_t128x64k32g42s32_texture3d_texture2d_half,2048,512,2048,0.4499,9.547
780m,1b,8da4w,parent,sarc_linear_dq8ca_coopmat_zpg_t128x64k32g42s32_texture3d_texture2d_half,2048,2048,2048,1.7508,9.812
780m,1b,8da4w,parent,sarc_linear_dq8ca_coopmat_zpg_t128x64k32g42s32_texture3d_texture2d_half,2048,8192,2048,6.8771,9.993
780m,1b,8da4w,parent,sarc_linear_dq8ca_coopmat_zpg_t128x64k32g42s32_texture3d_texture2d_half,2048,8192,2048,6.8858,9.98
780m,1b,8da4w,parent,sarc_linear_dq8ca_coopmat_zpg_t128x64k32g42s32_texture3d_texture2d_half,2048,2048,8192,6.8576,10.021
780m,1b,8da4w,parent,sarc_linear_dq8ca_coopmat_zpg_t128x64k32g42s32_texture3d_texture2d_half,2048,2048,2048,1.7464,9.837
780m,1b,8da4w,parent,sarc_linear_dq8ca_coopmat_zpg_t128x64k32g42s32_texture3d_texture2d_half,2048,512,2048,0.4564,9.41
780m,1b,8da4w,parent,sarc_linear_dq8ca_coopmat_zpg_t128x64k32g42s32_texture3d_texture2d_half,2048,512,2048,0.455,9.44
780m,1b,8da4w,parent,sarc_linear_dq8ca_coopmat_zpg_t128x64k32g42s32_texture3d_texture2d_half,2048,2048,2048,1.7529,9.801
780m,1b,8da4w,parent,sarc_linear_dq8ca_coopmat_zpg_t128x64k32g42s32_texture3d_texture2d_half,2048,8192,2048,6.8789,9.99
780m,1b,8da4w,parent,sarc_linear_dq8ca_coopmat_zpg_t128x64k32g42s32_texture3d_texture2d_half,2048,8192,2048,6.8824,9.985
780m,1b,8da4w,parent,sarc_linear_dq8ca_coopmat_zpg_t128x64k32g42s32_texture3d_texture2d_half,2048,2048,8192,6.8811,9.987
780m,1b,8da4w,parent,sarc_linear_dq8ca_coopmat_zpg_t128x64k32g42s32_texture3d_texture2d_half,2048,2048,2048,1.7482,9.827
780m,1b,8da4w,parent,sarc_linear_dq8ca_coopmat_zpg_t128x64k32g42s32_texture3d_texture2d_half,2048,512,2048,0.4546,9.448
780m,1b,8da4w,parent,sarc_linear_dq8ca_coopmat_zpg_t128x64k32g42s32_texture3d_texture2d_half,2048,512,2048,0.4548,9.443
780m,1b,8da4w,parent,sarc_linear_dq8ca_coopmat_zpg_t128x64k32g42s32_texture3d_texture2d_half,2048,2048,2048,1.7488,9.824
780m,1b,8da4w,parent,sarc_linear_dq8ca_coopmat_zpg_t128x64k32g42s32_texture3d_texture2d_half,2048,8192,2048,6.8731,9.998
780m,1b,8da4w,parent,sarc_linear_dq8ca_coopmat_zpg_t128x64k32g42s32_texture3d_texture2d_half,2048,8192,2048,6.8812,9.986
780m,1b,8da4w,parent,sarc_linear_dq8ca_coopmat_zpg_t128x64k32g42s32_texture3d_texture2d_half,2048,2048,8192,6.8674,10.007
780m,1b,8da4w,parent,sarc_linear_dq8ca_coopmat_zpg_t128x64k32g42s32_texture3d_texture2d_half,2048,2048,2048,1.7505,9.814
780m,1b,8da4w,parent,sarc_linear_dq8ca_coopmat_zpg_t128x64k32g42s32_texture3d_texture2d_half,2048,512,2048,0.4546,9.447
780m,1b,8da4w,parent,sarc_linear_dq8ca_coopmat_zpg_t128x64k32g42s32_texture3d_texture2d_half,2048,512,2048,0.4551,9.438
780m,1b,8da4w,parent,sarc_linear_dq8ca_coopmat_zpg_t128x64k32g42s32_texture3d_texture2d_half,2048,2048,2048,1.7526,9.802
780m,1b,8da4w,parent,sarc_linear_dq8ca_coopmat_zpg_t128x64k32g42s32_texture3d_texture2d_half,2048,8192,2048,6.8823,9.985
780m,1b,8da4w,parent,sarc_linear_dq8ca_coopmat_zpg_t128x64k32g42s32_texture3d_texture2d_half,2048,8192,2048,6.8824,9.985
780m,1b,8da4w,parent,sarc_linear_dq8ca_coopmat_zpg_t128x64k32g42s32_texture3d_texture2d_half,2048,2048,8192,6.8694,10.004
780m,1b,8da4w,parent,sarc_linear_dq8ca_coopmat_zpg_t128x64k32g42s32_texture3d_texture2d_half,2048,2048,2048,1.7511,9.811
780m,1b,8da4w,parent,sarc_linear_dq8ca_coopmat_zpg_t128x64k32g42s32_texture3d_texture2d_half,2048,512,2048,0.4586,9.365
780m,1b,8da4w,parent,sarc_linear_dq8ca_coopmat_zpg_t128x64k32g42s32_texture3d_texture2d_half,2048,512,2048,0.4573,9.392
780m,1b,8da4w,parent,sarc_linear_dq8ca_coopmat_zpg_t128x64k32g42s32_texture3d_texture2d_half,2048,2048,2048,1.75,9.817
780m,1b,8da4w,parent,sarc_linear_dq8ca_coopmat_zpg_t128x64k32g42s32_texture3d_texture2d_half,2048,8192,2048,6.8783,9.991
780m,1b,8da4w,parent,sarc_linear_dq8ca_coopmat_zpg_t128x64k32g42s32_texture3d_texture2d_half,2048,8192,2048,6.8805,9.988
780m,1b,8da4w,parent,sarc_linear_dq8ca_coopmat_zpg_t128x64k32g42s32_texture3d_texture2d_half,2048,2048,8192,6.879,9.99
780m,1b,8da4w,parent,sarc_linear_dq8ca_coopmat_zpg_t128x64k32g42s32_texture3d_texture2d_half,2048,2048,2048,1.7476,9.83
780m,1b,8da4w,parent,sarc_linear_dq8ca_coopmat_zpg_t128x64k32g42s32_texture3d_texture2d_half,2048,512,2048,0.4557,9.425
780m,1b,8da4w,parent,sarc_linear_dq8ca_coopmat_zpg_t128x64k32g42s32_texture3d_texture2d_half,2048,512,2048,0.4562,9.415
780m,1b,8da4w,parent,sarc_linear_dq8ca_coopmat_zpg_t128x64k32g42s32_texture3d_texture2d_half,2048,2048,2048,1.7513,9.81
780m,1b,8da4w,parent,sarc_linear_dq8ca_coopmat_zpg_t128x64k32g42s32_texture3d_texture2d_half,2048,8192,2048,6.8792,9.99
780m,1b,8da4w,parent,sarc_linear_dq8ca_coopmat_zpg_t128x64k32g42s32_texture3d_texture2d_half,2048,8192,2048,6.8961,9.965
780m,1b,8da4w,parent,sarc_linear_dq8ca_coopmat_zpg_t128x64k32g42s32_texture3d_texture2d_half,2048,2048,8192,6.8626,10.014
780m,1b,8da4w,parent,sarc_linear_dq8ca_coopmat_zpg_t128x64k32g42s32_texture3d_texture2d_half,2048,2048,2048,1.7534,9.798
780m,1b,8da4w,parent,sarc_linear_dq8ca_coopmat_zpg_t128x64k32g42s32_texture3d_texture2d_half,2048,512,2048,0.4568,9.401
780m,1b,8da4w,parent,sarc_linear_dq8ca_coopmat_zpg_t128x64k32g42s32_texture3d_texture2d_half,2048,512,2048,0.4589,9.359
780m,1b,8da4w,parent,sarc_linear_dq8ca_coopmat_zpg_t128x64k32g42s32_texture3d_texture2d_half,2048,2048,2048,1.7498,9.818
780m,1b,8da4w,parent,sarc_linear_dq8ca_coopmat_zpg_t128x64k32g42s32_texture3d_texture2d_half,2048,8192,2048,6.8897,9.974
780m,1b,8da4w,parent,sarc_linear_dq8ca_coopmat_zpg_t128x64k32g42s32_texture3d_texture2d_half,2048,8192,2048,6.8819,9.986
780m,1b,8da4w,parent,sarc_linear_dq8ca_coopmat_zpg_t128x64k32g42s32_texture3d_texture2d_half,2048,2048,8192,6.8496,10.033
780m,1b,8da4w,parent,sarc_linear_dq8ca_coopmat_zpg_t128x64k32g42s32_texture3d_texture2d_half,2048,2048,2048,1.7516,9.808
780m,1b,8da4w,parent,sarc_linear_dq8ca_coopmat_zpg_t128x64k32g42s32_texture3d_texture2d_half,2048,512,2048,0.4544,9.453
780m,1b,8da4w,parent,sarc_linear_dq8ca_coopmat_zpg_t128x64k32g42s32_texture3d_texture2d_half,2048,512,2048,0.454,9.46
780m,1b,8da4w,parent,sarc_linear_dq8ca_coopmat_zpg_t128x64k32g42s32_texture3d_texture2d_half,2048,2048,2048,1.7479,9.829
780m,1b,8da4w,parent,sarc_linear_dq8ca_coopmat_zpg_t128x64k32g42s32_texture3d_texture2d_half,2048,8192,2048,6.8786,9.99
780m,1b,8da4w,parent,sarc_linear_dq8ca_coopmat_zpg_t128x64k32g42s32_texture3d_texture2d_half,2048,8192,2048,6.8775,9.992
780m,1b,8da4w,parent,sarc_linear_dq8ca_coopmat_zpg_t128x64k32g42s32_texture3d_texture2d_half,2048,2048,8192,6.8697,10.003
780m,1b,8da4w,parent,sarc_linear_dq8ca_coopmat_zpg_t128x64k32g42s32_texture3d_texture2d_half,2048,2048,2048,1.7486,9.825
780m,1b,8da4w,parent,sarc_linear_dq8ca_coopmat_zpg_t128x64k32g42s32_texture3d_texture2d_half,2048,512,2048,0.4564,9.411
780m,1b,8da4w,parent,sarc_linear_dq8ca_coopmat_zpg_t128x64k32g42s32_texture3d_texture2d_half,2048,512,2048,0.4561,9.416
780m,1b,8da4w,parent,sarc_linear_dq8ca_coopmat_zpg_t128x64k32g42s32_texture3d_texture2d_half,2048,2048,2048,1.7508,9.813
780m,1b,8da4w,parent,sarc_linear_dq8ca_coopmat_zpg_t128x64k32g42s32_texture3d_texture2d_half,2048,8192,2048,6.8876,9.977
780m,1b,8da4w,parent,sarc_linear_dq8ca_coopmat_zpg_t128x64k32g42s32_texture3d_texture2d_half,2048,8192,2048,6.8765,9.993
780m,1b,8da4w,parent,sarc_linear_dq8ca_coopmat_zpg_t128x64k32g42s32_texture3d_texture2d_half,2048,2048,8192,6.8626,10.014
780m,1b,8da4w,parent,sarc_linear_dq8ca_coopmat_zpg_t128x64k32g42s32_texture3d_texture2d_half,2048,2048,2048,1.754,9.795
780m,1b,8da4w,parent,sarc_linear_dq8ca_coopmat_zpg_t128x64k32g42s32_texture3d_texture2d_half,2048,512,2048,0.4518,9.507
780m,1b,8da4w,parent,sarc_linear_dq8ca_coopmat_zpg_t128x64k32g42s32_texture3d_texture2d_half,2048,512,2048,0.4573,9.392
780m,1b,8da4w,parent,sarc_linear_dq8ca_coopmat_zpg_t128x64k32g42s32_texture3d_texture2d_half,2048,2048,2048,1.7534,9.798
780m,1b,8da4w,parent,sarc_linear_dq8ca_coopmat_zpg_t128x64k32g42s32_texture3d_texture2d_half,2048,8192,2048,6.88,9.988
780m,1b,8da4w,parent,sarc_linear_dq8ca_coopmat_zpg_t128x64k32g42s32_texture3d_texture2d_half,2048,8192,2048,6.8882,9.976
780m,1b,8da4w,parent,sarc_linear_dq8ca_coopmat_zpg_t128x64k32g42s32_texture3d_texture2d_half,2048,2048,8192,6.867,10.007
780m,1b,8da4w,parent,sarc_linear_dq8ca_coopmat_zpg_t128x64k32g42s32_texture3d_texture2d_half,2048,2048,2048,1.7475,9.831
780m,1b,8da4w,parent,sarc_linear_dq8ca_coopmat_zpg_t128x64k32g42s32_texture3d_texture2d_half,2048,512,2048,0.4552,9.436
780m,1b,8da4w,parent,sarc_linear_dq8ca_coopmat_zpg_t128x64k32g42s32_texture3d_texture2d_half,2048,512,2048,0.456,9.42
780m,1b,8da4w,parent,sarc_linear_dq8ca_coopmat_zpg_t128x64k32g42s32_texture3d_texture2d_half,2048,2048,2048,1.747,9.834
780m,1b,8da4w,parent,sarc_linear_dq8ca_coopmat_zpg_t128x64k32g42s32_texture3d_texture2d_half,2048,8192,2048,6.8799,9.988
780m,1b,8da4w,parent,sarc_linear_dq8ca_coopmat_zpg_t128x64k32g42s32_texture3d_texture2d_half,2048,8192,2048,6.8859,9.98
780m,1b,8da4w,parent,sarc_linear_dq8ca_coopmat_zpg_t128x64k32g42s32_texture3d_texture2d_half,2048,2048,8192,6.87,10.003
780m,1b,8da4w,parent,sarc_linear_dq8ca_coopmat_zpg_t128x64k32g42s32_texture3d_texture2d_half,2048,2048,2048,1.7515,9.809
780m,1b,8da4w,parent,sarc_linear_dq8ca_coopmat_zpg_t128x64k32g42s32_texture3d_texture2d_half,2048,512,2048,0.4565,9.408
780m,1b,8da4w,parent,sarc_linear_dq8ca_coopmat_zpg_t128x64k32g42s32_texture3d_texture2d_half,2048,512,2048,0.4558,9.422
780m,1b,8da4w,parent,sarc_linear_dq8ca_coopmat_zpg_t128x64k32g42s32_texture3d_texture2d_half,2048,2048,2048,1.7463,9.838
780m,1b,8da4w,parent,sarc_linear_dq8ca_coopmat_zpg_t128x64k32g42s32_texture3d_texture2d_half,2048,8192,2048,6.8821,9.985
780m,1b,8da4w,parent,sarc_linear_dq8ca_coopmat_zpg_t128x64k32g42s32_texture3d_texture2d_half,2048,8192,2048,6.8936,9.969
780m,1b,8da4w,parent,sarc_linear_dq8ca_coopmat_zpg_t128x64k32g42s32_texture3d_texture2d_half,2048,2048,8192,6.8728,9.999
780m,3b,4w,cand,sarc_dev_780m_x_linear_q4gsw_coopmat_t256x128k32g24s32f32cbt_texture3d_texture2d_half,2048,3072,3072,3.3601,11.504
780m,3b,4w,cand,sarc_dev_780m_x_linear_q4gsw_coopmat_t128x256k32g42s32f32cbt_texture3d_texture2d_half,2048,1024,3072,1.2137,10.616
780m,3b,4w,cand,sarc_dev_780m_x_linear_q4gsw_coopmat_t128x256k32g42s32f32cbt_texture3d_texture2d_half,2048,1024,3072,1.2104,10.646
780m,3b,4w,cand,sarc_dev_780m_x_linear_q4gsw_coopmat_t256x128k32g24s32f32cbt_texture3d_texture2d_half,2048,3072,3072,3.409,11.339
780m,3b,4w,cand,sarc_dev_780m_x_linear_q4gsw_coopmat_t256x128k32g24s32f32cbt_texture3d_texture2d_half,2048,8192,3072,9.012,11.438
780m,3b,4w,cand,sarc_dev_780m_x_linear_q4gsw_coopmat_t256x128k32g24s32f32cbt_texture3d_texture2d_half,2048,8192,3072,9.0797,11.353
780m,3b,4w,cand,sarc_dev_780m_x_linear_q4gsw_coopmat_t256x128k32g18s32f32cbt_texture3d_texture2d_half,2048,3072,8192,8.6509,11.915
780m,3b,4w,cand,sarc_dev_780m_x_linear_q4gsw_coopmat_t256x128k32g24s32f32cbt_texture3d_texture2d_half,2048,3072,3072,3.4152,11.318
780m,3b,4w,cand,sarc_dev_780m_x_linear_q4gsw_coopmat_t128x256k32g42s32f32cbt_texture3d_texture2d_half,2048,1024,3072,1.2439,10.359
780m,3b,4w,cand,sarc_dev_780m_x_linear_q4gsw_coopmat_t128x256k32g42s32f32cbt_texture3d_texture2d_half,2048,1024,3072,1.2474,10.329
780m,3b,4w,cand,sarc_dev_780m_x_linear_q4gsw_coopmat_t256x128k32g24s32f32cbt_texture3d_texture2d_half,2048,3072,3072,3.4131,11.325
780m,3b,4w,cand,sarc_dev_780m_x_linear_q4gsw_coopmat_t256x128k32g24s32f32cbt_texture3d_texture2d_half,2048,8192,3072,9.3082,11.074
780m,3b,4w,cand,sarc_dev_780m_x_linear_q4gsw_coopmat_t256x128k32g24s32f32cbt_texture3d_texture2d_half,2048,8192,3072,9.0841,11.347
780m,3b,4w,cand,sarc_dev_780m_x_linear_q4gsw_coopmat_t256x128k32g18s32f32cbt_texture3d_texture2d_half,2048,3072,8192,8.6184,11.96
780m,3b,4w,cand,sarc_dev_780m_x_linear_q4gsw_coopmat_t256x128k32g24s32f32cbt_texture3d_texture2d_half,2048,3072,3072,3.398,11.376
780m,3b,4w,cand,sarc_dev_780m_x_linear_q4gsw_coopmat_t128x256k32g42s32f32cbt_texture3d_texture2d_half,2048,1024,3072,1.2351,10.432
780m,3b,4w,cand,sarc_dev_780m_x_linear_q4gsw_coopmat_t128x256k32g42s32f32cbt_texture3d_texture2d_half,2048,1024,3072,1.2381,10.407
780m,3b,4w,cand,sarc_dev_780m_x_linear_q4gsw_coopmat_t256x128k32g24s32f32cbt_texture3d_texture2d_half,2048,3072,3072,3.4101,11.335
780m,3b,4w,cand,sarc_dev_780m_x_linear_q4gsw_coopmat_t256x128k32g24s32f32cbt_texture3d_texture2d_half,2048,8192,3072,9.1046,11.322
780m,3b,4w,cand,sarc_dev_780m_x_linear_q4gsw_coopmat_t256x128k32g24s32f32cbt_texture3d_texture2d_half,2048,8192,3072,9.1188,11.304
780m,3b,4w,cand,sarc_dev_780m_x_linear_q4gsw_coopmat_t256x128k32g18s32f32cbt_texture3d_texture2d_half,2048,3072,8192,8.6288,11.946
780m,3b,4w,cand,sarc_dev_780m_x_linear_q4gsw_coopmat_t256x128k32g24s32f32cbt_texture3d_texture2d_half,2048,3072,3072,3.4133,11.325
780m,3b,4w,cand,sarc_dev_780m_x_linear_q4gsw_coopmat_t128x256k32g42s32f32cbt_texture3d_texture2d_half,2048,1024,3072,1.2331,10.449
780m,3b,4w,cand,sarc_dev_780m_x_linear_q4gsw_coopmat_t128x256k32g42s32f32cbt_texture3d_texture2d_half,2048,1024,3072,1.2226,10.539
780m,3b,4w,cand,sarc_dev_780m_x_linear_q4gsw_coopmat_t256x128k32g24s32f32cbt_texture3d_texture2d_half,2048,3072,3072,3.4056,11.35
780m,3b,4w,cand,sarc_dev_780m_x_linear_q4gsw_coopmat_t256x128k32g24s32f32cbt_texture3d_texture2d_half,2048,8192,3072,9.1246,11.297
780m,3b,4w,cand,sarc_dev_780m_x_linear_q4gsw_coopmat_t256x128k32g24s32f32cbt_texture3d_texture2d_half,2048,8192,3072,9.383,10.986
780m,3b,4w,cand,sarc_dev_780m_x_linear_q4gsw_coopmat_t256x128k32g18s32f32cbt_texture3d_texture2d_half,2048,3072,8192,8.5823,12.011
780m,3b,4w,cand,sarc_dev_780m_x_linear_q4gsw_coopmat_t256x128k32g24s32f32cbt_texture3d_texture2d_half,2048,3072,3072,3.4064,11.348
780m,3b,4w,cand,sarc_dev_780m_x_linear_q4gsw_coopmat_t128x256k32g42s32f32cbt_texture3d_texture2d_half,2048,1024,3072,1.2447,10.352
780m,3b,4w,cand,sarc_dev_780m_x_linear_q4gsw_coopmat_t128x256k32g42s32f32cbt_texture3d_texture2d_half,2048,1024,3072,1.2338,10.443
780m,3b,4w,cand,sarc_dev_780m_x_linear_q4gsw_coopmat_t256x128k32g24s32f32cbt_texture3d_texture2d_half,2048,3072,3072,3.4075,11.344
780m,3b,4w,cand,sarc_dev_780m_x_linear_q4gsw_coopmat_t256x128k32g24s32f32cbt_texture3d_texture2d_half,2048,8192,3072,9.2432,11.152
780m,3b,4w,cand,sarc_dev_780m_x_linear_q4gsw_coopmat_t256x128k32g24s32f32cbt_texture3d_texture2d_half,2048,8192,3072,9.0386,11.404
780m,3b,4w,cand,sarc_dev_780m_x_linear_q4gsw_coopmat_t256x128k32g18s32f32cbt_texture3d_texture2d_half,2048,3072,8192,8.5896,12.0
780m,3b,4w,cand,sarc_dev_780m_x_linear_q4gsw_coopmat_t256x128k32g24s32f32cbt_texture3d_texture2d_half,2048,3072,3072,3.4104,11.334
780m,3b,4w,cand,sarc_dev_780m_x_linear_q4gsw_coopmat_t128x256k32g42s32f32cbt_texture3d_texture2d_half,2048,1024,3072,1.2384,10.404
780m,3b,4w,cand,sarc_dev_780m_x_linear_q4gsw_coopmat_t128x256k32g42s32f32cbt_texture3d_texture2d_half,2048,1024,3072,1.2323,10.456
780m,3b,4w,cand,sarc_dev_780m_x_linear_q4gsw_coopmat_t256x128k32g24s32f32cbt_texture3d_texture2d_half,2048,3072,3072,3.4425,11.229
780m,3b,4w,cand,sarc_dev_780m_x_linear_q4gsw_coopmat_t256x128k32g24s32f32cbt_texture3d_texture2d_half,2048,8192,3072,9.1498,11.266
780m,3b,4w,cand,sarc_dev_780m_x_linear_q4gsw_coopmat_t256x128k32g24s32f32cbt_texture3d_texture2d_half,2048,8192,3072,9.058,11.38
780m,3b,4w,cand,sarc_dev_780m_x_linear_q4gsw_coopmat_t256x128k32g18s32f32cbt_texture3d_texture2d_half,2048,3072,8192,8.5998,11.986
780m,3b,4w,cand,sarc_dev_780m_x_linear_q4gsw_coopmat_t256x128k32g24s32f32cbt_texture3d_texture2d_half,2048,3072,3072,3.3976,11.377
780m,3b,4w,cand,sarc_dev_780m_x_linear_q4gsw_coopmat_t128x256k32g42s32f32cbt_texture3d_texture2d_half,2048,1024,3072,1.2218,10.545
780m,3b,4w,cand,sarc_dev_780m_x_linear_q4gsw_coopmat_t128x256k32g42s32f32cbt_texture3d_texture2d_half,2048,1024,3072,1.2211,10.552
780m,3b,4w,cand,sarc_dev_780m_x_linear_q4gsw_coopmat_t256x128k32g24s32f32cbt_texture3d_texture2d_half,2048,3072,3072,3.4168,11.313
780m,3b,4w,cand,sarc_dev_780m_x_linear_q4gsw_coopmat_t256x128k32g24s32f32cbt_texture3d_texture2d_half,2048,8192,3072,9.3553,11.018
780m,3b,4w,cand,sarc_dev_780m_x_linear_q4gsw_coopmat_t256x128k32g24s32f32cbt_texture3d_texture2d_half,2048,8192,3072,9.2458,11.149
780m,3b,4w,cand,sarc_dev_780m_x_linear_q4gsw_coopmat_t256x128k32g18s32f32cbt_texture3d_texture2d_half,2048,3072,8192,8.6284,11.947
780m,3b,4w,cand,sarc_dev_780m_x_linear_q4gsw_coopmat_t256x128k32g24s32f32cbt_texture3d_texture2d_half,2048,3072,3072,3.411,11.333
780m,3b,4w,cand,sarc_dev_780m_x_linear_q4gsw_coopmat_t128x256k32g42s32f32cbt_texture3d_texture2d_half,2048,1024,3072,1.238,10.408
780m,3b,4w,cand,sarc_dev_780m_x_linear_q4gsw_coopmat_t128x256k32g42s32f32cbt_texture3d_texture2d_half,2048,1024,3072,1.2338,10.443
780m,3b,4w,cand,sarc_dev_780m_x_linear_q4gsw_coopmat_t256x128k32g24s32f32cbt_texture3d_texture2d_half,2048,3072,3072,3.4214,11.298
780m,3b,4w,cand,sarc_dev_780m_x_linear_q4gsw_coopmat_t256x128k32g24s32f32cbt_texture3d_texture2d_half,2048,8192,3072,9.1161,11.307
780m,3b,4w,cand,sarc_dev_780m_x_linear_q4gsw_coopmat_t256x128k32g24s32f32cbt_texture3d_texture2d_half,2048,8192,3072,9.2648,11.126
780m,3b,4w,cand,sarc_dev_780m_x_linear_q4gsw_coopmat_t256x128k32g18s32f32cbt_texture3d_texture2d_half,2048,3072,8192,8.5978,11.989
780m,3b,4w,cand,sarc_dev_780m_x_linear_q4gsw_coopmat_t256x128k32g24s32f32cbt_texture3d_texture2d_half,2048,3072,3072,3.3956,11.384
780m,3b,4w,cand,sarc_dev_780m_x_linear_q4gsw_coopmat_t128x256k32g42s32f32cbt_texture3d_texture2d_half,2048,1024,3072,1.2051,10.692
780m,3b,4w,cand,sarc_dev_780m_x_linear_q4gsw_coopmat_t128x256k32g42s32f32cbt_texture3d_texture2d_half,2048,1024,3072,1.2164,10.593
780m,3b,4w,cand,sarc_dev_780m_x_linear_q4gsw_coopmat_t256x128k32g24s32f32cbt_texture3d_texture2d_half,2048,3072,3072,3.4164,11.315
780m,3b,4w,cand,sarc_dev_780m_x_linear_q4gsw_coopmat_t256x128k32g24s32f32cbt_texture3d_texture2d_half,2048,8192,3072,9.1225,11.299
780m,3b,4w,cand,sarc_dev_780m_x_linear_q4gsw_coopmat_t256x128k32g24s32f32cbt_texture3d_texture2d_half,2048,8192,3072,9.07,11.365
780m,3b,4w,cand,sarc_dev_780m_x_linear_q4gsw_coopmat_t256x128k32g18s32f32cbt_texture3d_texture2d_half,2048,3072,8192,8.6194,11.959
780m,3b,4w,cand,sarc_dev_780m_x_linear_q4gsw_coopmat_t256x128k32g24s32f32cbt_texture3d_texture2d_half,2048,3072,3072,3.3997,11.37
780m,3b,4w,cand,sarc_dev_780m_x_linear_q4gsw_coopmat_t128x256k32g42s32f32cbt_texture3d_texture2d_half,2048,1024,3072,1.2402,10.389
780m,3b,4w,cand,sarc_dev_780m_x_linear_q4gsw_coopmat_t128x256k32g42s32f32cbt_texture3d_texture2d_half,2048,1024,3072,1.2381,10.407
780m,3b,4w,cand,sarc_dev_780m_x_linear_q4gsw_coopmat_t256x128k32g24s32f32cbt_texture3d_texture2d_half,2048,3072,3072,3.418,11.309
780m,3b,4w,cand,sarc_dev_780m_x_linear_q4gsw_coopmat_t256x128k32g24s32f32cbt_texture3d_texture2d_half,2048,8192,3072,9.3134,11.068
780m,3b,4w,cand,sarc_dev_780m_x_linear_q4gsw_coopmat_t256x128k32g24s32f32cbt_texture3d_texture2d_half,2048,8192,3072,9.1252,11.296
780m,3b,4w,cand,sarc_dev_780m_x_linear_q4gsw_coopmat_t256x128k32g18s32f32cbt_texture3d_texture2d_half,2048,3072,8192,8.6106,11.971
780m,3b,4w,cand,sarc_dev_780m_x_linear_q4gsw_coopmat_t256x128k32g24s32f32cbt_texture3d_texture2d_half,2048,3072,3072,3.3969,11.379
780m,3b,4w,cand,sarc_dev_780m_x_linear_q4gsw_coopmat_t128x256k32g42s32f32cbt_texture3d_texture2d_half,2048,1024,3072,1.2376,10.411
780m,3b,4w,cand,sarc_dev_780m_x_linear_q4gsw_coopmat_t128x256k32g42s32f32cbt_texture3d_texture2d_half,2048,1024,3072,1.2253,10.516
780m,3b,4w,cand,sarc_dev_780m_x_linear_q4gsw_coopmat_t256x128k32g24s32f32cbt_texture3d_texture2d_half,2048,3072,3072,3.447,11.214
780m,3b,4w,cand,sarc_dev_780m_x_linear_q4gsw_coopmat_t256x128k32g24s32f32cbt_texture3d_texture2d_half,2048,8192,3072,9.2896,11.096
780m,3b,4w,cand,sarc_dev_780m_x_linear_q4gsw_coopmat_t256x128k32g24s32f32cbt_texture3d_texture2d_half,2048,8192,3072,9.045,11.396
780m,3b,4w,cand,sarc_dev_780m_x_linear_q4gsw_coopmat_t256x128k32g18s32f32cbt_texture3d_texture2d_half,2048,3072,8192,8.6139,11.967
780m,3b,4w,cand,sarc_dev_780m_x_linear_q4gsw_coopmat_t256x128k32g24s32f32cbt_texture3d_texture2d_half,2048,3072,3072,3.4025,11.361
780m,3b,4w,cand,sarc_dev_780m_x_linear_q4gsw_coopmat_t128x256k32g42s32f32cbt_texture3d_texture2d_half,2048,1024,3072,1.2534,10.28
780m,3b,4w,cand,sarc_dev_780m_x_linear_q4gsw_coopmat_t128x256k32g42s32f32cbt_texture3d_texture2d_half,2048,1024,3072,1.2331,10.449
780m,3b,4w,cand,sarc_dev_780m_x_linear_q4gsw_coopmat_t256x128k32g24s32f32cbt_texture3d_texture2d_half,2048,3072,3072,3.4123,11.328
780m,3b,4w,cand,sarc_dev_780m_x_linear_q4gsw_coopmat_t256x128k32g24s32f32cbt_texture3d_texture2d_half,2048,8192,3072,9.1326,11.287
780m,3b,4w,cand,sarc_dev_780m_x_linear_q4gsw_coopmat_t256x128k32g24s32f32cbt_texture3d_texture2d_half,2048,8192,3072,9.0888,11.341
780m,3b,4w,cand,sarc_dev_780m_x_linear_q4gsw_coopmat_t256x128k32g18s32f32cbt_texture3d_texture2d_half,2048,3072,8192,8.6807,11.875
780m,3b,4w,cand,sarc_dev_780m_x_linear_q4gsw_coopmat_t256x128k32g24s32f32cbt_texture3d_texture2d_half,2048,3072,3072,3.4027,11.36
780m,3b,4w,cand,sarc_dev_780m_x_linear_q4gsw_coopmat_t128x256k32g42s32f32cbt_texture3d_texture2d_half,2048,1024,3072,1.231,10.467
780m,3b,4w,cand,sarc_dev_780m_x_linear_q4gsw_coopmat_t128x256k32g42s32f32cbt_texture3d_texture2d_half,2048,1024,3072,1.2245,10.523
780m,3b,4w,cand,sarc_dev_780m_x_linear_q4gsw_coopmat_t256x128k32g24s32f32cbt_texture3d_texture2d_half,2048,3072,3072,3.4045,11.354
780m,3b,4w,cand,sarc_dev_780m_x_linear_q4gsw_coopmat_t256x128k32g24s32f32cbt_texture3d_texture2d_half,2048,8192,3072,9.1085,11.317
780m,3b,4w,cand,sarc_dev_780m_x_linear_q4gsw_coopmat_t256x128k32g24s32f32cbt_texture3d_texture2d_half,2048,8192,3072,9.1722,11.238
780m,3b,4w,cand,sarc_dev_780m_x_linear_q4gsw_coopmat_t256x128k32g18s32f32cbt_texture3d_texture2d_half,2048,3072,8192,8.6736,11.884
780m,3b,4w,cand,sarc_dev_780m_x_linear_q4gsw_coopmat_t256x128k32g24s32f32cbt_texture3d_texture2d_half,2048,3072,3072,3.4065,11.347
780m,3b,4w,cand,sarc_dev_780m_x_linear_q4gsw_coopmat_t128x256k32g42s32f32cbt_texture3d_texture2d_half,2048,1024,3072,1.2193,10.567
780m,3b,4w,cand,sarc_dev_780m_x_linear_q4gsw_coopmat_t128x256k32g42s32f32cbt_texture3d_texture2d_half,2048,1024,3072,1.2315,10.463
780m,3b,4w,cand,sarc_dev_780m_x_linear_q4gsw_coopmat_t256x128k32g24s32f32cbt_texture3d_texture2d_half,2048,3072,3072,3.416,11.316
780m,3b,4w,cand,sarc_dev_780m_x_linear_q4gsw_coopmat_t256x128k32g24s32f32cbt_texture3d_texture2d_half,2048,8192,3072,9.4244,10.937
780m,3b,4w,cand,sarc_dev_780m_x_linear_q4gsw_coopmat_t256x128k32g24s32f32cbt_texture3d_texture2d_half,2048,8192,3072,9.0725,11.362
780m,3b,4w,cand,sarc_dev_780m_x_linear_q4gsw_coopmat_t256x128k32g18s32f32cbt_texture3d_texture2d_half,2048,3072,8192,8.6457,11.923
780m,3b,4w,cand,sarc_dev_780m_x_linear_q4gsw_coopmat_t256x128k32g24s32f32cbt_texture3d_texture2d_half,2048,3072,3072,3.4154,11.318
780m,3b,4w,cand,sarc_dev_780m_x_linear_q4gsw_coopmat_t128x256k32g42s32f32cbt_texture3d_texture2d_half,2048,1024,3072,1.2436,10.361
780m,3b,4w,cand,sarc_dev_780m_x_linear_q4gsw_coopmat_t128x256k32g42s32f32cbt_texture3d_texture2d_half,2048,1024,3072,1.2468,10.334
780m,3b,4w,cand,sarc_dev_780m_x_linear_q4gsw_coopmat_t256x128k32g24s32f32cbt_texture3d_texture2d_half,2048,3072,3072,3.42,11.302
780m,3b,4w,cand,sarc_dev_780m_x_linear_q4gsw_coopmat_t256x128k32g24s32f32cbt_texture3d_texture2d_half,2048,8192,3072,9.1209,11.301
780m,3b,4w,cand,sarc_dev_780m_x_linear_q4gsw_coopmat_t256x128k32g24s32f32cbt_texture3d_texture2d_half,2048,8192,3072,9.0867,11.344
780m,3b,4w,cand,sarc_dev_780m_x_linear_q4gsw_coopmat_t256x128k32g18s32f32cbt_texture3d_texture2d_half,2048,3072,8192,8.6583,11.905
780m,3b,4w,cand,sarc_dev_780m_x_linear_q4gsw_coopmat_t256x128k32g24s32f32cbt_texture3d_texture2d_half,2048,3072,3072,3.4086,11.34
780m,3b,4w,cand,sarc_dev_780m_x_linear_q4gsw_coopmat_t128x256k32g42s32f32cbt_texture3d_texture2d_half,2048,1024,3072,1.2343,10.439
780m,3b,4w,cand,sarc_dev_780m_x_linear_q4gsw_coopmat_t128x256k32g42s32f32cbt_texture3d_texture2d_half,2048,1024,3072,1.2327,10.453
780m,3b,4w,cand,sarc_dev_780m_x_linear_q4gsw_coopmat_t256x128k32g24s32f32cbt_texture3d_texture2d_half,2048,3072,3072,3.4222,11.295
780m,3b,4w,cand,sarc_dev_780m_x_linear_q4gsw_coopmat_t256x128k32g24s32f32cbt_texture3d_texture2d_half,2048,8192,3072,9.1159,11.308
780m,3b,4w,cand,sarc_dev_780m_x_linear_q4gsw_coopmat_t256x128k32g24s32f32cbt_texture3d_texture2d_half,2048,8192,3072,9.0559,11.383
780m,3b,4w,cand,sarc_dev_780m_x_linear_q4gsw_coopmat_t256x128k32g18s32f32cbt_texture3d_texture2d_half,2048,3072,8192,8.6615,11.901
780m,3b,4w,cand,sarc_dev_780m_x_linear_q4gsw_coopmat_t256x128k32g24s32f32cbt_texture3d_texture2d_half,2048,3072,3072,3.4097,11.337
780m,3b,4w,cand,sarc_dev_780m_x_linear_q4gsw_coopmat_t128x256k32g42s32f32cbt_texture3d_texture2d_half,2048,1024,3072,1.2394,10.396
780m,3b,4w,cand,sarc_dev_780m_x_linear_q4gsw_coopmat_t128x256k32g42s32f32cbt_texture3d_texture2d_half,2048,1024,3072,1.2263,10.507
780m,3b,4w,cand,sarc_dev_780m_x_linear_q4gsw_coopmat_t256x128k32g24s32f32cbt_texture3d_texture2d_half,2048,3072,3072,3.4125,11.327
780m,3b,4w,cand,sarc_dev_780m_x_linear_q4gsw_coopmat_t256x128k32g24s32f32cbt_texture3d_texture2d_half,2048,8192,3072,9.1538,11.261
780m,3b,4w,cand,sarc_dev_780m_x_linear_q4gsw_coopmat_t256x128k32g24s32f32cbt_texture3d_texture2d_half,2048,8192,3072,9.0693,11.366
780m,3b,4w,cand,sarc_dev_780m_x_linear_q4gsw_coopmat_t256x128k32g18s32f32cbt_texture3d_texture2d_half,2048,3072,8192,8.6353,11.937
780m,3b,4w,cand,sarc_dev_780m_x_linear_q4gsw_coopmat_t256x128k32g24s32f32cbt_texture3d_texture2d_half,2048,3072,3072,3.4072,11.345
780m,3b,4w,cand,sarc_dev_780m_x_linear_q4gsw_coopmat_t128x256k32g42s32f32cbt_texture3d_texture2d_half,2048,1024,3072,1.2371,10.416
780m,3b,4w,cand,sarc_dev_780m_x_linear_q4gsw_coopmat_t128x256k32g42s32f32cbt_texture3d_texture2d_half,2048,1024,3072,1.2462,10.339
780m,3b,4w,cand,sarc_dev_780m_x_linear_q4gsw_coopmat_t256x128k32g24s32f32cbt_texture3d_texture2d_half,2048,3072,3072,3.4197,11.303
780m,3b,4w,cand,sarc_dev_780m_x_linear_q4gsw_coopmat_t256x128k32g24s32f32cbt_texture3d_texture2d_half,2048,8192,3072,9.4304,10.931
780m,3b,4w,cand,sarc_dev_780m_x_linear_q4gsw_coopmat_t256x128k32g24s32f32cbt_texture3d_texture2d_half,2048,8192,3072,9.0466,11.394
780m,3b,4w,cand,sarc_dev_780m_x_linear_q4gsw_coopmat_t256x128k32g18s32f32cbt_texture3d_texture2d_half,2048,3072,8192,8.6745,11.883
780m,3b,4w,cand,sarc_dev_780m_x_linear_q4gsw_coopmat_t256x128k32g24s32f32cbt_texture3d_texture2d_half,2048,3072,3072,3.4208,11.3
780m,3b,4w,cand,sarc_dev_780m_x_linear_q4gsw_coopmat_t128x256k32g42s32f32cbt_texture3d_texture2d_half,2048,1024,3072,1.2318,10.46
780m,3b,4w,cand,sarc_dev_780m_x_linear_q4gsw_coopmat_t128x256k32g42s32f32cbt_texture3d_texture2d_half,2048,1024,3072,1.2466,10.336
780m,3b,4w,cand,sarc_dev_780m_x_linear_q4gsw_coopmat_t256x128k32g24s32f32cbt_texture3d_texture2d_half,2048,3072,3072,3.426,11.283
780m,3b,4w,cand,sarc_dev_780m_x_linear_q4gsw_coopmat_t256x128k32g24s32f32cbt_texture3d_texture2d_half,2048,8192,3072,9.1406,11.277
780m,3b,4w,cand,sarc_dev_780m_x_linear_q4gsw_coopmat_t256x128k32g24s32f32cbt_texture3d_texture2d_half,2048,8192,3072,9.2098,11.192
780m,3b,4w,cand,sarc_dev_780m_x_linear_q4gsw_coopmat_t256x128k32g18s32f32cbt_texture3d_texture2d_half,2048,3072,8192,8.6162,11.963
780m,3b,4w,cand,sarc_dev_780m_x_linear_q4gsw_coopmat_t256x128k32g24s32f32cbt_texture3d_texture2d_half,2048,3072,3072,3.4102,11.335
780m,3b,4w,cand,sarc_dev_780m_x_linear_q4gsw_coopmat_t128x256k32g42s32f32cbt_texture3d_texture2d_half,2048,1024,3072,1.2276,10.496
780m,3b,4w,cand,sarc_dev_780m_x_linear_q4gsw_coopmat_t128x256k32g42s32f32cbt_texture3d_texture2d_half,2048,1024,3072,1.2252,10.516
780m,3b,4w,cand,sarc_dev_780m_x_linear_q4gsw_coopmat_t256x128k32g24s32f32cbt_texture3d_texture2d_half,2048,3072,3072,3.4368,11.247
780m,3b,4w,cand,sarc_dev_780m_x_linear_q4gsw_coopmat_t256x128k32g24s32f32cbt_texture3d_texture2d_half,2048,8192,3072,9.3294,11.049
780m,3b,4w,cand,sarc_dev_780m_x_linear_q4gsw_coopmat_t256x128k32g24s32f32cbt_texture3d_texture2d_half,2048,8192,3072,9.1864,11.221
780m,3b,4w,cand,sarc_dev_780m_x_linear_q4gsw_coopmat_t256x128k32g18s32f32cbt_texture3d_texture2d_half,2048,3072,8192,8.6039,11.981
780m,3b,4w,cand,sarc_dev_780m_x_linear_q4gsw_coopmat_t256x128k32g24s32f32cbt_texture3d_texture2d_half,2048,3072,3072,3.3998,11.37
780m,3b,4w,cand,sarc_dev_780m_x_linear_q4gsw_coopmat_t128x256k32g42s32f32cbt_texture3d_texture2d_half,2048,1024,3072,1.229,10.484
780m,3b,4w,cand,sarc_dev_780m_x_linear_q4gsw_coopmat_t128x256k32g42s32f32cbt_texture3d_texture2d_half,2048,1024,3072,1.2328,10.451
780m,3b,4w,cand,sarc_dev_780m_x_linear_q4gsw_coopmat_t256x128k32g24s32f32cbt_texture3d_texture2d_half,2048,3072,3072,3.4176,11.31
780m,3b,4w,cand,sarc_dev_780m_x_linear_q4gsw_coopmat_t256x128k32g24s32f32cbt_texture3d_texture2d_half,2048,8192,3072,9.1006,11.327
780m,3b,4w,cand,sarc_dev_780m_x_linear_q4gsw_coopmat_t256x128k32g24s32f32cbt_texture3d_texture2d_half,2048,8192,3072,9.1956,11.21
780m,3b,4w,cand,sarc_dev_780m_x_linear_q4gsw_coopmat_t256x128k32g18s32f32cbt_texture3d_texture2d_half,2048,3072,8192,8.6669,11.893
780m,3b,4w,cand,sarc_dev_780m_x_linear_q4gsw_coopmat_t256x128k32g24s32f32cbt_texture3d_texture2d_half,2048,3072,3072,3.3973,11.378
780m,3b,4w,cand,sarc_dev_780m_x_linear_q4gsw_coopmat_t128x256k32g42s32f32cbt_texture3d_texture2d_half,2048,1024,3072,1.2445,10.354
780m,3b,4w,cand,sarc_dev_780m_x_linear_q4gsw_coopmat_t128x256k32g42s32f32cbt_texture3d_texture2d_half,2048,1024,3072,1.2423,10.372
780m,3b,4w,cand,sarc_dev_780m_x_linear_q4gsw_coopmat_t256x128k32g24s32f32cbt_texture3d_texture2d_half,2048,3072,3072,3.426,11.283
780m,3b,4w,cand,sarc_dev_780m_x_linear_q4gsw_coopmat_t256x128k32g24s32f32cbt_texture3d_texture2d_half,2048,8192,3072,9.185,11.223
780m,3b,4w,cand,sarc_dev_780m_x_linear_q4gsw_coopmat_t256x128k32g24s32f32cbt_texture3d_texture2d_half,2048,8192,3072,9.0932,11.336
780m,3b,4w,cand,sarc_dev_780m_x_linear_q4gsw_coopmat_t256x128k32g18s32f32cbt_texture3d_texture2d_half,2048,3072,8192,8.632,11.941
780m,3b,4w,cand,sarc_dev_780m_x_linear_q4gsw_coopmat_t256x128k32g24s32f32cbt_texture3d_texture2d_half,2048,3072,3072,3.4067,11.347
780m,3b,4w,cand,sarc_dev_780m_x_linear_q4gsw_coopmat_t128x256k32g42s32f32cbt_texture3d_texture2d_half,2048,1024,3072,1.2376,10.412
780m,3b,4w,cand,sarc_dev_780m_x_linear_q4gsw_coopmat_t128x256k32g42s32f32cbt_texture3d_texture2d_half,2048,1024,3072,1.2322,10.456
780m,3b,4w,cand,sarc_dev_780m_x_linear_q4gsw_coopmat_t256x128k32g24s32f32cbt_texture3d_texture2d_half,2048,3072,3072,3.4193,11.305
780m,3b,4w,cand,sarc_dev_780m_x_linear_q4gsw_coopmat_t256x128k32g24s32f32cbt_texture3d_texture2d_half,2048,8192,3072,9.3222,11.057
780m,3b,4w,cand,sarc_dev_780m_x_linear_q4gsw_coopmat_t256x128k32g24s32f32cbt_texture3d_texture2d_half,2048,8192,3072,9.0458,11.395
780m,3b,4w,cand,sarc_dev_780m_x_linear_q4gsw_coopmat_t256x128k32g18s32f32cbt_texture3d_texture2d_half,2048,3072,8192,8.666,11.895
780m,3b,4w,cand,sarc_dev_780m_x_linear_q4gsw_coopmat_t256x128k32g24s32f32cbt_texture3d_texture2d_half,2048,3072,3072,3.426,11.283
780m,3b,4w,cand,sarc_dev_780m_x_linear_q4gsw_coopmat_t128x256k32g42s32f32cbt_texture3d_texture2d_half,2048,1024,3072,1.2415,10.379
780m,3b,4w,cand,sarc_dev_780m_x_linear_q4gsw_coopmat_t128x256k32g42s32f32cbt_texture3d_texture2d_half,2048,1024,3072,1.2407,10.385
780m,3b,4w,cand,sarc_dev_780m_x_linear_q4gsw_coopmat_t256x128k32g24s32f32cbt_texture3d_texture2d_half,2048,3072,3072,3.4212,11.298
780m,3b,4w,cand,sarc_dev_780m_x_linear_q4gsw_coopmat_t256x128k32g24s32f32cbt_texture3d_texture2d_half,2048,8192,3072,9.1766,11.233
780m,3b,4w,cand,sarc_dev_780m_x_linear_q4gsw_coopmat_t256x128k32g24s32f32cbt_texture3d_texture2d_half,2048,8192,3072,9.0858,11.345
780m,3b,4w,cand,sarc_dev_780m_x_linear_q4gsw_coopmat_t256x128k32g18s32f32cbt_texture3d_texture2d_half,2048,3072,8192,8.628,11.947
780m,3b,4w,cand,sarc_dev_780m_x_linear_q4gsw_coopmat_t256x128k32g24s32f32cbt_texture3d_texture2d_half,2048,3072,3072,3.4143,11.321
780m,3b,4w,cand,sarc_dev_780m_x_linear_q4gsw_coopmat_t128x256k32g42s32f32cbt_texture3d_texture2d_half,2048,1024,3072,1.2396,10.394
780m,3b,4w,cand,sarc_dev_780m_x_linear_q4gsw_coopmat_t128x256k32g42s32f32cbt_texture3d_texture2d_half,2048,1024,3072,1.2301,10.475
780m,3b,4w,cand,sarc_dev_780m_x_linear_q4gsw_coopmat_t256x128k32g24s32f32cbt_texture3d_texture2d_half,2048,3072,3072,3.4209,11.3
780m,3b,4w,cand,sarc_dev_780m_x_linear_q4gsw_coopmat_t256x128k32g24s32f32cbt_texture3d_texture2d_half,2048,8192,3072,9.1887,11.218
780m,3b,4w,cand,sarc_dev_780m_x_linear_q4gsw_coopmat_t256x128k32g24s32f32cbt_texture3d_texture2d_half,2048,8192,3072,9.1159,11.308
780m,3b,4w,cand,sarc_dev_780m_x_linear_q4gsw_coopmat_t256x128k32g18s32f32cbt_texture3d_texture2d_half,2048,3072,8192,8.6368,11.935
780m,3b,4w,cand,sarc_dev_780m_x_linear_q4gsw_coopmat_t256x128k32g24s32f32cbt_texture3d_texture2d_half,2048,3072,3072,3.4228,11.293
780m,3b,4w,cand,sarc_dev_780m_x_linear_q4gsw_coopmat_t128x256k32g42s32f32cbt_texture3d_texture2d_half,2048,1024,3072,1.2326,10.453
780m,3b,4w,cand,sarc_dev_780m_x_linear_q4gsw_coopmat_t128x256k32g42s32f32cbt_texture3d_texture2d_half,2048,1024,3072,1.2402,10.389
780m,3b,4w,cand,sarc_dev_780m_x_linear_q4gsw_coopmat_t256x128k32g24s32f32cbt_texture3d_texture2d_half,2048,3072,3072,3.414,11.323
780m,3b,4w,cand,sarc_dev_780m_x_linear_q4gsw_coopmat_t256x128k32g24s32f32cbt_texture3d_texture2d_half,2048,8192,3072,9.1133,11.311
780m,3b,4w,cand,sarc_dev_780m_x_linear_q4gsw_coopmat_t256x128k32g24s32f32cbt_texture3d_texture2d_half,2048,8192,3072,9.0778,11.355
780m,3b,4w,cand,sarc_dev_780m_x_linear_q4gsw_coopmat_t256x128k32g18s32f32cbt_texture3d_texture2d_half,2048,3072,8192,8.6729,11.885
780m,3b,4w,cand,sarc_dev_780m_x_linear_q4gsw_coopmat_t256x128k32g24s32f32cbt_texture3d_texture2d_half,2048,3072,3072,3.4153,11.318
780m,3b,4w,cand,sarc_dev_780m_x_linear_q4gsw_coopmat_t128x256k32g42s32f32cbt_texture3d_texture2d_half,2048,1024,3072,1.2343,10.439
780m,3b,4w,cand,sarc_dev_780m_x_linear_q4gsw_coopmat_t128x256k32g42s32f32cbt_texture3d_texture2d_half,2048,1024,3072,1.2448,10.351
780m,3b,4w,cand,sarc_dev_780m_x_linear_q4gsw_coopmat_t256x128k32g24s32f32cbt_texture3d_texture2d_half,2048,3072,3072,3.4242,11.289
780m,3b,4w,cand,sarc_dev_780m_x_linear_q4gsw_coopmat_t256x128k32g24s32f32cbt_texture3d_texture2d_half,2048,8192,3072,9.2434,11.152
780m,3b,4w,cand,sarc_dev_780m_x_linear_q4gsw_coopmat_t256x128k32g24s32f32cbt_texture3d_texture2d_half,2048,8192,3072,9.0968,11.331
780m,3b,4w,cand,sarc_dev_780m_x_linear_q4gsw_coopmat_t256x128k32g18s32f32cbt_texture3d_texture2d_half,2048,3072,8192,8.6405,11.93
780m,3b,4w,cand,sarc_dev_780m_x_linear_q4gsw_coopmat_t256x128k32g24s32f32cbt_texture3d_texture2d_half,2048,3072,3072,3.4251,11.286
780m,3b,4w,cand,sarc_dev_780m_x_linear_q4gsw_coopmat_t128x256k32g42s32f32cbt_texture3d_texture2d_half,2048,1024,3072,1.247,10.332
780m,3b,4w,cand,sarc_dev_780m_x_linear_q4gsw_coopmat_t128x256k32g42s32f32cbt_texture3d_texture2d_half,2048,1024,3072,1.2356,10.428
780m,3b,4w,cand,sarc_dev_780m_x_linear_q4gsw_coopmat_t256x128k32g24s32f32cbt_texture3d_texture2d_half,2048,3072,3072,3.4258,11.283
780m,3b,4w,cand,sarc_dev_780m_x_linear_q4gsw_coopmat_t256x128k32g24s32f32cbt_texture3d_texture2d_half,2048,8192,3072,9.1218,11.3
780m,3b,4w,cand,sarc_dev_780m_x_linear_q4gsw_coopmat_t256x128k32g24s32f32cbt_texture3d_texture2d_half,2048,8192,3072,9.0969,11.331
780m,3b,4w,cand,sarc_dev_780m_x_linear_q4gsw_coopmat_t256x128k32g18s32f32cbt_texture3d_texture2d_half,2048,3072,8192,8.708,11.837
780m,3b,4w,parent,sarc_linear_q4gsw_coopmat_t128x128k32g42s32f32c_texture3d_texture2d_half,2048,3072,3072,3.5655,10.841
780m,3b,4w,parent,sarc_linear_q4gsw_coopmat_t128x128k32g42s32f32c_texture3d_texture2d_half,2048,1024,3072,1.2576,10.245
780m,3b,4w,parent,sarc_linear_q4gsw_coopmat_t128x128k32g42s32f32c_texture3d_texture2d_half,2048,1024,3072,1.2628,10.203
780m,3b,4w,parent,sarc_linear_q4gsw_coopmat_t128x128k32g42s32f32c_texture3d_texture2d_half,2048,3072,3072,3.5772,10.806
780m,3b,4w,parent,sarc_linear_q4gsw_coopmat_t128x128k32g42s32f32c_texture3d_texture2d_half,2048,8192,3072,9.6333,10.7
780m,3b,4w,parent,sarc_linear_q4gsw_coopmat_t128x128k32g42s32f32c_texture3d_texture2d_half,2048,8192,3072,9.5636,10.778
780m,3b,4w,parent,sarc_linear_q4gsw_coopmat_t128x128k32g42s32f32c_texture3d_texture2d_half,2048,3072,8192,9.6269,10.707
780m,3b,4w,parent,sarc_linear_q4gsw_coopmat_t128x128k32g42s32f32c_texture3d_texture2d_half,2048,3072,3072,3.6792,10.506
780m,3b,4w,parent,sarc_linear_q4gsw_coopmat_t128x128k32g42s32f32c_texture3d_texture2d_half,2048,1024,3072,1.2794,10.071
780m,3b,4w,parent,sarc_linear_q4gsw_coopmat_t128x128k32g42s32f32c_texture3d_texture2d_half,2048,1024,3072,1.283,10.042
780m,3b,4w,parent,sarc_linear_q4gsw_coopmat_t128x128k32g42s32f32c_texture3d_texture2d_half,2048,3072,3072,3.5877,10.774
780m,3b,4w,parent,sarc_linear_q4gsw_coopmat_t128x128k32g42s32f32c_texture3d_texture2d_half,2048,8192,3072,9.7077,10.618
780m,3b,4w,parent,sarc_linear_q4gsw_coopmat_t128x128k32g42s32f32c_texture3d_texture2d_half,2048,8192,3072,9.626,10.708
780m,3b,4w,parent,sarc_linear_q4gsw_coopmat_t128x128k32g42s32f32c_texture3d_texture2d_half,2048,3072,8192,9.6862,10.642
780m,3b,4w,parent,sarc_linear_q4gsw_coopmat_t128x128k32g42s32f32c_texture3d_texture2d_half,2048,3072,3072,3.7132,10.41
780m,3b,4w,parent,sarc_linear_q4gsw_coopmat_t128x128k32g42s32f32c_texture3d_texture2d_half,2048,1024,3072,1.314,9.806
780m,3b,4w,parent,sarc_linear_q4gsw_coopmat_t128x128k32g42s32f32c_texture3d_texture2d_half,2048,1024,3072,1.318,9.776
780m,3b,4w,parent,sarc_linear_q4gsw_coopmat_t128x128k32g42s32f32c_texture3d_texture2d_half,2048,3072,3072,3.5783,10.802
780m,3b,4w,parent,sarc_linear_q4gsw_coopmat_t128x128k32g42s32f32c_texture3d_texture2d_half,2048,8192,3072,9.6338,10.7
780m,3b,4w,parent,sarc_linear_q4gsw_coopmat_t128x128k32g42s32f32c_texture3d_texture2d_half,2048,8192,3072,9.5703,10.771
780m,3b,4w,parent,sarc_linear_q4gsw_coopmat_t128x128k32g42s32f32c_texture3d_texture2d_half,2048,3072,8192,9.6388,10.694
780m,3b,4w,parent,sarc_linear_q4gsw_coopmat_t128x128k32g42s32f32c_texture3d_texture2d_half,2048,3072,3072,3.6691,10.535
780m,3b,4w,parent,sarc_linear_q4gsw_coopmat_t128x128k32g42s32f32c_texture3d_texture2d_half,2048,1024,3072,1.2948,9.951
780m,3b,4w,parent,sarc_linear_q4gsw_coopmat_t128x128k32g42s32f32c_texture3d_texture2d_half,2048,1024,3072,1.3009,9.905
780m,3b,4w,parent,sarc_linear_q4gsw_coopmat_t128x128k32g42s32f32c_texture3d_texture2d_half,2048,3072,3072,3.5804,10.796
780m,3b,4w,parent,sarc_linear_q4gsw_coopmat_t128x128k32g42s32f32c_texture3d_texture2d_half,2048,8192,3072,9.658,10.673
780m,3b,4w,parent,sarc_linear_q4gsw_coopmat_t128x128k32g42s32f32c_texture3d_texture2d_half,2048,8192,3072,9.609,10.727
780m,3b,4w,parent,sarc_linear_q4gsw_coopmat_t128x128k32g42s32f32c_texture3d_texture2d_half,2048,3072,8192,9.774,10.546
780m,3b,4w,parent,sarc_linear_q4gsw_coopmat_t128x128k32g42s32f32c_texture3d_texture2d_half,2048,3072,3072,3.693,10.467
780m,3b,4w,parent,sarc_linear_q4gsw_coopmat_t128x128k32g42s32f32c_texture3d_texture2d_half,2048,1024,3072,1.2954,9.946
780m,3b,4w,parent,sarc_linear_q4gsw_coopmat_t128x128k32g42s32f32c_texture3d_texture2d_half,2048,1024,3072,1.2929,9.966
780m,3b,4w,parent,sarc_linear_q4gsw_coopmat_t128x128k32g42s32f32c_texture3d_texture2d_half,2048,3072,3072,3.5865,10.778
780m,3b,4w,parent,sarc_linear_q4gsw_coopmat_t128x128k32g42s32f32c_texture3d_texture2d_half,2048,8192,3072,9.662,10.669
780m,3b,4w,parent,sarc_linear_q4gsw_coopmat_t128x128k32g42s32f32c_texture3d_texture2d_half,2048,8192,3072,9.5654,10.776
780m,3b,4w,parent,sarc_linear_q4gsw_coopmat_t128x128k32g42s32f32c_texture3d_texture2d_half,2048,3072,8192,9.8143,10.503
780m,3b,4w,parent,sarc_linear_q4gsw_coopmat_t128x128k32g42s32f32c_texture3d_texture2d_half,2048,3072,3072,3.7034,10.438
780m,3b,4w,parent,sarc_linear_q4gsw_coopmat_t128x128k32g42s32f32c_texture3d_texture2d_half,2048,1024,3072,1.3078,9.853
780m,3b,4w,parent,sarc_linear_q4gsw_coopmat_t128x128k32g42s32f32c_texture3d_texture2d_half,2048,1024,3072,1.3035,9.885
780m,3b,4w,parent,sarc_linear_q4gsw_coopmat_t128x128k32g42s32f32c_texture3d_texture2d_half,2048,3072,3072,3.5844,10.784
780m,3b,4w,parent,sarc_linear_q4gsw_coopmat_t128x128k32g42s32f32c_texture3d_texture2d_half,2048,8192,3072,9.6636,10.667
780m,3b,4w,parent,sarc_linear_q4gsw_coopmat_t128x128k32g42s32f32c_texture3d_texture2d_half,2048,8192,3072,9.574,10.767
780m,3b,4w,parent,sarc_linear_q4gsw_coopmat_t128x128k32g42s32f32c_texture3d_texture2d_half,2048,3072,8192,9.6489,10.683
780m,3b,4w,parent,sarc_linear_q4gsw_coopmat_t128x128k32g42s32f32c_texture3d_texture2d_half,2048,3072,3072,3.6987,10.451
780m,3b,4w,parent,sarc_linear_q4gsw_coopmat_t128x128k32g42s32f32c_texture3d_texture2d_half,2048,1024,3072,1.3158,9.792
780m,3b,4w,parent,sarc_linear_q4gsw_coopmat_t128x128k32g42s32f32c_texture3d_texture2d_half,2048,1024,3072,1.3119,9.822
780m,3b,4w,parent,sarc_linear_q4gsw_coopmat_t128x128k32g42s32f32c_texture3d_texture2d_half,2048,3072,3072,3.5797,10.798
780m,3b,4w,parent,sarc_linear_q4gsw_coopmat_t128x128k32g42s32f32c_texture3d_texture2d_half,2048,8192,3072,9.6573,10.674
780m,3b,4w,parent,sarc_linear_q4gsw_coopmat_t128x128k32g42s32f32c_texture3d_texture2d_half,2048,8192,3072,9.5675,10.774
780m,3b,4w,parent,sarc_linear_q4gsw_coopmat_t128x128k32g42s32f32c_texture3d_texture2d_half,2048,3072,8192,9.6302,10.704
780m,3b,4w,parent,sarc_linear_q4gsw_coopmat_t128x128k32g42s32f32c_texture3d_texture2d_half,2048,3072,3072,3.7062,10.43
780m,3b,4w,parent,sarc_linear_q4gsw_coopmat_t128x128k32g42s32f32c_texture3d_texture2d_half,2048,1024,3072,1.3076,9.854
780m,3b,4w,parent,sarc_linear_q4gsw_coopmat_t128x128k32g42s32f32c_texture3d_texture2d_half,2048,1024,3072,1.3098,9.837
780m,3b,4w,parent,sarc_linear_q4gsw_coopmat_t128x128k32g42s32f32c_texture3d_texture2d_half,2048,3072,3072,3.5844,10.784
780m,3b,4w,parent,sarc_linear_q4gsw_coopmat_t128x128k32g42s32f32c_texture3d_texture2d_half,2048,8192,3072,9.657,10.674
780m,3b,4w,parent,sarc_linear_q4gsw_coopmat_t128x128k32g42s32f32c_texture3d_texture2d_half,2048,8192,3072,9.5775,10.763
780m,3b,4w,parent,sarc_linear_q4gsw_coopmat_t128x128k32g42s32f32c_texture3d_texture2d_half,2048,3072,8192,9.6994,10.627
780m,3b,4w,parent,sarc_linear_q4gsw_coopmat_t128x128k32g42s32f32c_texture3d_texture2d_half,2048,3072,3072,3.6987,10.451
780m,3b,4w,parent,sarc_linear_q4gsw_coopmat_t128x128k32g42s32f32c_texture3d_texture2d_half,2048,1024,3072,1.3061,9.865
780m,3b,4w,parent,sarc_linear_q4gsw_coopmat_t128x128k32g42s32f32c_texture3d_texture2d_half,2048,1024,3072,1.3256,9.72
780m,3b,4w,parent,sarc_linear_q4gsw_coopmat_t128x128k32g42s32f32c_texture3d_texture2d_half,2048,3072,3072,3.587,10.776
780m,3b,4w,parent,sarc_linear_q4gsw_coopmat_t128x128k32g42s32f32c_texture3d_texture2d_half,2048,8192,3072,9.6441,10.688
780m,3b,4w,parent,sarc_linear_q4gsw_coopmat_t128x128k32g42s32f32c_texture3d_texture2d_half,2048,8192,3072,9.5606,10.782
780m,3b,4w,parent,sarc_linear_q4gsw_coopmat_t128x128k32g42s32f32c_texture3d_texture2d_half,2048,3072,8192,9.7514,10.571
780m,3b,4w,parent,sarc_linear_q4gsw_coopmat_t128x128k32g42s32f32c_texture3d_texture2d_half,2048,3072,3072,3.6882,10.481
780m,3b,4w,parent,sarc_linear_q4gsw_coopmat_t128x128k32g42s32f32c_texture3d_texture2d_half,2048,1024,3072,1.3049,9.874
780m,3b,4w,parent,sarc_linear_q4gsw_coopmat_t128x128k32g42s32f32c_texture3d_texture2d_half,2048,1024,3072,1.2874,10.009
780m,3b,4w,parent,sarc_linear_q4gsw_coopmat_t128x128k32g42s32f32c_texture3d_texture2d_half,2048,3072,3072,3.5796,10.799
780m,3b,4w,parent,sarc_linear_q4gsw_coopmat_t128x128k32g42s32f32c_texture3d_texture2d_half,2048,8192,3072,9.6499,10.682
780m,3b,4w,parent,sarc_linear_q4gsw_coopmat_t128x128k32g42s32f32c_texture3d_texture2d_half,2048,8192,3072,9.5894,10.749
780m,3b,4w,parent,sarc_linear_q4gsw_coopmat_t128x128k32g42s32f32c_texture3d_texture2d_half,2048,3072,8192,9.6748,10.654
780m,3b,4w,parent,sarc_linear_q4gsw_coopmat_t128x128k32g42s32f32c_texture3d_texture2d_half,2048,3072,3072,3.7104,10.418
780m,3b,4w,parent,sarc_linear_q4gsw_coopmat_t128x128k32g42s32f32c_texture3d_texture2d_half,2048,1024,3072,1.3064,9.863
780m,3b,4w,parent,sarc_linear_q4gsw_coopmat_t128x128k32g42s32f32c_texture3d_texture2d_half,2048,1024,3072,1.3111,9.827
780m,3b,4w,parent,sarc_linear_q4gsw_coopmat_t128x128k32g42s32f32c_texture3d_texture2d_half,2048,3072,3072,3.5793,10.8
780m,3b,4w,parent,sarc_linear_q4gsw_coopmat_t128x128k32g42s32f32c_texture3d_texture2d_half,2048,8192,3072,9.6738,10.655
780m,3b,4w,parent,sarc_linear_q4gsw_coopmat_t128x128k32g42s32f32c_texture3d_texture2d_half,2048,8192,3072,9.5829,10.757
780m,3b,4w,parent,sarc_linear_q4gsw_coopmat_t128x128k32g42s32f32c_texture3d_texture2d_half,2048,3072,8192,9.6776,10.651
780m,3b,4w,parent,sarc_linear_q4gsw_coopmat_t128x128k32g42s32f32c_texture3d_texture2d_half,2048,3072,3072,3.7036,10.437
780m,3b,4w,parent,sarc_linear_q4gsw_coopmat_t128x128k32g42s32f32c_texture3d_texture2d_half,2048,1024,3072,1.2951,9.949
780m,3b,4w,parent,sarc_linear_q4gsw_coopmat_t128x128k32g42s32f32c_texture3d_texture2d_half,2048,1024,3072,1.2974,9.931
780m,3b,4w,parent,sarc_linear_q4gsw_coopmat_t128x128k32g42s32f32c_texture3d_texture2d_half,2048,3072,3072,3.5892,10.77
780m,3b,4w,parent,sarc_linear_q4gsw_coopmat_t128x128k32g42s32f32c_texture3d_texture2d_half,2048,8192,3072,9.673,10.656
780m,3b,4w,parent,sarc_linear_q4gsw_coopmat_t128x128k32g42s32f32c_texture3d_texture2d_half,2048,8192,3072,9.6432,10.689
780m,3b,4w,parent,sarc_linear_q4gsw_coopmat_t128x128k32g42s32f32c_texture3d_texture2d_half,2048,3072,8192,9.667,10.663
780m,3b,4w,parent,sarc_linear_q4gsw_coopmat_t128x128k32g42s32f32c_texture3d_texture2d_half,2048,3072,3072,3.6997,10.448
780m,3b,4w,parent,sarc_linear_q4gsw_coopmat_t128x128k32g42s32f32c_texture3d_texture2d_half,2048,1024,3072,1.3096,9.839
780m,3b,4w,parent,sarc_linear_q4gsw_coopmat_t128x128k32g42s32f32c_texture3d_texture2d_half,2048,1024,3072,1.3074,9.855
780m,3b,4w,parent,sarc_linear_q4gsw_coopmat_t128x128k32g42s32f32c_texture3d_texture2d_half,2048,3072,3072,3.5835,10.787
780m,3b,4w,parent,sarc_linear_q4gsw_coopmat_t128x128k32g42s32f32c_texture3d_texture2d_half,2048,8192,3072,9.6536,10.678
780m,3b,4w,parent,sarc_linear_q4gsw_coopmat_t128x128k32g42s32f32c_texture3d_texture2d_half,2048,8192,3072,9.5808,10.759
780m,3b,4w,parent,sarc_linear_q4gsw_coopmat_t128x128k32g42s32f32c_texture3d_texture2d_half,2048,3072,8192,9.7691,10.552
780m,3b,4w,parent,sarc_linear_q4gsw_coopmat_t128x128k32g42s32f32c_texture3d_texture2d_half,2048,3072,3072,3.6968,10.456
780m,3b,4w,parent,sarc_linear_q4gsw_coopmat_t128x128k32g42s32f32c_texture3d_texture2d_half,2048,1024,3072,1.2926,9.968
780m,3b,4w,parent,sarc_linear_q4gsw_coopmat_t128x128k32g42s32f32c_texture3d_texture2d_half,2048,1024,3072,1.289,9.996
780m,3b,4w,parent,sarc_linear_q4gsw_coopmat_t128x128k32g42s32f32c_texture3d_texture2d_half,2048,3072,3072,3.5987,10.741
780m,3b,4w,parent,sarc_linear_q4gsw_coopmat_t128x128k32g42s32f32c_texture3d_texture2d_half,2048,8192,3072,9.7356,10.588
780m,3b,4w,parent,sarc_linear_q4gsw_coopmat_t128x128k32g42s32f32c_texture3d_texture2d_half,2048,8192,3072,9.57,10.771
780m,3b,4w,parent,sarc_linear_q4gsw_coopmat_t128x128k32g42s32f32c_texture3d_texture2d_half,2048,3072,8192,9.6516,10.68
780m,3b,4w,parent,sarc_linear_q4gsw_coopmat_t128x128k32g42s32f32c_texture3d_texture2d_half,2048,3072,3072,3.6779,10.51
780m,3b,4w,parent,sarc_linear_q4gsw_coopmat_t128x128k32g42s32f32c_texture3d_texture2d_half,2048,1024,3072,1.3044,9.878
780m,3b,4w,parent,sarc_linear_q4gsw_coopmat_t128x128k32g42s32f32c_texture3d_texture2d_half,2048,1024,3072,1.3123,9.818
780m,3b,4w,parent,sarc_linear_q4gsw_coopmat_t128x128k32g42s32f32c_texture3d_texture2d_half,2048,3072,3072,3.5824,10.79
780m,3b,4w,parent,sarc_linear_q4gsw_coopmat_t128x128k32g42s32f32c_texture3d_texture2d_half,2048,8192,3072,9.633,10.701
780m,3b,4w,parent,sarc_linear_q4gsw_coopmat_t128x128k32g42s32f32c_texture3d_texture2d_half,2048,8192,3072,9.5761,10.764
780m,3b,4w,parent,sarc_linear_q4gsw_coopmat_t128x128k32g42s32f32c_texture3d_texture2d_half,2048,3072,8192,9.7093,10.617
780m,3b,4w,parent,sarc_linear_q4gsw_coopmat_t128x128k32g42s32f32c_texture3d_texture2d_half,2048,3072,3072,3.6934,10.466
780m,3b,4w,parent,sarc_linear_q4gsw_coopmat_t128x128k32g42s32f32c_texture3d_texture2d_half,2048,1024,3072,1.3058,9.867
780m,3b,4w,parent,sarc_linear_q4gsw_coopmat_t128x128k32g42s32f32c_texture3d_texture2d_half,2048,1024,3072,1.3098,9.838
780m,3b,4w,parent,sarc_linear_q4gsw_coopmat_t128x128k32g42s32f32c_texture3d_texture2d_half,2048,3072,3072,3.5872,10.776
780m,3b,4w,parent,sarc_linear_q4gsw_coopmat_t128x128k32g42s32f32c_texture3d_texture2d_half,2048,8192,3072,9.669,10.661
780m,3b,4w,parent,sarc_linear_q4gsw_coopmat_t128x128k32g42s32f32c_texture3d_texture2d_half,2048,8192,3072,9.5932,10.745
780m,3b,4w,parent,sarc_linear_q4gsw_coopmat_t128x128k32g42s32f32c_texture3d_texture2d_half,2048,3072,8192,9.6903,10.637
780m,3b,4w,parent,sarc_linear_q4gsw_coopmat_t128x128k32g42s32f32c_texture3d_texture2d_half,2048,3072,3072,3.6941,10.464
780m,3b,4w,parent,sarc_linear_q4gsw_coopmat_t128x128k32g42s32f32c_texture3d_texture2d_half,2048,1024,3072,1.3026,9.892
780m,3b,4w,parent,sarc_linear_q4gsw_coopmat_t128x128k32g42s32f32c_texture3d_texture2d_half,2048,1024,3072,1.3081,9.85
780m,3b,4w,parent,sarc_linear_q4gsw_coopmat_t128x128k32g42s32f32c_texture3d_texture2d_half,2048,3072,3072,3.5816,10.793
780m,3b,4w,parent,sarc_linear_q4gsw_coopmat_t128x128k32g42s32f32c_texture3d_texture2d_half,2048,8192,3072,9.678,10.651
780m,3b,4w,parent,sarc_linear_q4gsw_coopmat_t128x128k32g42s32f32c_texture3d_texture2d_half,2048,8192,3072,9.5839,10.755
780m,3b,4w,parent,sarc_linear_q4gsw_coopmat_t128x128k32g42s32f32c_texture3d_texture2d_half,2048,3072,8192,9.6924,10.635
780m,3b,4w,parent,sarc_linear_q4gsw_coopmat_t128x128k32g42s32f32c_texture3d_texture2d_half,2048,3072,3072,3.709,10.422
780m,3b,4w,parent,sarc_linear_q4gsw_coopmat_t128x128k32g42s32f32c_texture3d_texture2d_half,2048,1024,3072,1.3071,9.857
780m,3b,4w,parent,sarc_linear_q4gsw_coopmat_t128x128k32g42s32f32c_texture3d_texture2d_half,2048,1024,3072,1.3088,9.845
780m,3b,4w,parent,sarc_linear_q4gsw_coopmat_t128x128k32g42s32f32c_texture3d_texture2d_half,2048,3072,3072,3.582,10.791
780m,3b,4w,parent,sarc_linear_q4gsw_coopmat_t128x128k32g42s32f32c_texture3d_texture2d_half,2048,8192,3072,9.6162,10.719
780m,3b,4w,parent,sarc_linear_q4gsw_coopmat_t128x128k32g42s32f32c_texture3d_texture2d_half,2048,8192,3072,9.6089,10.727
780m,3b,4w,parent,sarc_linear_q4gsw_coopmat_t128x128k32g42s32f32c_texture3d_texture2d_half,2048,3072,8192,9.6988,10.628
780m,3b,4w,parent,sarc_linear_q4gsw_coopmat_t128x128k32g42s32f32c_texture3d_texture2d_half,2048,3072,3072,3.7205,10.39
780m,3b,4w,parent,sarc_linear_q4gsw_coopmat_t128x128k32g42s32f32c_texture3d_texture2d_half,2048,1024,3072,1.3065,9.862
780m,3b,4w,parent,sarc_linear_q4gsw_coopmat_t128x128k32g42s32f32c_texture3d_texture2d_half,2048,1024,3072,1.3091,9.842
780m,3b,4w,parent,sarc_linear_q4gsw_coopmat_t128x128k32g42s32f32c_texture3d_texture2d_half,2048,3072,3072,3.5997,10.738
780m,3b,4w,parent,sarc_linear_q4gsw_coopmat_t128x128k32g42s32f32c_texture3d_texture2d_half,2048,8192,3072,9.7053,10.621
780m,3b,4w,parent,sarc_linear_q4gsw_coopmat_t128x128k32g42s32f32c_texture3d_texture2d_half,2048,8192,3072,9.604,10.733
780m,3b,4w,parent,sarc_linear_q4gsw_coopmat_t128x128k32g42s32f32c_texture3d_texture2d_half,2048,3072,8192,9.6605,10.67
780m,3b,4w,parent,sarc_linear_q4gsw_coopmat_t128x128k32g42s32f32c_texture3d_texture2d_half,2048,3072,3072,3.7121,10.413
780m,3b,4w,parent,sarc_linear_q4gsw_coopmat_t128x128k32g42s32f32c_texture3d_texture2d_half,2048,1024,3072,1.3146,9.802
780m,3b,4w,parent,sarc_linear_q4gsw_coopmat_t128x128k32g42s32f32c_texture3d_texture2d_half,2048,1024,3072,1.3051,9.873
780m,3b,4w,parent,sarc_linear_q4gsw_coopmat_t128x128k32g42s32f32c_texture3d_texture2d_half,2048,3072,3072,3.5898,10.768
780m,3b,4w,parent,sarc_linear_q4gsw_coopmat_t128x128k32g42s32f32c_texture3d_texture2d_half,2048,8192,3072,9.614,10.722
780m,3b,4w,parent,sarc_linear_q4gsw_coopmat_t128x128k32g42s32f32c_texture3d_texture2d_half,2048,8192,3072,9.5937,10.744
780m,3b,4w,parent,sarc_linear_q4gsw_coopmat_t128x128k32g42s32f32c_texture3d_texture2d_half,2048,3072,8192,9.8557,10.459
780m,3b,4w,parent,sarc_linear_q4gsw_coopmat_t128x128k32g42s32f32c_texture3d_texture2d_half,2048,3072,3072,3.7307,10.361
780m,3b,4w,parent,sarc_linear_q4gsw_coopmat_t128x128k32g42s32f32c_texture3d_texture2d_half,2048,1024,3072,1.3105,9.832
780m,3b,4w,parent,sarc_linear_q4gsw_coopmat_t128x128k32g42s32f32c_texture3d_texture2d_half,2048,1024,3072,1.3224,9.744
780m,3b,4w,parent,sarc_linear_q4gsw_coopmat_t128x128k32g42s32f32c_texture3d_texture2d_half,2048,3072,3072,3.5834,10.787
780m,3b,4w,parent,sarc_linear_q4gsw_coopmat_t128x128k32g42s32f32c_texture3d_texture2d_half,2048,8192,3072,9.6281,10.706
780m,3b,4w,parent,sarc_linear_q4gsw_coopmat_t128x128k32g42s32f32c_texture3d_texture2d_half,2048,8192,3072,9.5914,10.747
780m,3b,4w,parent,sarc_linear_q4gsw_coopmat_t128x128k32g42s32f32c_texture3d_texture2d_half,2048,3072,8192,9.6742,10.655
780m,3b,4w,parent,sarc_linear_q4gsw_coopmat_t128x128k32g42s32f32c_texture3d_texture2d_half,2048,3072,3072,3.714,10.408
780m,3b,4w,parent,sarc_linear_q4gsw_coopmat_t128x128k32g42s32f32c_texture3d_texture2d_half,2048,1024,3072,1.3059,9.867
780m,3b,4w,parent,sarc_linear_q4gsw_coopmat_t128x128k32g42s32f32c_texture3d_texture2d_half,2048,1024,3072,1.3131,9.812
780m,3b,4w,parent,sarc_linear_q4gsw_coopmat_t128x128k32g42s32f32c_texture3d_texture2d_half,2048,3072,3072,3.5881,10.773
780m,3b,4w,parent,sarc_linear_q4gsw_coopmat_t128x128k32g42s32f32c_texture3d_texture2d_half,2048,8192,3072,9.6843,10.644
780m,3b,4w,parent,sarc_linear_q4gsw_coopmat_t128x128k32g42s32f32c_texture3d_texture2d_half,2048,8192,3072,9.5958,10.742
780m,3b,4w,parent,sarc_linear_q4gsw_coopmat_t128x128k32g42s32f32c_texture3d_texture2d_half,2048,3072,8192,9.6416,10.691
780m,3b,4w,parent,sarc_linear_q4gsw_coopmat_t128x128k32g42s32f32c_texture3d_texture2d_half,2048,3072,3072,3.7246,10.378
780m,3b,4w,parent,sarc_linear_q4gsw_coopmat_t128x128k32g42s32f32c_texture3d_texture2d_half,2048,1024,3072,1.2965,9.938
780m,3b,4w,parent,sarc_linear_q4gsw_coopmat_t128x128k32g42s32f32c_texture3d_texture2d_half,2048,1024,3072,1.3019,9.897
780m,3b,4w,parent,sarc_linear_q4gsw_coopmat_t128x128k32g42s32f32c_texture3d_texture2d_half,2048,3072,3072,3.5834,10.787
780m,3b,4w,parent,sarc_linear_q4gsw_coopmat_t128x128k32g42s32f32c_texture3d_texture2d_half,2048,8192,3072,9.6641,10.666
780m,3b,4w,parent,sarc_linear_q4gsw_coopmat_t128x128k32g42s32f32c_texture3d_texture2d_half,2048,8192,3072,9.6057,10.731
780m,3b,4w,parent,sarc_linear_q4gsw_coopmat_t128x128k32g42s32f32c_texture3d_texture2d_half,2048,3072,8192,9.6633,10.667
780m,3b,4w,parent,sarc_linear_q4gsw_coopmat_t128x128k32g42s32f32c_texture3d_texture2d_half,2048,3072,3072,3.7356,10.348
780m,3b,4w,parent,sarc_linear_q4gsw_coopmat_t128x128k32g42s32f32c_texture3d_texture2d_half,2048,1024,3072,1.3166,9.787
780m,3b,4w,parent,sarc_linear_q4gsw_coopmat_t128x128k32g42s32f32c_texture3d_texture2d_half,2048,1024,3072,1.3198,9.763
780m,3b,4w,parent,sarc_linear_q4gsw_coopmat_t128x128k32g42s32f32c_texture3d_texture2d_half,2048,3072,3072,3.5799,10.798
780m,3b,4w,parent,sarc_linear_q4gsw_coopmat_t128x128k32g42s32f32c_texture3d_texture2d_half,2048,8192,3072,9.6872,10.641
780m,3b,4w,parent,sarc_linear_q4gsw_coopmat_t128x128k32g42s32f32c_texture3d_texture2d_half,2048,8192,3072,9.5893,10.749
780m,3b,4w,parent,sarc_linear_q4gsw_coopmat_t128x128k32g42s32f32c_texture3d_texture2d_half,2048,3072,8192,9.7224,10.602
780m,3b,4w,parent,sarc_linear_q4gsw_coopmat_t128x128k32g42s32f32c_texture3d_texture2d_half,2048,3072,3072,3.7182,10.396
780m,3b,4w,parent,sarc_linear_q4gsw_coopmat_t128x128k32g42s32f32c_texture3d_texture2d_half,2048,1024,3072,1.2954,9.947
780m,3b,4w,parent,sarc_linear_q4gsw_coopmat_t128x128k32g42s32f32c_texture3d_texture2d_half,2048,1024,3072,1.3019,9.897
780m,3b,4w,parent,sarc_linear_q4gsw_coopmat_t128x128k32g42s32f32c_texture3d_texture2d_half,2048,3072,3072,3.5765,10.808
780m,3b,4w,parent,sarc_linear_q4gsw_coopmat_t128x128k32g42s32f32c_texture3d_texture2d_half,2048,8192,3072,9.6645,10.666
780m,3b,4w,parent,sarc_linear_q4gsw_coopmat_t128x128k32g42s32f32c_texture3d_texture2d_half,2048,8192,3072,9.5949,10.743
780m,3b,4w,parent,sarc_linear_q4gsw_coopmat_t128x128k32g42s32f32c_texture3d_texture2d_half,2048,3072,8192,9.8301,10.486
780m,3b,4w,parent,sarc_linear_q4gsw_coopmat_t128x128k32g42s32f32c_texture3d_texture2d_half,2048,3072,3072,3.7241,10.38
780m,3b,4w,parent,sarc_linear_q4gsw_coopmat_t128x128k32g42s32f32c_texture3d_texture2d_half,2048,1024,3072,1.3174,9.78
780m,3b,4w,parent,sarc_linear_q4gsw_coopmat_t128x128k32g42s32f32c_texture3d_texture2d_half,2048,1024,3072,1.3153,9.796
780m,3b,4w,parent,sarc_linear_q4gsw_coopmat_t128x128k32g42s32f32c_texture3d_texture2d_half,2048,3072,3072,3.5883,10.772
780m,3b,4w,parent,sarc_linear_q4gsw_coopmat_t128x128k32g42s32f32c_texture3d_texture2d_half,2048,8192,3072,9.6858,10.642
780m,3b,4w,parent,sarc_linear_q4gsw_coopmat_t128x128k32g42s32f32c_texture3d_texture2d_half,2048,8192,3072,9.5981,10.74
780m,3b,4w,parent,sarc_linear_q4gsw_coopmat_t128x128k32g42s32f32c_texture3d_texture2d_half,2048,3072,8192,9.7135,10.612
780m,3b,4w,parent,sarc_linear_q4gsw_coopmat_t128x128k32g42s32f32c_texture3d_texture2d_half,2048,3072,3072,3.7408,10.333
780m,3b,4w,parent,sarc_linear_q4gsw_coopmat_t128x128k32g42s32f32c_texture3d_texture2d_half,2048,1024,3072,1.3186,9.772
780m,3b,4w,parent,sarc_linear_q4gsw_coopmat_t128x128k32g42s32f32c_texture3d_texture2d_half,2048,1024,3072,1.3236,9.735
780m,3b,4w,parent,sarc_linear_q4gsw_coopmat_t128x128k32g42s32f32c_texture3d_texture2d_half,2048,3072,3072,3.5868,10.777
780m,3b,4w,parent,sarc_linear_q4gsw_coopmat_t128x128k32g42s32f32c_texture3d_texture2d_half,2048,8192,3072,9.6572,10.674
780m,3b,4w,parent,sarc_linear_q4gsw_coopmat_t128x128k32g42s32f32c_texture3d_texture2d_half,2048,8192,3072,9.6527,10.679
780m,3b,4w,parent,sarc_linear_q4gsw_coopmat_t128x128k32g42s32f32c_texture3d_texture2d_half,2048,3072,8192,9.7462,10.576
780m,3b,4w,parent,sarc_linear_q4gsw_coopmat_t128x128k32g42s32f32c_texture3d_texture2d_half,2048,3072,3072,3.7196,10.392
780m,3b,4w,parent,sarc_linear_q4gsw_coopmat_t128x128k32g42s32f32c_texture3d_texture2d_half,2048,1024,3072,1.3052,9.872
780m,3b,4w,parent,sarc_linear_q4gsw_coopmat_t128x128k32g42s32f32c_texture3d_texture2d_half,2048,1024,3072,1.3227,9.741
780m,3b,4w,parent,sarc_linear_q4gsw_coopmat_t128x128k32g42s32f32c_texture3d_texture2d_half,2048,3072,3072,3.5906,10.765
780m,3b,4w,parent,sarc_linear_q4gsw_coopmat_t128x128k32g42s32f32c_texture3d_texture2d_half,2048,8192,3072,9.6906,10.637
780m,3b,4w,parent,sarc_linear_q4gsw_coopmat_t128x128k32g42s32f32c_texture3d_texture2d_half,2048,8192,3072,9.5984,10.739
780m,3b,4w,parent,sarc_linear_q4gsw_coopmat_t128x128k32g42s32f32c_texture3d_texture2d_half,2048,3072,8192,9.7638,10.557
780m,3b,8da4w,cand,sarc_dev_780m_x_linear_dq8ca_coopmat_zpg_t256x64k64g48s32afmb1_texture3d_texture2d_half,2048,3072,3072,3.4013,11.365
780m,3b,8da4w,cand,sarc_dev_linear_dq8ca_coopmat_zpg_bt_t128x64k32g22s32_texture3d_texture2d_half,2048,1024,3072,1.1498,11.206
780m,3b,8da4w,cand,sarc_dev_linear_dq8ca_coopmat_zpg_bt_t128x64k32g22s32_texture3d_texture2d_half,2048,1024,3072,1.1462,11.241
780m,3b,8da4w,cand,sarc_dev_780m_x_linear_dq8ca_coopmat_zpg_t256x64k64g48s32afmb1_texture3d_texture2d_half,2048,3072,3072,3.2261,11.982
780m,3b,8da4w,cand,sarc_dev_780m_x_linear_dq8ca_coopmat_zpg_t256x64k64g48s32afmb1_texture3d_texture2d_half,2048,8192,3072,8.4968,12.131
780m,3b,8da4w,cand,sarc_dev_780m_x_linear_dq8ca_coopmat_zpg_t256x64k64g48s32afmb1_texture3d_texture2d_half,2048,8192,3072,8.7299,11.808
780m,3b,8da4w,cand,sarc_dev_linear_dq8ca_coopmat_zpg_bt_t128x64k32g22s32_texture3d_texture2d_half,2048,3072,8192,9.3886,10.979
780m,3b,8da4w,cand,sarc_dev_780m_x_linear_dq8ca_coopmat_zpg_t256x64k64g48s32afmb1_texture3d_texture2d_half,2048,3072,3072,3.2701,11.821
780m,3b,8da4w,cand,sarc_dev_linear_dq8ca_coopmat_zpg_bt_t128x64k32g22s32_texture3d_texture2d_half,2048,1024,3072,1.1612,11.097
780m,3b,8da4w,cand,sarc_dev_linear_dq8ca_coopmat_zpg_bt_t128x64k32g22s32_texture3d_texture2d_half,2048,1024,3072,1.1679,11.033
780m,3b,8da4w,cand,sarc_dev_780m_x_linear_dq8ca_coopmat_zpg_t256x64k64g48s32afmb1_texture3d_texture2d_half,2048,3072,3072,3.255,11.876
780m,3b,8da4w,cand,sarc_dev_780m_x_linear_dq8ca_coopmat_zpg_t256x64k64g48s32afmb1_texture3d_texture2d_half,2048,8192,3072,8.627,11.948
780m,3b,8da4w,cand,sarc_dev_780m_x_linear_dq8ca_coopmat_zpg_t256x64k64g48s32afmb1_texture3d_texture2d_half,2048,8192,3072,8.8994,11.583
780m,3b,8da4w,cand,sarc_dev_linear_dq8ca_coopmat_zpg_bt_t128x64k32g22s32_texture3d_texture2d_half,2048,3072,8192,9.3537,11.02
780m,3b,8da4w,cand,sarc_dev_780m_x_linear_dq8ca_coopmat_zpg_t256x64k64g48s32afmb1_texture3d_texture2d_half,2048,3072,3072,3.2613,11.852
780m,3b,8da4w,cand,sarc_dev_linear_dq8ca_coopmat_zpg_bt_t128x64k32g22s32_texture3d_texture2d_half,2048,1024,3072,1.16,11.107
780m,3b,8da4w,cand,sarc_dev_linear_dq8ca_coopmat_zpg_bt_t128x64k32g22s32_texture3d_texture2d_half,2048,1024,3072,1.1639,11.07
780m,3b,8da4w,cand,sarc_dev_780m_x_linear_dq8ca_coopmat_zpg_t256x64k64g48s32afmb1_texture3d_texture2d_half,2048,3072,3072,3.2324,11.958
780m,3b,8da4w,cand,sarc_dev_780m_x_linear_dq8ca_coopmat_zpg_t256x64k64g48s32afmb1_texture3d_texture2d_half,2048,8192,3072,8.572,12.025
780m,3b,8da4w,cand,sarc_dev_780m_x_linear_dq8ca_coopmat_zpg_t256x64k64g48s32afmb1_texture3d_texture2d_half,2048,8192,3072,8.7884,11.729
780m,3b,8da4w,cand,sarc_dev_linear_dq8ca_coopmat_zpg_bt_t128x64k32g22s32_texture3d_texture2d_half,2048,3072,8192,9.3299,11.048
780m,3b,8da4w,cand,sarc_dev_780m_x_linear_dq8ca_coopmat_zpg_t256x64k64g48s32afmb1_texture3d_texture2d_half,2048,3072,3072,3.2735,11.808
780m,3b,8da4w,cand,sarc_dev_linear_dq8ca_coopmat_zpg_bt_t128x64k32g22s32_texture3d_texture2d_half,2048,1024,3072,1.1592,11.116
780m,3b,8da4w,cand,sarc_dev_linear_dq8ca_coopmat_zpg_bt_t128x64k32g22s32_texture3d_texture2d_half,2048,1024,3072,1.159,11.117
780m,3b,8da4w,cand,sarc_dev_780m_x_linear_dq8ca_coopmat_zpg_t256x64k64g48s32afmb1_texture3d_texture2d_half,2048,3072,3072,3.2464,11.907
780m,3b,8da4w,cand,sarc_dev_780m_x_linear_dq8ca_coopmat_zpg_t256x64k64g48s32afmb1_texture3d_texture2d_half,2048,8192,3072,8.5677,12.031
780m,3b,8da4w,cand,sarc_dev_780m_x_linear_dq8ca_coopmat_zpg_t256x64k64g48s32afmb1_texture3d_texture2d_half,2048,8192,3072,8.8586,11.636
780m,3b,8da4w,cand,sarc_dev_linear_dq8ca_coopmat_zpg_bt_t128x64k32g22s32_texture3d_texture2d_half,2048,3072,8192,9.3375,11.039
780m,3b,8da4w,cand,sarc_dev_780m_x_linear_dq8ca_coopmat_zpg_t256x64k64g48s32afmb1_texture3d_texture2d_half,2048,3072,3072,3.2853,11.766
780m,3b,8da4w,cand,sarc_dev_linear_dq8ca_coopmat_zpg_bt_t128x64k32g22s32_texture3d_texture2d_half,2048,1024,3072,1.1619,11.09
780m,3b,8da4w,cand,sarc_dev_linear_dq8ca_coopmat_zpg_bt_t128x64k32g22s32_texture3d_texture2d_half,2048,1024,3072,1.1631,11.078
780m,3b,8da4w,cand,sarc_dev_780m_x_linear_dq8ca_coopmat_zpg_t256x64k64g48s32afmb1_texture3d_texture2d_half,2048,3072,3072,3.2425,11.921
780m,3b,8da4w,cand,sarc_dev_780m_x_linear_dq8ca_coopmat_zpg_t256x64k64g48s32afmb1_texture3d_texture2d_half,2048,8192,3072,8.598,11.989
780m,3b,8da4w,cand,sarc_dev_780m_x_linear_dq8ca_coopmat_zpg_t256x64k64g48s32afmb1_texture3d_texture2d_half,2048,8192,3072,8.8318,11.671
780m,3b,8da4w,cand,sarc_dev_linear_dq8ca_coopmat_zpg_bt_t128x64k32g22s32_texture3d_texture2d_half,2048,3072,8192,9.4004,10.965
780m,3b,8da4w,cand,sarc_dev_780m_x_linear_dq8ca_coopmat_zpg_t256x64k64g48s32afmb1_texture3d_texture2d_half,2048,3072,3072,3.2863,11.762
780m,3b,8da4w,cand,sarc_dev_linear_dq8ca_coopmat_zpg_bt_t128x64k32g22s32_texture3d_texture2d_half,2048,1024,3072,1.1681,11.031
780m,3b,8da4w,cand,sarc_dev_linear_dq8ca_coopmat_zpg_bt_t128x64k32g22s32_texture3d_texture2d_half,2048,1024,3072,1.1592,11.115
780m,3b,8da4w,cand,sarc_dev_780m_x_linear_dq8ca_coopmat_zpg_t256x64k64g48s32afmb1_texture3d_texture2d_half,2048,3072,3072,3.2422,11.923
780m,3b,8da4w,cand,sarc_dev_780m_x_linear_dq8ca_coopmat_zpg_t256x64k64g48s32afmb1_texture3d_texture2d_half,2048,8192,3072,8.6186,11.96
780m,3b,8da4w,cand,sarc_dev_780m_x_linear_dq8ca_coopmat_zpg_t256x64k64g48s32afmb1_texture3d_texture2d_half,2048,8192,3072,8.8549,11.641
780m,3b,8da4w,cand,sarc_dev_linear_dq8ca_coopmat_zpg_bt_t128x64k32g22s32_texture3d_texture2d_half,2048,3072,8192,9.3634,11.009
780m,3b,8da4w,cand,sarc_dev_780m_x_linear_dq8ca_coopmat_zpg_t256x64k64g48s32afmb1_texture3d_texture2d_half,2048,3072,3072,3.2843,11.77
780m,3b,8da4w,cand,sarc_dev_linear_dq8ca_coopmat_zpg_bt_t128x64k32g22s32_texture3d_texture2d_half,2048,1024,3072,1.1622,11.087
780m,3b,8da4w,cand,sarc_dev_linear_dq8ca_coopmat_zpg_bt_t128x64k32g22s32_texture3d_texture2d_half,2048,1024,3072,1.1625,11.084
780m,3b,8da4w,cand,sarc_dev_780m_x_linear_dq8ca_coopmat_zpg_t256x64k64g48s32afmb1_texture3d_texture2d_half,2048,3072,3072,3.2396,11.932
780m,3b,8da4w,cand,sarc_dev_780m_x_linear_dq8ca_coopmat_zpg_t256x64k64g48s32afmb1_texture3d_texture2d_half,2048,8192,3072,8.5928,11.996
780m,3b,8da4w,cand,sarc_dev_780m_x_linear_dq8ca_coopmat_zpg_t256x64k64g48s32afmb1_texture3d_texture2d_half,2048,8192,3072,8.8336,11.669
780m,3b,8da4w,cand,sarc_dev_linear_dq8ca_coopmat_zpg_bt_t128x64k32g22s32_texture3d_texture2d_half,2048,3072,8192,9.4189,10.944
780m,3b,8da4w,cand,sarc_dev_780m_x_linear_dq8ca_coopmat_zpg_t256x64k64g48s32afmb1_texture3d_texture2d_half,2048,3072,3072,3.2758,11.8
780m,3b,8da4w,cand,sarc_dev_linear_dq8ca_coopmat_zpg_bt_t128x64k32g22s32_texture3d_texture2d_half,2048,1024,3072,1.1612,11.096
780m,3b,8da4w,cand,sarc_dev_linear_dq8ca_coopmat_zpg_bt_t128x64k32g22s32_texture3d_texture2d_half,2048,1024,3072,1.1632,11.077
780m,3b,8da4w,cand,sarc_dev_780m_x_linear_dq8ca_coopmat_zpg_t256x64k64g48s32afmb1_texture3d_texture2d_half,2048,3072,3072,3.2295,11.969
780m,3b,8da4w,cand,sarc_dev_780m_x_linear_dq8ca_coopmat_zpg_t256x64k64g48s32afmb1_texture3d_texture2d_half,2048,8192,3072,8.6071,11.976
780m,3b,8da4w,cand,sarc_dev_780m_x_linear_dq8ca_coopmat_zpg_t256x64k64g48s32afmb1_texture3d_texture2d_half,2048,8192,3072,8.8388,11.662
780m,3b,8da4w,cand,sarc_dev_linear_dq8ca_coopmat_zpg_bt_t128x64k32g22s32_texture3d_texture2d_half,2048,3072,8192,9.3962,10.97
780m,3b,8da4w,cand,sarc_dev_780m_x_linear_dq8ca_coopmat_zpg_t256x64k64g48s32afmb1_texture3d_texture2d_half,2048,3072,3072,3.2743,11.806
780m,3b,8da4w,cand,sarc_dev_linear_dq8ca_coopmat_zpg_bt_t128x64k32g22s32_texture3d_texture2d_half,2048,1024,3072,1.1682,11.03
780m,3b,8da4w,cand,sarc_dev_linear_dq8ca_coopmat_zpg_bt_t128x64k32g22s32_texture3d_texture2d_half,2048,1024,3072,1.1725,10.989
780m,3b,8da4w,cand,sarc_dev_780m_x_linear_dq8ca_coopmat_zpg_t256x64k64g48s32afmb1_texture3d_texture2d_half,2048,3072,3072,3.244,11.916
780m,3b,8da4w,cand,sarc_dev_780m_x_linear_dq8ca_coopmat_zpg_t256x64k64g48s32afmb1_texture3d_texture2d_half,2048,8192,3072,8.6294,11.945
780m,3b,8da4w,cand,sarc_dev_780m_x_linear_dq8ca_coopmat_zpg_t256x64k64g48s32afmb1_texture3d_texture2d_half,2048,8192,3072,8.8576,11.637
780m,3b,8da4w,cand,sarc_dev_linear_dq8ca_coopmat_zpg_bt_t128x64k32g22s32_texture3d_texture2d_half,2048,3072,8192,9.364,11.008
780m,3b,8da4w,cand,sarc_dev_780m_x_linear_dq8ca_coopmat_zpg_t256x64k64g48s32afmb1_texture3d_texture2d_half,2048,3072,3072,3.2754,11.802
780m,3b,8da4w,cand,sarc_dev_linear_dq8ca_coopmat_zpg_bt_t128x64k32g22s32_texture3d_texture2d_half,2048,1024,3072,1.1629,11.08
780m,3b,8da4w,cand,sarc_dev_linear_dq8ca_coopmat_zpg_bt_t128x64k32g22s32_texture3d_texture2d_half,2048,1024,3072,1.1611,11.097
780m,3b,8da4w,cand,sarc_dev_780m_x_linear_dq8ca_coopmat_zpg_t256x64k64g48s32afmb1_texture3d_texture2d_half,2048,3072,3072,3.2456,11.91
780m,3b,8da4w,cand,sarc_dev_780m_x_linear_dq8ca_coopmat_zpg_t256x64k64g48s32afmb1_texture3d_texture2d_half,2048,8192,3072,8.5974,11.99
780m,3b,8da4w,cand,sarc_dev_780m_x_linear_dq8ca_coopmat_zpg_t256x64k64g48s32afmb1_texture3d_texture2d_half,2048,8192,3072,8.9126,11.566
780m,3b,8da4w,cand,sarc_dev_linear_dq8ca_coopmat_zpg_bt_t128x64k32g22s32_texture3d_texture2d_half,2048,3072,8192,9.3547,11.019
780m,3b,8da4w,cand,sarc_dev_780m_x_linear_dq8ca_coopmat_zpg_t256x64k64g48s32afmb1_texture3d_texture2d_half,2048,3072,3072,3.2623,11.849
780m,3b,8da4w,cand,sarc_dev_linear_dq8ca_coopmat_zpg_bt_t128x64k32g22s32_texture3d_texture2d_half,2048,1024,3072,1.1616,11.093
780m,3b,8da4w,cand,sarc_dev_linear_dq8ca_coopmat_zpg_bt_t128x64k32g22s32_texture3d_texture2d_half,2048,1024,3072,1.158,11.127
780m,3b,8da4w,cand,sarc_dev_780m_x_linear_dq8ca_coopmat_zpg_t256x64k64g48s32afmb1_texture3d_texture2d_half,2048,3072,3072,3.2522,11.886
780m,3b,8da4w,cand,sarc_dev_780m_x_linear_dq8ca_coopmat_zpg_t256x64k64g48s32afmb1_texture3d_texture2d_half,2048,8192,3072,8.6026,11.982
780m,3b,8da4w,cand,sarc_dev_780m_x_linear_dq8ca_coopmat_zpg_t256x64k64g48s32afmb1_texture3d_texture2d_half,2048,8192,3072,8.7957,11.719
780m,3b,8da4w,cand,sarc_dev_linear_dq8ca_coopmat_zpg_bt_t128x64k32g22s32_texture3d_texture2d_half,2048,3072,8192,9.4296,10.931
780m,3b,8da4w,cand,sarc_dev_780m_x_linear_dq8ca_coopmat_zpg_t256x64k64g48s32afmb1_texture3d_texture2d_half,2048,3072,3072,3.2743,11.806
780m,3b,8da4w,cand,sarc_dev_linear_dq8ca_coopmat_zpg_bt_t128x64k32g22s32_texture3d_texture2d_half,2048,1024,3072,1.1596,11.112
780m,3b,8da4w,cand,sarc_dev_linear_dq8ca_coopmat_zpg_bt_t128x64k32g22s32_texture3d_texture2d_half,2048,1024,3072,1.1577,11.13
780m,3b,8da4w,cand,sarc_dev_780m_x_linear_dq8ca_coopmat_zpg_t256x64k64g48s32afmb1_texture3d_texture2d_half,2048,3072,3072,3.2374,11.94
780m,3b,8da4w,cand,sarc_dev_780m_x_linear_dq8ca_coopmat_zpg_t256x64k64g48s32afmb1_texture3d_texture2d_half,2048,8192,3072,8.5767,12.018
780m,3b,8da4w,cand,sarc_dev_780m_x_linear_dq8ca_coopmat_zpg_t256x64k64g48s32afmb1_texture3d_texture2d_half,2048,8192,3072,8.8436,11.656
780m,3b,8da4w,cand,sarc_dev_linear_dq8ca_coopmat_zpg_bt_t128x64k32g22s32_texture3d_texture2d_half,2048,3072,8192,9.425,10.937
780m,3b,8da4w,cand,sarc_dev_780m_x_linear_dq8ca_coopmat_zpg_t256x64k64g48s32afmb1_texture3d_texture2d_half,2048,3072,3072,3.2786,11.79
780m,3b,8da4w,cand,sarc_dev_linear_dq8ca_coopmat_zpg_bt_t128x64k32g22s32_texture3d_texture2d_half,2048,1024,3072,1.1629,11.08
780m,3b,8da4w,cand,sarc_dev_linear_dq8ca_coopmat_zpg_bt_t128x64k32g22s32_texture3d_texture2d_half,2048,1024,3072,1.166,11.051
780m,3b,8da4w,cand,sarc_dev_780m_x_linear_dq8ca_coopmat_zpg_t256x64k64g48s32afmb1_texture3d_texture2d_half,2048,3072,3072,3.2282,11.974
780m,3b,8da4w,cand,sarc_dev_780m_x_linear_dq8ca_coopmat_zpg_t256x64k64g48s32afmb1_texture3d_texture2d_half,2048,8192,3072,8.5996,11.987
780m,3b,8da4w,cand,sarc_dev_780m_x_linear_dq8ca_coopmat_zpg_t256x64k64g48s32afmb1_texture3d_texture2d_half,2048,8192,3072,8.8219,11.684
780m,3b,8da4w,cand,sarc_dev_linear_dq8ca_coopmat_zpg_bt_t128x64k32g22s32_texture3d_texture2d_half,2048,3072,8192,9.403,10.962
780m,3b,8da4w,cand,sarc_dev_780m_x_linear_dq8ca_coopmat_zpg_t256x64k64g48s32afmb1_texture3d_texture2d_half,2048,3072,3072,3.2684,11.827
780m,3b,8da4w,cand,sarc_dev_linear_dq8ca_coopmat_zpg_bt_t128x64k32g22s32_texture3d_texture2d_half,2048,1024,3072,1.1606,11.102
780m,3b,8da4w,cand,sarc_dev_linear_dq8ca_coopmat_zpg_bt_t128x64k32g22s32_texture3d_texture2d_half,2048,1024,3072,1.167,11.041
780m,3b,8da4w,cand,sarc_dev_780m_x_linear_dq8ca_coopmat_zpg_t256x64k64g48s32afmb1_texture3d_texture2d_half,2048,3072,3072,3.2408,11.928
780m,3b,8da4w,cand,sarc_dev_780m_x_linear_dq8ca_coopmat_zpg_t256x64k64g48s32afmb1_texture3d_texture2d_half,2048,8192,3072,8.6206,11.957
780m,3b,8da4w,cand,sarc_dev_780m_x_linear_dq8ca_coopmat_zpg_t256x64k64g48s32afmb1_texture3d_texture2d_half,2048,8192,3072,8.8402,11.66
780m,3b,8da4w,cand,sarc_dev_linear_dq8ca_coopmat_zpg_bt_t128x64k32g22s32_texture3d_texture2d_half,2048,3072,8192,9.3482,11.027
780m,3b,8da4w,cand,sarc_dev_780m_x_linear_dq8ca_coopmat_zpg_t256x64k64g48s32afmb1_texture3d_texture2d_half,2048,3072,3072,3.2643,11.842
780m,3b,8da4w,cand,sarc_dev_linear_dq8ca_coopmat_zpg_bt_t128x64k32g22s32_texture3d_texture2d_half,2048,1024,3072,1.1607,11.101
780m,3b,8da4w,cand,sarc_dev_linear_dq8ca_coopmat_zpg_bt_t128x64k32g22s32_texture3d_texture2d_half,2048,1024,3072,1.1609,11.099
780m,3b,8da4w,cand,sarc_dev_780m_x_linear_dq8ca_coopmat_zpg_t256x64k64g48s32afmb1_texture3d_texture2d_half,2048,3072,3072,3.2437,11.917
780m,3b,8da4w,cand,sarc_dev_780m_x_linear_dq8ca_coopmat_zpg_t256x64k64g48s32afmb1_texture3d_texture2d_half,2048,8192,3072,8.6289,11.946
780m,3b,8da4w,cand,sarc_dev_780m_x_linear_dq8ca_coopmat_zpg_t256x64k64g48s32afmb1_texture3d_texture2d_half,2048,8192,3072,8.8511,11.646
780m,3b,8da4w,cand,sarc_dev_linear_dq8ca_coopmat_zpg_bt_t128x64k32g22s32_texture3d_texture2d_half,2048,3072,8192,9.4014,10.964
780m,3b,8da4w,cand,sarc_dev_780m_x_linear_dq8ca_coopmat_zpg_t256x64k64g48s32afmb1_texture3d_texture2d_half,2048,3072,3072,3.2625,11.848
780m,3b,8da4w,cand,sarc_dev_linear_dq8ca_coopmat_zpg_bt_t128x64k32g22s32_texture3d_texture2d_half,2048,1024,3072,1.1563,11.143
780m,3b,8da4w,cand,sarc_dev_linear_dq8ca_coopmat_zpg_bt_t128x64k32g22s32_texture3d_texture2d_half,2048,1024,3072,1.1596,11.112
780m,3b,8da4w,cand,sarc_dev_780m_x_linear_dq8ca_coopmat_zpg_t256x64k64g48s32afmb1_texture3d_texture2d_half,2048,3072,3072,3.2236,11.991
780m,3b,8da4w,cand,sarc_dev_780m_x_linear_dq8ca_coopmat_zpg_t256x64k64g48s32afmb1_texture3d_texture2d_half,2048,8192,3072,8.5964,11.991
780m,3b,8da4w,cand,sarc_dev_780m_x_linear_dq8ca_coopmat_zpg_t256x64k64g48s32afmb1_texture3d_texture2d_half,2048,8192,3072,8.8738,11.616
780m,3b,8da4w,cand,sarc_dev_linear_dq8ca_coopmat_zpg_bt_t128x64k32g22s32_texture3d_texture2d_half,2048,3072,8192,9.3871,10.981
780m,3b,8da4w,cand,sarc_dev_780m_x_linear_dq8ca_coopmat_zpg_t256x64k64g48s32afmb1_texture3d_texture2d_half,2048,3072,3072,3.2763,11.798
780m,3b,8da4w,cand,sarc_dev_linear_dq8ca_coopmat_zpg_bt_t128x64k32g22s32_texture3d_texture2d_half,2048,1024,3072,1.1622,11.086
780m,3b,8da4w,cand,sarc_dev_linear_dq8ca_coopmat_zpg_bt_t128x64k32g22s32_texture3d_texture2d_half,2048,1024,3072,1.1628,11.081
780m,3b,8da4w,cand,sarc_dev_780m_x_linear_dq8ca_coopmat_zpg_t256x64k64g48s32afmb1_texture3d_texture2d_half,2048,3072,3072,3.2375,11.94
780m,3b,8da4w,cand,sarc_dev_780m_x_linear_dq8ca_coopmat_zpg_t256x64k64g48s32afmb1_texture3d_texture2d_half,2048,8192,3072,8.6057,11.978
780m,3b,8da4w,cand,sarc_dev_780m_x_linear_dq8ca_coopmat_zpg_t256x64k64g48s32afmb1_texture3d_texture2d_half,2048,8192,3072,8.8235,11.682
780m,3b,8da4w,cand,sarc_dev_linear_dq8ca_coopmat_zpg_bt_t128x64k32g22s32_texture3d_texture2d_half,2048,3072,8192,9.3726,10.998
780m,3b,8da4w,cand,sarc_dev_780m_x_linear_dq8ca_coopmat_zpg_t256x64k64g48s32afmb1_texture3d_texture2d_half,2048,3072,3072,3.2696,11.822
780m,3b,8da4w,cand,sarc_dev_linear_dq8ca_coopmat_zpg_bt_t128x64k32g22s32_texture3d_texture2d_half,2048,1024,3072,1.1598,11.11
780m,3b,8da4w,cand,sarc_dev_linear_dq8ca_coopmat_zpg_bt_t128x64k32g22s32_texture3d_texture2d_half,2048,1024,3072,1.1602,11.105
780m,3b,8da4w,cand,sarc_dev_780m_x_linear_dq8ca_coopmat_zpg_t256x64k64g48s32afmb1_texture3d_texture2d_half,2048,3072,3072,3.2479,11.902
780m,3b,8da4w,cand,sarc_dev_780m_x_linear_dq8ca_coopmat_zpg_t256x64k64g48s32afmb1_texture3d_texture2d_half,2048,8192,3072,8.6182,11.961
780m,3b,8da4w,cand,sarc_dev_780m_x_linear_dq8ca_coopmat_zpg_t256x64k64g48s32afmb1_texture3d_texture2d_half,2048,8192,3072,8.9177,11.559
780m,3b,8da4w,cand,sarc_dev_linear_dq8ca_coopmat_zpg_bt_t128x64k32g22s32_texture3d_texture2d_half,2048,3072,8192,9.3686,11.003
780m,3b,8da4w,cand,sarc_dev_780m_x_linear_dq8ca_coopmat_zpg_t256x64k64g48s32afmb1_texture3d_texture2d_half,2048,3072,3072,3.2694,11.823
780m,3b,8da4w,cand,sarc_dev_linear_dq8ca_coopmat_zpg_bt_t128x64k32g22s32_texture3d_texture2d_half,2048,1024,3072,1.1616,11.092
780m,3b,8da4w,cand,sarc_dev_linear_dq8ca_coopmat_zpg_bt_t128x64k32g22s32_texture3d_texture2d_half,2048,1024,3072,1.16,11.108
780m,3b,8da4w,cand,sarc_dev_780m_x_linear_dq8ca_coopmat_zpg_t256x64k64g48s32afmb1_texture3d_texture2d_half,2048,3072,3072,3.2327,11.957
780m,3b,8da4w,cand,sarc_dev_780m_x_linear_dq8ca_coopmat_zpg_t256x64k64g48s32afmb1_texture3d_texture2d_half,2048,8192,3072,8.6355,11.937
780m,3b,8da4w,cand,sarc_dev_780m_x_linear_dq8ca_coopmat_zpg_t256x64k64g48s32afmb1_texture3d_texture2d_half,2048,8192,3072,8.8312,11.672
780m,3b,8da4w,cand,sarc_dev_linear_dq8ca_coopmat_zpg_bt_t128x64k32g22s32_texture3d_texture2d_half,2048,3072,8192,9.3653,11.006
780m,3b,8da4w,cand,sarc_dev_780m_x_linear_dq8ca_coopmat_zpg_t256x64k64g48s32afmb1_texture3d_texture2d_half,2048,3072,3072,3.2782,11.792
780m,3b,8da4w,cand,sarc_dev_linear_dq8ca_coopmat_zpg_bt_t128x64k32g22s32_texture3d_texture2d_half,2048,1024,3072,1.163,11.079
780m,3b,8da4w,cand,sarc_dev_linear_dq8ca_coopmat_zpg_bt_t128x64k32g22s32_texture3d_texture2d_half,2048,1024,3072,1.165,11.06
780m,3b,8da4w,cand,sarc_dev_780m_x_linear_dq8ca_coopmat_zpg_t256x64k64g48s32afmb1_texture3d_texture2d_half,2048,3072,3072,3.2448,11.913
780m,3b,8da4w,cand,sarc_dev_780m_x_linear_dq8ca_coopmat_zpg_t256x64k64g48s32afmb1_texture3d_texture2d_half,2048,8192,3072,8.5918,11.997
780m,3b,8da4w,cand,sarc_dev_780m_x_linear_dq8ca_coopmat_zpg_t256x64k64g48s32afmb1_texture3d_texture2d_half,2048,8192,3072,8.8605,11.634
780m,3b,8da4w,cand,sarc_dev_linear_dq8ca_coopmat_zpg_bt_t128x64k32g22s32_texture3d_texture2d_half,2048,3072,8192,9.396,10.971
780m,3b,8da4w,cand,sarc_dev_780m_x_linear_dq8ca_coopmat_zpg_t256x64k64g48s32afmb1_texture3d_texture2d_half,2048,3072,3072,3.2822,11.777
780m,3b,8da4w,cand,sarc_dev_linear_dq8ca_coopmat_zpg_bt_t128x64k32g22s32_texture3d_texture2d_half,2048,1024,3072,1.1654,11.056
780m,3b,8da4w,cand,sarc_dev_linear_dq8ca_coopmat_zpg_bt_t128x64k32g22s32_texture3d_texture2d_half,2048,1024,3072,1.1636,11.073
780m,3b,8da4w,cand,sarc_dev_780m_x_linear_dq8ca_coopmat_zpg_t256x64k64g48s32afmb1_texture3d_texture2d_half,2048,3072,3072,3.242,11.923
780m,3b,8da4w,cand,sarc_dev_780m_x_linear_dq8ca_coopmat_zpg_t256x64k64g48s32afmb1_texture3d_texture2d_half,2048,8192,3072,8.6056,11.978
780m,3b,8da4w,cand,sarc_dev_780m_x_linear_dq8ca_coopmat_zpg_t256x64k64g48s32afmb1_texture3d_texture2d_half,2048,8192,3072,8.8446,11.654
780m,3b,8da4w,cand,sarc_dev_linear_dq8ca_coopmat_zpg_bt_t128x64k32g22s32_texture3d_texture2d_half,2048,3072,8192,9.3812,10.988
780m,3b,8da4w,cand,sarc_dev_780m_x_linear_dq8ca_coopmat_zpg_t256x64k64g48s32afmb1_texture3d_texture2d_half,2048,3072,3072,3.2817,11.779
780m,3b,8da4w,cand,sarc_dev_linear_dq8ca_coopmat_zpg_bt_t128x64k32g22s32_texture3d_texture2d_half,2048,1024,3072,1.1609,11.099
780m,3b,8da4w,cand,sarc_dev_linear_dq8ca_coopmat_zpg_bt_t128x64k32g22s32_texture3d_texture2d_half,2048,1024,3072,1.1729,10.986
780m,3b,8da4w,cand,sarc_dev_780m_x_linear_dq8ca_coopmat_zpg_t256x64k64g48s32afmb1_texture3d_texture2d_half,2048,3072,3072,3.2397,11.932
780m,3b,8da4w,cand,sarc_dev_780m_x_linear_dq8ca_coopmat_zpg_t256x64k64g48s32afmb1_texture3d_texture2d_half,2048,8192,3072,8.6169,11.962
780m,3b,8da4w,cand,sarc_dev_780m_x_linear_dq8ca_coopmat_zpg_t256x64k64g48s32afmb1_texture3d_texture2d_half,2048,8192,3072,8.8581,11.637
780m,3b,8da4w,cand,sarc_dev_linear_dq8ca_coopmat_zpg_bt_t128x64k32g22s32_texture3d_texture2d_half,2048,3072,8192,9.3829,10.986
780m,3b,8da4w,cand,sarc_dev_780m_x_linear_dq8ca_coopmat_zpg_t256x64k64g48s32afmb1_texture3d_texture2d_half,2048,3072,3072,3.2808,11.782
780m,3b,8da4w,cand,sarc_dev_linear_dq8ca_coopmat_zpg_bt_t128x64k32g22s32_texture3d_texture2d_half,2048,1024,3072,1.1676,11.035
780m,3b,8da4w,cand,sarc_dev_linear_dq8ca_coopmat_zpg_bt_t128x64k32g22s32_texture3d_texture2d_half,2048,1024,3072,1.1643,11.067
780m,3b,8da4w,cand,sarc_dev_780m_x_linear_dq8ca_coopmat_zpg_t256x64k64g48s32afmb1_texture3d_texture2d_half,2048,3072,3072,3.243,11.92
780m,3b,8da4w,cand,sarc_dev_780m_x_linear_dq8ca_coopmat_zpg_t256x64k64g48s32afmb1_texture3d_texture2d_half,2048,8192,3072,8.6192,11.959
780m,3b,8da4w,cand,sarc_dev_780m_x_linear_dq8ca_coopmat_zpg_t256x64k64g48s32afmb1_texture3d_texture2d_half,2048,8192,3072,8.8545,11.641
780m,3b,8da4w,cand,sarc_dev_linear_dq8ca_coopmat_zpg_bt_t128x64k32g22s32_texture3d_texture2d_half,2048,3072,8192,9.411,10.953
780m,3b,8da4w,cand,sarc_dev_780m_x_linear_dq8ca_coopmat_zpg_t256x64k64g48s32afmb1_texture3d_texture2d_half,2048,3072,3072,3.2849,11.767
780m,3b,8da4w,cand,sarc_dev_linear_dq8ca_coopmat_zpg_bt_t128x64k32g22s32_texture3d_texture2d_half,2048,1024,3072,1.1694,11.019
780m,3b,8da4w,cand,sarc_dev_linear_dq8ca_coopmat_zpg_bt_t128x64k32g22s32_texture3d_texture2d_half,2048,1024,3072,1.1638,11.071
780m,3b,8da4w,cand,sarc_dev_780m_x_linear_dq8ca_coopmat_zpg_t256x64k64g48s32afmb1_texture3d_texture2d_half,2048,3072,3072,3.2452,11.911
780m,3b,8da4w,cand,sarc_dev_780m_x_linear_dq8ca_coopmat_zpg_t256x64k64g48s32afmb1_texture3d_texture2d_half,2048,8192,3072,8.6142,11.966
780m,3b,8da4w,cand,sarc_dev_780m_x_linear_dq8ca_coopmat_zpg_t256x64k64g48s32afmb1_texture3d_texture2d_half,2048,8192,3072,8.8887,11.597
780m,3b,8da4w,cand,sarc_dev_linear_dq8ca_coopmat_zpg_bt_t128x64k32g22s32_texture3d_texture2d_half,2048,3072,8192,9.3843,10.984
780m,3b,8da4w,cand,sarc_dev_780m_x_linear_dq8ca_coopmat_zpg_t256x64k64g48s32afmb1_texture3d_texture2d_half,2048,3072,3072,3.2702,11.82
780m,3b,8da4w,cand,sarc_dev_linear_dq8ca_coopmat_zpg_bt_t128x64k32g22s32_texture3d_texture2d_half,2048,1024,3072,1.1621,11.087
780m,3b,8da4w,cand,sarc_dev_linear_dq8ca_coopmat_zpg_bt_t128x64k32g22s32_texture3d_texture2d_half,2048,1024,3072,1.1682,11.03
780m,3b,8da4w,cand,sarc_dev_780m_x_linear_dq8ca_coopmat_zpg_t256x64k64g48s32afmb1_texture3d_texture2d_half,2048,3072,3072,3.2418,11.924
780m,3b,8da4w,cand,sarc_dev_780m_x_linear_dq8ca_coopmat_zpg_t256x64k64g48s32afmb1_texture3d_texture2d_half,2048,8192,3072,8.6202,11.958
780m,3b,8da4w,cand,sarc_dev_780m_x_linear_dq8ca_coopmat_zpg_t256x64k64g48s32afmb1_texture3d_texture2d_half,2048,8192,3072,8.8528,11.644
780m,3b,8da4w,cand,sarc_dev_linear_dq8ca_coopmat_zpg_bt_t128x64k32g22s32_texture3d_texture2d_half,2048,3072,8192,9.4357,10.924
780m,3b,8da4w,cand,sarc_dev_780m_x_linear_dq8ca_coopmat_zpg_t256x64k64g48s32afmb1_texture3d_texture2d_half,2048,3072,3072,3.2914,11.744
780m,3b,8da4w,cand,sarc_dev_linear_dq8ca_coopmat_zpg_bt_t128x64k32g22s32_texture3d_texture2d_half,2048,1024,3072,1.1688,11.024
780m,3b,8da4w,cand,sarc_dev_linear_dq8ca_coopmat_zpg_bt_t128x64k32g22s32_texture3d_texture2d_half,2048,1024,3072,1.1676,11.035
780m,3b,8da4w,cand,sarc_dev_780m_x_linear_dq8ca_coopmat_zpg_t256x64k64g48s32afmb1_texture3d_texture2d_half,2048,3072,3072,3.2553,11.874
780m,3b,8da4w,cand,sarc_dev_780m_x_linear_dq8ca_coopmat_zpg_t256x64k64g48s32afmb1_texture3d_texture2d_half,2048,8192,3072,8.6146,11.966
780m,3b,8da4w,cand,sarc_dev_780m_x_linear_dq8ca_coopmat_zpg_t256x64k64g48s32afmb1_texture3d_texture2d_half,2048,8192,3072,8.8409,11.659
780m,3b,8da4w,cand,sarc_dev_linear_dq8ca_coopmat_zpg_bt_t128x64k32g22s32_texture3d_texture2d_half,2048,3072,8192,9.3497,11.025
780m,3b,8da4w,cand,sarc_dev_780m_x_linear_dq8ca_coopmat_zpg_t256x64k64g48s32afmb1_texture3d_texture2d_half,2048,3072,3072,3.2677,11.829
780m,3b,8da4w,cand,sarc_dev_linear_dq8ca_coopmat_zpg_bt_t128x64k32g22s32_texture3d_texture2d_half,2048,1024,3072,1.1588,11.12
780m,3b,8da4w,cand,sarc_dev_linear_dq8ca_coopmat_zpg_bt_t128x64k32g22s32_texture3d_texture2d_half,2048,1024,3072,1.1627,11.082
780m,3b,8da4w,cand,sarc_dev_780m_x_linear_dq8ca_coopmat_zpg_t256x64k64g48s32afmb1_texture3d_texture2d_half,2048,3072,3072,3.2422,11.922
780m,3b,8da4w,cand,sarc_dev_780m_x_linear_dq8ca_coopmat_zpg_t256x64k64g48s32afmb1_texture3d_texture2d_half,2048,8192,3072,8.6735,11.884
780m,3b,8da4w,cand,sarc_dev_780m_x_linear_dq8ca_coopmat_zpg_t256x64k64g48s32afmb1_texture3d_texture2d_half,2048,8192,3072,8.8728,11.617
780m,3b,8da4w,cand,sarc_dev_linear_dq8ca_coopmat_zpg_bt_t128x64k32g22s32_texture3d_texture2d_half,2048,3072,8192,9.3894,10.978
780m,3b,8da4w,cand,sarc_dev_780m_x_linear_dq8ca_coopmat_zpg_t256x64k64g48s32afmb1_texture3d_texture2d_half,2048,3072,3072,3.2852,11.766
780m,3b,8da4w,cand,sarc_dev_linear_dq8ca_coopmat_zpg_bt_t128x64k32g22s32_texture3d_texture2d_half,2048,1024,3072,1.1638,11.072
780m,3b,8da4w,cand,sarc_dev_linear_dq8ca_coopmat_zpg_bt_t128x64k32g22s32_texture3d_texture2d_half,2048,1024,3072,1.1613,11.095
780m,3b,8da4w,cand,sarc_dev_780m_x_linear_dq8ca_coopmat_zpg_t256x64k64g48s32afmb1_texture3d_texture2d_half,2048,3072,3072,3.2389,11.934
780m,3b,8da4w,cand,sarc_dev_780m_x_linear_dq8ca_coopmat_zpg_t256x64k64g48s32afmb1_texture3d_texture2d_half,2048,8192,3072,8.6303,11.944
780m,3b,8da4w,cand,sarc_dev_780m_x_linear_dq8ca_coopmat_zpg_t256x64k64g48s32afmb1_texture3d_texture2d_half,2048,8192,3072,8.8614,11.632
780m,3b,8da4w,cand,sarc_dev_linear_dq8ca_coopmat_zpg_bt_t128x64k32g22s32_texture3d_texture2d_half,2048,3072,8192,9.3849,10.983
780m,3b,8da4w,parent,sarc_linear_dq8ca_coopmat_zpg_t128x64k32g42s32_texture3d_texture2d_half,2048,3072,3072,4.1205,9.381
780m,3b,8da4w,parent,sarc_linear_dq8ca_coopmat_zpg_t128x64k32g42s32_texture3d_texture2d_half,2048,1024,3072,1.3116,9.824
780m,3b,8da4w,parent,sarc_linear_dq8ca_coopmat_zpg_t128x64k32g42s32_texture3d_texture2d_half,2048,1024,3072,1.4492,8.891
780m,3b,8da4w,parent,sarc_linear_dq8ca_coopmat_zpg_t128x64k32g42s32_texture3d_texture2d_half,2048,3072,3072,3.8506,10.039
780m,3b,8da4w,parent,sarc_linear_dq8ca_coopmat_zpg_t128x64k32g42s32_texture3d_texture2d_half,2048,8192,3072,10.2109,10.095
780m,3b,8da4w,parent,sarc_linear_dq8ca_coopmat_zpg_t128x64k32g42s32_texture3d_texture2d_half,2048,8192,3072,10.7462,9.592
780m,3b,8da4w,parent,sarc_linear_dq8ca_coopmat_zpg_t128x64k32g42s32_texture3d_texture2d_half,2048,3072,8192,10.5486,9.772
780m,3b,8da4w,parent,sarc_linear_dq8ca_coopmat_zpg_t128x64k32g42s32_texture3d_texture2d_half,2048,3072,3072,4.0852,9.462
780m,3b,8da4w,parent,sarc_linear_dq8ca_coopmat_zpg_t128x64k32g42s32_texture3d_texture2d_half,2048,1024,3072,1.3148,9.8
780m,3b,8da4w,parent,sarc_linear_dq8ca_coopmat_zpg_t128x64k32g42s32_texture3d_texture2d_half,2048,1024,3072,1.4606,8.822
780m,3b,8da4w,parent,sarc_linear_dq8ca_coopmat_zpg_t128x64k32g42s32_texture3d_texture2d_half,2048,3072,3072,3.8516,10.036
780m,3b,8da4w,parent,sarc_linear_dq8ca_coopmat_zpg_t128x64k32g42s32_texture3d_texture2d_half,2048,8192,3072,10.2125,10.093
780m,3b,8da4w,parent,sarc_linear_dq8ca_coopmat_zpg_t128x64k32g42s32_texture3d_texture2d_half,2048,8192,3072,10.8132,9.533
780m,3b,8da4w,parent,sarc_linear_dq8ca_coopmat_zpg_t128x64k32g42s32_texture3d_texture2d_half,2048,3072,8192,10.6315,9.696
780m,3b,8da4w,parent,sarc_linear_dq8ca_coopmat_zpg_t128x64k32g42s32_texture3d_texture2d_half,2048,3072,3072,4.1134,9.397
780m,3b,8da4w,parent,sarc_linear_dq8ca_coopmat_zpg_t128x64k32g42s32_texture3d_texture2d_half,2048,1024,3072,1.3124,9.818
780m,3b,8da4w,parent,sarc_linear_dq8ca_coopmat_zpg_t128x64k32g42s32_texture3d_texture2d_half,2048,1024,3072,1.4638,8.802
780m,3b,8da4w,parent,sarc_linear_dq8ca_coopmat_zpg_t128x64k32g42s32_texture3d_texture2d_half,2048,3072,3072,3.846,10.051
780m,3b,8da4w,parent,sarc_linear_dq8ca_coopmat_zpg_t128x64k32g42s32_texture3d_texture2d_half,2048,8192,3072,10.2094,10.097
780m,3b,8da4w,parent,sarc_linear_dq8ca_coopmat_zpg_t128x64k32g42s32_texture3d_texture2d_half,2048,8192,3072,10.7471,9.591
780m,3b,8da4w,parent,sarc_linear_dq8ca_coopmat_zpg_t128x64k32g42s32_texture3d_texture2d_half,2048,3072,8192,10.5622,9.759
780m,3b,8da4w,parent,sarc_linear_dq8ca_coopmat_zpg_t128x64k32g42s32_texture3d_texture2d_half,2048,3072,3072,4.087,9.458
780m,3b,8da4w,parent,sarc_linear_dq8ca_coopmat_zpg_t128x64k32g42s32_texture3d_texture2d_half,2048,1024,3072,1.3118,9.823
780m,3b,8da4w,parent,sarc_linear_dq8ca_coopmat_zpg_t128x64k32g42s32_texture3d_texture2d_half,2048,1024,3072,1.4479,8.899
780m,3b,8da4w,parent,sarc_linear_dq8ca_coopmat_zpg_t128x64k32g42s32_texture3d_texture2d_half,2048,3072,3072,3.8506,10.039
780m,3b,8da4w,parent,sarc_linear_dq8ca_coopmat_zpg_t128x64k32g42s32_texture3d_texture2d_half,2048,8192,3072,10.2244,10.082
780m,3b,8da4w,parent,sarc_linear_dq8ca_coopmat_zpg_t128x64k32g42s32_texture3d_texture2d_half,2048,8192,3072,10.7387,9.599
780m,3b,8da4w,parent,sarc_linear_dq8ca_coopmat_zpg_t128x64k32g42s32_texture3d_texture2d_half,2048,3072,8192,10.5677,9.754
780m,3b,8da4w,parent,sarc_linear_dq8ca_coopmat_zpg_t128x64k32g42s32_texture3d_texture2d_half,2048,3072,3072,4.063,9.514
780m,3b,8da4w,parent,sarc_linear_dq8ca_coopmat_zpg_t128x64k32g42s32_texture3d_texture2d_half,2048,1024,3072,1.306,9.866
780m,3b,8da4w,parent,sarc_linear_dq8ca_coopmat_zpg_t128x64k32g42s32_texture3d_texture2d_half,2048,1024,3072,1.4344,8.983
780m,3b,8da4w,parent,sarc_linear_dq8ca_coopmat_zpg_t128x64k32g42s32_texture3d_texture2d_half,2048,3072,3072,3.85,10.04
780m,3b,8da4w,parent,sarc_linear_dq8ca_coopmat_zpg_t128x64k32g42s32_texture3d_texture2d_half,2048,8192,3072,10.2169,10.089
780m,3b,8da4w,parent,sarc_linear_dq8ca_coopmat_zpg_t128x64k32g42s32_texture3d_texture2d_half,2048,8192,3072,10.7163,9.619
780m,3b,8da4w,parent,sarc_linear_dq8ca_coopmat_zpg_t128x64k32g42s32_texture3d_texture2d_half,2048,3072,8192,10.5398,9.78
780m,3b,8da4w,parent,sarc_linear_dq8ca_coopmat_zpg_t128x64k32g42s32_texture3d_texture2d_half,2048,3072,3072,4.09,9.451
780m,3b,8da4w,parent,sarc_linear_dq8ca_coopmat_zpg_t128x64k32g42s32_texture3d_texture2d_half,2048,1024,3072,1.3074,9.855
780m,3b,8da4w,parent,sarc_linear_dq8ca_coopmat_zpg_t128x64k32g42s32_texture3d_texture2d_half,2048,1024,3072,1.4608,8.821
780m,3b,8da4w,parent,sarc_linear_dq8ca_coopmat_zpg_t128x64k32g42s32_texture3d_texture2d_half,2048,3072,3072,3.8501,10.04
780m,3b,8da4w,parent,sarc_linear_dq8ca_coopmat_zpg_t128x64k32g42s32_texture3d_texture2d_half,2048,8192,3072,10.216,10.09
780m,3b,8da4w,parent,sarc_linear_dq8ca_coopmat_zpg_t128x64k32g42s32_texture3d_texture2d_half,2048,8192,3072,10.742,9.596
780m,3b,8da4w,parent,sarc_linear_dq8ca_coopmat_zpg_t128x64k32g42s32_texture3d_texture2d_half,2048,3072,8192,10.5328,9.786
780m,3b,8da4w,parent,sarc_linear_dq8ca_coopmat_zpg_t128x64k32g42s32_texture3d_texture2d_half,2048,3072,3072,4.1193,9.384
780m,3b,8da4w,parent,sarc_linear_dq8ca_coopmat_zpg_t128x64k32g42s32_texture3d_texture2d_half,2048,1024,3072,1.3126,9.817
780m,3b,8da4w,parent,sarc_linear_dq8ca_coopmat_zpg_t128x64k32g42s32_texture3d_texture2d_half,2048,1024,3072,1.4495,8.889
780m,3b,8da4w,parent,sarc_linear_dq8ca_coopmat_zpg_t128x64k32g42s32_texture3d_texture2d_half,2048,3072,3072,3.8436,10.057
780m,3b,8da4w,parent,sarc_linear_dq8ca_coopmat_zpg_t128x64k32g42s32_texture3d_texture2d_half,2048,8192,3072,10.2172,10.089
780m,3b,8da4w,parent,sarc_linear_dq8ca_coopmat_zpg_t128x64k32g42s32_texture3d_texture2d_half,2048,8192,3072,10.7214,9.614
780m,3b,8da4w,parent,sarc_linear_dq8ca_coopmat_zpg_t128x64k32g42s32_texture3d_texture2d_half,2048,3072,8192,10.5629,9.759
780m,3b,8da4w,parent,sarc_linear_dq8ca_coopmat_zpg_t128x64k32g42s32_texture3d_texture2d_half,2048,3072,3072,4.1198,9.383
780m,3b,8da4w,parent,sarc_linear_dq8ca_coopmat_zpg_t128x64k32g42s32_texture3d_texture2d_half,2048,1024,3072,1.3117,9.823
780m,3b,8da4w,parent,sarc_linear_dq8ca_coopmat_zpg_t128x64k32g42s32_texture3d_texture2d_half,2048,1024,3072,1.4243,9.047
780m,3b,8da4w,parent,sarc_linear_dq8ca_coopmat_zpg_t128x64k32g42s32_texture3d_texture2d_half,2048,3072,3072,3.8512,10.037
780m,3b,8da4w,parent,sarc_linear_dq8ca_coopmat_zpg_t128x64k32g42s32_texture3d_texture2d_half,2048,8192,3072,10.2264,10.08
780m,3b,8da4w,parent,sarc_linear_dq8ca_coopmat_zpg_t128x64k32g42s32_texture3d_texture2d_half,2048,8192,3072,10.8046,9.54
780m,3b,8da4w,parent,sarc_linear_dq8ca_coopmat_zpg_t128x64k32g42s32_texture3d_texture2d_half,2048,3072,8192,10.5644,9.757
780m,3b,8da4w,parent,sarc_linear_dq8ca_coopmat_zpg_t128x64k32g42s32_texture3d_texture2d_half,2048,3072,3072,4.1271,9.366
780m,3b,8da4w,parent,sarc_linear_dq8ca_coopmat_zpg_t128x64k32g42s32_texture3d_texture2d_half,2048,1024,3072,1.3097,9.838
780m,3b,8da4w,parent,sarc_linear_dq8ca_coopmat_zpg_t128x64k32g42s32_texture3d_texture2d_half,2048,1024,3072,1.4498,8.887
780m,3b,8da4w,parent,sarc_linear_dq8ca_coopmat_zpg_t128x64k32g42s32_texture3d_texture2d_half,2048,3072,3072,3.8459,10.051
780m,3b,8da4w,parent,sarc_linear_dq8ca_coopmat_zpg_t128x64k32g42s32_texture3d_texture2d_half,2048,8192,3072,10.2227,10.083
780m,3b,8da4w,parent,sarc_linear_dq8ca_coopmat_zpg_t128x64k32g42s32_texture3d_texture2d_half,2048,8192,3072,10.744,9.594
780m,3b,8da4w,parent,sarc_linear_dq8ca_coopmat_zpg_t128x64k32g42s32_texture3d_texture2d_half,2048,3072,8192,10.61,9.715
780m,3b,8da4w,parent,sarc_linear_dq8ca_coopmat_zpg_t128x64k32g42s32_texture3d_texture2d_half,2048,3072,3072,4.1186,9.385
780m,3b,8da4w,parent,sarc_linear_dq8ca_coopmat_zpg_t128x64k32g42s32_texture3d_texture2d_half,2048,1024,3072,1.3115,9.825
780m,3b,8da4w,parent,sarc_linear_dq8ca_coopmat_zpg_t128x64k32g42s32_texture3d_texture2d_half,2048,1024,3072,1.4549,8.856
780m,3b,8da4w,parent,sarc_linear_dq8ca_coopmat_zpg_t128x64k32g42s32_texture3d_texture2d_half,2048,3072,3072,3.8468,10.049
780m,3b,8da4w,parent,sarc_linear_dq8ca_coopmat_zpg_t128x64k32g42s32_texture3d_texture2d_half,2048,8192,3072,10.227,10.079
780m,3b,8da4w,parent,sarc_linear_dq8ca_coopmat_zpg_t128x64k32g42s32_texture3d_texture2d_half,2048,8192,3072,10.6844,9.648
780m,3b,8da4w,parent,sarc_linear_dq8ca_coopmat_zpg_t128x64k32g42s32_texture3d_texture2d_half,2048,3072,8192,10.6165,9.709
780m,3b,8da4w,parent,sarc_linear_dq8ca_coopmat_zpg_t128x64k32g42s32_texture3d_texture2d_half,2048,3072,3072,4.1028,9.421
780m,3b,8da4w,parent,sarc_linear_dq8ca_coopmat_zpg_t128x64k32g42s32_texture3d_texture2d_half,2048,1024,3072,1.3124,9.818
780m,3b,8da4w,parent,sarc_linear_dq8ca_coopmat_zpg_t128x64k32g42s32_texture3d_texture2d_half,2048,1024,3072,1.4568,8.845
780m,3b,8da4w,parent,sarc_linear_dq8ca_coopmat_zpg_t128x64k32g42s32_texture3d_texture2d_half,2048,3072,3072,3.8524,10.034
780m,3b,8da4w,parent,sarc_linear_dq8ca_coopmat_zpg_t128x64k32g42s32_texture3d_texture2d_half,2048,8192,3072,10.2155,10.09
780m,3b,8da4w,parent,sarc_linear_dq8ca_coopmat_zpg_t128x64k32g42s32_texture3d_texture2d_half,2048,8192,3072,10.703,9.631
780m,3b,8da4w,parent,sarc_linear_dq8ca_coopmat_zpg_t128x64k32g42s32_texture3d_texture2d_half,2048,3072,8192,10.5276,9.791
780m,3b,8da4w,parent,sarc_linear_dq8ca_coopmat_zpg_t128x64k32g42s32_texture3d_texture2d_half,2048,3072,3072,4.1097,9.406
780m,3b,8da4w,parent,sarc_linear_dq8ca_coopmat_zpg_t128x64k32g42s32_texture3d_texture2d_half,2048,1024,3072,1.306,9.866
780m,3b,8da4w,parent,sarc_linear_dq8ca_coopmat_zpg_t128x64k32g42s32_texture3d_texture2d_half,2048,1024,3072,1.4409,8.942
780m,3b,8da4w,parent,sarc_linear_dq8ca_coopmat_zpg_t128x64k32g42s32_texture3d_texture2d_half,2048,3072,3072,3.8434,10.057
780m,3b,8da4w,parent,sarc_linear_dq8ca_coopmat_zpg_t128x64k32g42s32_texture3d_texture2d_half,2048,8192,3072,10.2216,10.084
780m,3b,8da4w,parent,sarc_linear_dq8ca_coopmat_zpg_t128x64k32g42s32_texture3d_texture2d_half,2048,8192,3072,10.7674,9.573
780m,3b,8da4w,parent,sarc_linear_dq8ca_coopmat_zpg_t128x64k32g42s32_texture3d_texture2d_half,2048,3072,8192,10.5342,9.785
780m,3b,8da4w,parent,sarc_linear_dq8ca_coopmat_zpg_t128x64k32g42s32_texture3d_texture2d_half,2048,3072,3072,4.085,9.463
780m,3b,8da4w,parent,sarc_linear_dq8ca_coopmat_zpg_t128x64k32g42s32_texture3d_texture2d_half,2048,1024,3072,1.3071,9.858
780m,3b,8da4w,parent,sarc_linear_dq8ca_coopmat_zpg_t128x64k32g42s32_texture3d_texture2d_half,2048,1024,3072,1.4578,8.838
780m,3b,8da4w,parent,sarc_linear_dq8ca_coopmat_zpg_t128x64k32g42s32_texture3d_texture2d_half,2048,3072,3072,3.8545,10.028
780m,3b,8da4w,parent,sarc_linear_dq8ca_coopmat_zpg_t128x64k32g42s32_texture3d_texture2d_half,2048,8192,3072,10.2315,10.075
780m,3b,8da4w,parent,sarc_linear_dq8ca_coopmat_zpg_t128x64k32g42s32_texture3d_texture2d_half,2048,8192,3072,10.6905,9.642
780m,3b,8da4w,parent,sarc_linear_dq8ca_coopmat_zpg_t128x64k32g42s32_texture3d_texture2d_half,2048,3072,8192,10.6682,9.662
780m,3b,8da4w,parent,sarc_linear_dq8ca_coopmat_zpg_t128x64k32g42s32_texture3d_texture2d_half,2048,3072,3072,4.0902,9.451
780m,3b,8da4w,parent,sarc_linear_dq8ca_coopmat_zpg_t128x64k32g42s32_texture3d_texture2d_half,2048,1024,3072,1.3043,9.879
780m,3b,8da4w,parent,sarc_linear_dq8ca_coopmat_zpg_t128x64k32g42s32_texture3d_texture2d_half,2048,1024,3072,1.4418,8.937
780m,3b,8da4w,parent,sarc_linear_dq8ca_coopmat_zpg_t128x64k32g42s32_texture3d_texture2d_half,2048,3072,3072,3.8433,10.058
780m,3b,8da4w,parent,sarc_linear_dq8ca_coopmat_zpg_t128x64k32g42s32_texture3d_texture2d_half,2048,8192,3072,10.2247,10.081
780m,3b,8da4w,parent,sarc_linear_dq8ca_coopmat_zpg_t128x64k32g42s32_texture3d_texture2d_half,2048,8192,3072,10.7308,9.606
780m,3b,8da4w,parent,sarc_linear_dq8ca_coopmat_zpg_t128x64k32g42s32_texture3d_texture2d_half,2048,3072,8192,10.5396,9.78
780m,3b,8da4w,parent,sarc_linear_dq8ca_coopmat_zpg_t128x64k32g42s32_texture3d_texture2d_half,2048,3072,3072,4.0798,9.475
780m,3b,8da4w,parent,sarc_linear_dq8ca_coopmat_zpg_t128x64k32g42s32_texture3d_texture2d_half,2048,1024,3072,1.3057,9.868
780m,3b,8da4w,parent,sarc_linear_dq8ca_coopmat_zpg_t128x64k32g42s32_texture3d_texture2d_half,2048,1024,3072,1.4438,8.924
780m,3b,8da4w,parent,sarc_linear_dq8ca_coopmat_zpg_t128x64k32g42s32_texture3d_texture2d_half,2048,3072,3072,3.8545,10.029
780m,3b,8da4w,parent,sarc_linear_dq8ca_coopmat_zpg_t128x64k32g42s32_texture3d_texture2d_half,2048,8192,3072,10.2239,10.082
780m,3b,8da4w,parent,sarc_linear_dq8ca_coopmat_zpg_t128x64k32g42s32_texture3d_texture2d_half,2048,8192,3072,10.6842,9.648
780m,3b,8da4w,parent,sarc_linear_dq8ca_coopmat_zpg_t128x64k32g42s32_texture3d_texture2d_half,2048,3072,8192,10.5245,9.794
780m,3b,8da4w,parent,sarc_linear_dq8ca_coopmat_zpg_t128x64k32g42s32_texture3d_texture2d_half,2048,3072,3072,4.0914,9.448
780m,3b,8da4w,parent,sarc_linear_dq8ca_coopmat_zpg_t128x64k32g42s32_texture3d_texture2d_half,2048,1024,3072,1.3091,9.843
780m,3b,8da4w,parent,sarc_linear_dq8ca_coopmat_zpg_t128x64k32g42s32_texture3d_texture2d_half,2048,1024,3072,1.4482,8.897
780m,3b,8da4w,parent,sarc_linear_dq8ca_coopmat_zpg_t128x64k32g42s32_texture3d_texture2d_half,2048,3072,3072,3.8474,10.047
780m,3b,8da4w,parent,sarc_linear_dq8ca_coopmat_zpg_t128x64k32g42s32_texture3d_texture2d_half,2048,8192,3072,10.215,10.091
780m,3b,8da4w,parent,sarc_linear_dq8ca_coopmat_zpg_t128x64k32g42s32_texture3d_texture2d_half,2048,8192,3072,10.6966,9.637
780m,3b,8da4w,parent,sarc_linear_dq8ca_coopmat_zpg_t128x64k32g42s32_texture3d_texture2d_half,2048,3072,8192,10.7054,9.629
780m,3b,8da4w,parent,sarc_linear_dq8ca_coopmat_zpg_t128x64k32g42s32_texture3d_texture2d_half,2048,3072,3072,4.089,9.453
780m,3b,8da4w,parent,sarc_linear_dq8ca_coopmat_zpg_t128x64k32g42s32_texture3d_texture2d_half,2048,1024,3072,1.3109,9.829
780m,3b,8da4w,parent,sarc_linear_dq8ca_coopmat_zpg_t128x64k32g42s32_texture3d_texture2d_half,2048,1024,3072,1.4502,8.885
780m,3b,8da4w,parent,sarc_linear_dq8ca_coopmat_zpg_t128x64k32g42s32_texture3d_texture2d_half,2048,3072,3072,3.8464,10.049
780m,3b,8da4w,parent,sarc_linear_dq8ca_coopmat_zpg_t128x64k32g42s32_texture3d_texture2d_half,2048,8192,3072,10.2218,10.084
780m,3b,8da4w,parent,sarc_linear_dq8ca_coopmat_zpg_t128x64k32g42s32_texture3d_texture2d_half,2048,8192,3072,10.711,9.624
780m,3b,8da4w,parent,sarc_linear_dq8ca_coopmat_zpg_t128x64k32g42s32_texture3d_texture2d_half,2048,3072,8192,10.6438,9.684
780m,3b,8da4w,parent,sarc_linear_dq8ca_coopmat_zpg_t128x64k32g42s32_texture3d_texture2d_half,2048,3072,3072,4.0499,9.545
780m,3b,8da4w,parent,sarc_linear_dq8ca_coopmat_zpg_t128x64k32g42s32_texture3d_texture2d_half,2048,1024,3072,1.3086,9.847
780m,3b,8da4w,parent,sarc_linear_dq8ca_coopmat_zpg_t128x64k32g42s32_texture3d_texture2d_half,2048,1024,3072,1.4464,8.908
780m,3b,8da4w,parent,sarc_linear_dq8ca_coopmat_zpg_t128x64k32g42s32_texture3d_texture2d_half,2048,3072,3072,3.8425,10.06
780m,3b,8da4w,parent,sarc_linear_dq8ca_coopmat_zpg_t128x64k32g42s32_texture3d_texture2d_half,2048,8192,3072,10.2182,10.088
780m,3b,8da4w,parent,sarc_linear_dq8ca_coopmat_zpg_t128x64k32g42s32_texture3d_texture2d_half,2048,8192,3072,10.8028,9.542
780m,3b,8da4w,parent,sarc_linear_dq8ca_coopmat_zpg_t128x64k32g42s32_texture3d_texture2d_half,2048,3072,8192,10.5177,9.801
780m,3b,8da4w,parent,sarc_linear_dq8ca_coopmat_zpg_t128x64k32g42s32_texture3d_texture2d_half,2048,3072,3072,4.0866,9.459
780m,3b,8da4w,parent,sarc_linear_dq8ca_coopmat_zpg_t128x64k32g42s32_texture3d_texture2d_half,2048,1024,3072,1.3047,9.876
780m,3b,8da4w,parent,sarc_linear_dq8ca_coopmat_zpg_t128x64k32g42s32_texture3d_texture2d_half,2048,1024,3072,1.4454,8.914
780m,3b,8da4w,parent,sarc_linear_dq8ca_coopmat_zpg_t128x64k32g42s32_texture3d_texture2d_half,2048,3072,3072,3.8512,10.037
780m,3b,8da4w,parent,sarc_linear_dq8ca_coopmat_zpg_t128x64k32g42s32_texture3d_texture2d_half,2048,8192,3072,10.215,10.091
780m,3b,8da4w,parent,sarc_linear_dq8ca_coopmat_zpg_t128x64k32g42s32_texture3d_texture2d_half,2048,8192,3072,10.7614,9.579
780m,3b,8da4w,parent,sarc_linear_dq8ca_coopmat_zpg_t128x64k32g42s32_texture3d_texture2d_half,2048,3072,8192,10.5118,9.806
780m,3b,8da4w,parent,sarc_linear_dq8ca_coopmat_zpg_t128x64k32g42s32_texture3d_texture2d_half,2048,3072,3072,4.0964,9.436
780m,3b,8da4w,parent,sarc_linear_dq8ca_coopmat_zpg_t128x64k32g42s32_texture3d_texture2d_half,2048,1024,3072,1.312,9.821
780m,3b,8da4w,parent,sarc_linear_dq8ca_coopmat_zpg_t128x64k32g42s32_texture3d_texture2d_half,2048,1024,3072,1.46,8.826
780m,3b,8da4w,parent,sarc_linear_dq8ca_coopmat_zpg_t128x64k32g42s32_texture3d_texture2d_half,2048,3072,3072,3.8461,10.05
780m,3b,8da4w,parent,sarc_linear_dq8ca_coopmat_zpg_t128x64k32g42s32_texture3d_texture2d_half,2048,8192,3072,10.2302,10.076
780m,3b,8da4w,parent,sarc_linear_dq8ca_coopmat_zpg_t128x64k32g42s32_texture3d_texture2d_half,2048,8192,3072,10.6922,9.641
780m,3b,8da4w,parent,sarc_linear_dq8ca_coopmat_zpg_t128x64k32g42s32_texture3d_texture2d_half,2048,3072,8192,10.5388,9.781
780m,3b,8da4w,parent,sarc_linear_dq8ca_coopmat_zpg_t128x64k32g42s32_texture3d_texture2d_half,2048,3072,3072,4.0783,9.478
780m,3b,8da4w,parent,sarc_linear_dq8ca_coopmat_zpg_t128x64k32g42s32_texture3d_texture2d_half,2048,1024,3072,1.3097,9.838
780m,3b,8da4w,parent,sarc_linear_dq8ca_coopmat_zpg_t128x64k32g42s32_texture3d_texture2d_half,2048,1024,3072,1.455,8.855
780m,3b,8da4w,parent,sarc_linear_dq8ca_coopmat_zpg_t128x64k32g42s32_texture3d_texture2d_half,2048,3072,3072,3.8554,10.026
780m,3b,8da4w,parent,sarc_linear_dq8ca_coopmat_zpg_t128x64k32g42s32_texture3d_texture2d_half,2048,8192,3072,10.2231,10.083
780m,3b,8da4w,parent,sarc_linear_dq8ca_coopmat_zpg_t128x64k32g42s32_texture3d_texture2d_half,2048,8192,3072,10.836,9.513
780m,3b,8da4w,parent,sarc_linear_dq8ca_coopmat_zpg_t128x64k32g42s32_texture3d_texture2d_half,2048,3072,8192,10.6058,9.719
780m,3b,8da4w,parent,sarc_linear_dq8ca_coopmat_zpg_t128x64k32g42s32_texture3d_texture2d_half,2048,3072,3072,4.1133,9.397
780m,3b,8da4w,parent,sarc_linear_dq8ca_coopmat_zpg_t128x64k32g42s32_texture3d_texture2d_half,2048,1024,3072,1.3073,9.856
780m,3b,8da4w,parent,sarc_linear_dq8ca_coopmat_zpg_t128x64k32g42s32_texture3d_texture2d_half,2048,1024,3072,1.4484,8.896
780m,3b,8da4w,parent,sarc_linear_dq8ca_coopmat_zpg_t128x64k32g42s32_texture3d_texture2d_half,2048,3072,3072,3.8509,10.038
780m,3b,8da4w,parent,sarc_linear_dq8ca_coopmat_zpg_t128x64k32g42s32_texture3d_texture2d_half,2048,8192,3072,10.234,10.072
780m,3b,8da4w,parent,sarc_linear_dq8ca_coopmat_zpg_t128x64k32g42s32_texture3d_texture2d_half,2048,8192,3072,10.7228,9.613
780m,3b,8da4w,parent,sarc_linear_dq8ca_coopmat_zpg_t128x64k32g42s32_texture3d_texture2d_half,2048,3072,8192,10.6352,9.692
780m,3b,8da4w,parent,sarc_linear_dq8ca_coopmat_zpg_t128x64k32g42s32_texture3d_texture2d_half,2048,3072,3072,4.1147,9.394
780m,3b,8da4w,parent,sarc_linear_dq8ca_coopmat_zpg_t128x64k32g42s32_texture3d_texture2d_half,2048,1024,3072,1.3103,9.834
780m,3b,8da4w,parent,sarc_linear_dq8ca_coopmat_zpg_t128x64k32g42s32_texture3d_texture2d_half,2048,1024,3072,1.4524,8.871
780m,3b,8da4w,parent,sarc_linear_dq8ca_coopmat_zpg_t128x64k32g42s32_texture3d_texture2d_half,2048,3072,3072,3.8546,10.028
780m,3b,8da4w,parent,sarc_linear_dq8ca_coopmat_zpg_t128x64k32g42s32_texture3d_texture2d_half,2048,8192,3072,10.2225,10.084
780m,3b,8da4w,parent,sarc_linear_dq8ca_coopmat_zpg_t128x64k32g42s32_texture3d_texture2d_half,2048,8192,3072,10.7338,9.603
780m,3b,8da4w,parent,sarc_linear_dq8ca_coopmat_zpg_t128x64k32g42s32_texture3d_texture2d_half,2048,3072,8192,10.6849,9.647
780m,3b,8da4w,parent,sarc_linear_dq8ca_coopmat_zpg_t128x64k32g42s32_texture3d_texture2d_half,2048,3072,3072,4.1255,9.37
780m,3b,8da4w,parent,sarc_linear_dq8ca_coopmat_zpg_t128x64k32g42s32_texture3d_texture2d_half,2048,1024,3072,1.3125,9.817
780m,3b,8da4w,parent,sarc_linear_dq8ca_coopmat_zpg_t128x64k32g42s32_texture3d_texture2d_half,2048,1024,3072,1.4542,8.861
780m,3b,8da4w,parent,sarc_linear_dq8ca_coopmat_zpg_t128x64k32g42s32_texture3d_texture2d_half,2048,3072,3072,3.8478,10.046
780m,3b,8da4w,parent,sarc_linear_dq8ca_coopmat_zpg_t128x64k32g42s32_texture3d_texture2d_half,2048,8192,3072,10.2148,10.091
780m,3b,8da4w,parent,sarc_linear_dq8ca_coopmat_zpg_t128x64k32g42s32_texture3d_texture2d_half,2048,8192,3072,10.7483,9.59
780m,3b,8da4w,parent,sarc_linear_dq8ca_coopmat_zpg_t128x64k32g42s32_texture3d_texture2d_half,2048,3072,8192,10.5718,9.75
780m,3b,8da4w,parent,sarc_linear_dq8ca_coopmat_zpg_t128x64k32g42s32_texture3d_texture2d_half,2048,3072,3072,4.0929,9.444
780m,3b,8da4w,parent,sarc_linear_dq8ca_coopmat_zpg_t128x64k32g42s32_texture3d_texture2d_half,2048,1024,3072,1.3045,9.877
780m,3b,8da4w,parent,sarc_linear_dq8ca_coopmat_zpg_t128x64k32g42s32_texture3d_texture2d_half,2048,1024,3072,1.4564,8.847
780m,3b,8da4w,parent,sarc_linear_dq8ca_coopmat_zpg_t128x64k32g42s32_texture3d_texture2d_half,2048,3072,3072,3.8452,10.053
780m,3b,8da4w,parent,sarc_linear_dq8ca_coopmat_zpg_t128x64k32g42s32_texture3d_texture2d_half,2048,8192,3072,10.2233,10.083
780m,3b,8da4w,parent,sarc_linear_dq8ca_coopmat_zpg_t128x64k32g42s32_texture3d_texture2d_half,2048,8192,3072,10.7408,9.597
780m,3b,8da4w,parent,sarc_linear_dq8ca_coopmat_zpg_t128x64k32g42s32_texture3d_texture2d_half,2048,3072,8192,10.6265,9.7
780m,3b,8da4w,parent,sarc_linear_dq8ca_coopmat_zpg_t128x64k32g42s32_texture3d_texture2d_half,2048,3072,3072,4.1084,9.409
780m,3b,8da4w,parent,sarc_linear_dq8ca_coopmat_zpg_t128x64k32g42s32_texture3d_texture2d_half,2048,1024,3072,1.3102,9.834
780m,3b,8da4w,parent,sarc_linear_dq8ca_coopmat_zpg_t128x64k32g42s32_texture3d_texture2d_half,2048,1024,3072,1.4492,8.891
780m,3b,8da4w,parent,sarc_linear_dq8ca_coopmat_zpg_t128x64k32g42s32_texture3d_texture2d_half,2048,3072,3072,3.8462,10.05
780m,3b,8da4w,parent,sarc_linear_dq8ca_coopmat_zpg_t128x64k32g42s32_texture3d_texture2d_half,2048,8192,3072,10.2143,10.092
780m,3b,8da4w,parent,sarc_linear_dq8ca_coopmat_zpg_t128x64k32g42s32_texture3d_texture2d_half,2048,8192,3072,10.7812,9.561
780m,3b,8da4w,parent,sarc_linear_dq8ca_coopmat_zpg_t128x64k32g42s32_texture3d_texture2d_half,2048,3072,8192,10.5471,9.773
780m,3b,8da4w,parent,sarc_linear_dq8ca_coopmat_zpg_t128x64k32g42s32_texture3d_texture2d_half,2048,3072,3072,4.0783,9.478
780m,3b,8da4w,parent,sarc_linear_dq8ca_coopmat_zpg_t128x64k32g42s32_texture3d_texture2d_half,2048,1024,3072,1.3153,9.796
780m,3b,8da4w,parent,sarc_linear_dq8ca_coopmat_zpg_t128x64k32g42s32_texture3d_texture2d_half,2048,1024,3072,1.4542,8.86
780m,3b,8da4w,parent,sarc_linear_dq8ca_coopmat_zpg_t128x64k32g42s32_texture3d_texture2d_half,2048,3072,3072,3.8462,10.05
780m,3b,8da4w,parent,sarc_linear_dq8ca_coopmat_zpg_t128x64k32g42s32_texture3d_texture2d_half,2048,8192,3072,10.2162,10.09
780m,3b,8da4w,parent,sarc_linear_dq8ca_coopmat_zpg_t128x64k32g42s32_texture3d_texture2d_half,2048,8192,3072,10.7237,9.612
780m,3b,8da4w,parent,sarc_linear_dq8ca_coopmat_zpg_t128x64k32g42s32_texture3d_texture2d_half,2048,3072,8192,10.6388,9.689
780m,3b,8da4w,parent,sarc_linear_dq8ca_coopmat_zpg_t128x64k32g42s32_texture3d_texture2d_half,2048,3072,3072,4.2283,9.142
780m,3b,8da4w,parent,sarc_linear_dq8ca_coopmat_zpg_t128x64k32g42s32_texture3d_texture2d_half,2048,1024,3072,1.314,9.806
780m,3b,8da4w,parent,sarc_linear_dq8ca_coopmat_zpg_t128x64k32g42s32_texture3d_texture2d_half,2048,1024,3072,1.462,8.813
780m,3b,8da4w,parent,sarc_linear_dq8ca_coopmat_zpg_t128x64k32g42s32_texture3d_texture2d_half,2048,3072,3072,3.8522,10.034
780m,3b,8da4w,parent,sarc_linear_dq8ca_coopmat_zpg_t128x64k32g42s32_texture3d_texture2d_half,2048,8192,3072,10.2474,10.059
780m,3b,8da4w,parent,sarc_linear_dq8ca_coopmat_zpg_t128x64k32g42s32_texture3d_texture2d_half,2048,8192,3072,10.6997,9.634
780m,3b,8da4w,parent,sarc_linear_dq8ca_coopmat_zpg_t128x64k32g42s32_texture3d_texture2d_half,2048,3072,8192,10.5649,9.757
780m,8b,4w,cand,sarc_dev_780m_x_linear_q4gsw_coopmat_t256x128k32g18s32f32cbt_texture3d_texture2d_half,2048,4096,4096,6.0602,11.339
780m,8b,4w,cand,sarc_dev_780m_x_linear_q4gsw_coopmat_t256x128k32g18s32f32cbt_texture3d_texture2d_half,2048,1024,4096,1.6926,10.15
780m,8b,4w,cand,sarc_dev_780m_x_linear_q4gsw_coopmat_t256x128k32g18s32f32cbt_texture3d_texture2d_half,2048,1024,4096,1.6522,10.398
780m,8b,4w,cand,sarc_dev_780m_x_linear_q4gsw_coopmat_t256x128k32g18s32f32cbt_texture3d_texture2d_half,2048,4096,4096,6.0962,11.273
780m,8b,4w,cand,sarc_dev_780m_x_linear_q4gsw_coopmat_t256x128k32g18s32f32cbt_texture3d_texture2d_half,2048,14336,4096,21.1136,11.392
780m,8b,4w,cand,sarc_dev_780m_x_linear_q4gsw_coopmat_t256x128k32g18s32f32cbt_texture3d_texture2d_half,2048,14336,4096,21.1778,11.357
780m,8b,4w,cand,sarc_dev_780m_x_linear_q4gsw_coopmat_t256x128k32g18s32f32cbt_texture3d_texture2d_half,2048,4096,14336,21.5242,11.174
780m,8b,4w,cand,sarc_dev_780m_x_linear_q4gsw_coopmat_t256x128k32g18s32f32cbt_texture3d_texture2d_half,2048,4096,4096,6.2238,11.041
780m,8b,4w,cand,sarc_dev_780m_x_linear_q4gsw_coopmat_t256x128k32g18s32f32cbt_texture3d_texture2d_half,2048,1024,4096,1.7052,10.075
780m,8b,4w,cand,sarc_dev_780m_x_linear_q4gsw_coopmat_t256x128k32g18s32f32cbt_texture3d_texture2d_half,2048,1024,4096,1.678,10.239
780m,8b,4w,cand,sarc_dev_780m_x_linear_q4gsw_coopmat_t256x128k32g18s32f32cbt_texture3d_texture2d_half,2048,4096,4096,6.1006,11.264
780m,8b,4w,cand,sarc_dev_780m_x_linear_q4gsw_coopmat_t256x128k32g18s32f32cbt_texture3d_texture2d_half,2048,14336,4096,21.245,11.321
780m,8b,4w,cand,sarc_dev_780m_x_linear_q4gsw_coopmat_t256x128k32g18s32f32cbt_texture3d_texture2d_half,2048,14336,4096,21.0741,11.413
780m,8b,4w,cand,sarc_dev_780m_x_linear_q4gsw_coopmat_t256x128k32g18s32f32cbt_texture3d_texture2d_half,2048,4096,14336,21.3914,11.244
780m,8b,4w,cand,sarc_dev_780m_x_linear_q4gsw_coopmat_t256x128k32g18s32f32cbt_texture3d_texture2d_half,2048,4096,4096,6.16,11.156
780m,8b,4w,cand,sarc_dev_780m_x_linear_q4gsw_coopmat_t256x128k32g18s32f32cbt_texture3d_texture2d_half,2048,1024,4096,1.6831,10.207
780m,8b,4w,cand,sarc_dev_780m_x_linear_q4gsw_coopmat_t256x128k32g18s32f32cbt_texture3d_texture2d_half,2048,1024,4096,1.6558,10.376
780m,8b,4w,cand,sarc_dev_780m_x_linear_q4gsw_coopmat_t256x128k32g18s32f32cbt_texture3d_texture2d_half,2048,4096,4096,6.0853,11.293
780m,8b,4w,cand,sarc_dev_780m_x_linear_q4gsw_coopmat_t256x128k32g18s32f32cbt_texture3d_texture2d_half,2048,14336,4096,21.3303,11.276
780m,8b,4w,cand,sarc_dev_780m_x_linear_q4gsw_coopmat_t256x128k32g18s32f32cbt_texture3d_texture2d_half,2048,14336,4096,21.0607,11.42
780m,8b,4w,cand,sarc_dev_780m_x_linear_q4gsw_coopmat_t256x128k32g18s32f32cbt_texture3d_texture2d_half,2048,4096,14336,21.5642,11.154
780m,8b,4w,cand,sarc_dev_780m_x_linear_q4gsw_coopmat_t256x128k32g18s32f32cbt_texture3d_texture2d_half,2048,4096,4096,6.2364,11.019
780m,8b,4w,cand,sarc_dev_780m_x_linear_q4gsw_coopmat_t256x128k32g18s32f32cbt_texture3d_texture2d_half,2048,1024,4096,1.6878,10.179
780m,8b,4w,cand,sarc_dev_780m_x_linear_q4gsw_coopmat_t256x128k32g18s32f32cbt_texture3d_texture2d_half,2048,1024,4096,1.6658,10.314
780m,8b,4w,cand,sarc_dev_780m_x_linear_q4gsw_coopmat_t256x128k32g18s32f32cbt_texture3d_texture2d_half,2048,4096,4096,6.089,11.286
780m,8b,4w,cand,sarc_dev_780m_x_linear_q4gsw_coopmat_t256x128k32g18s32f32cbt_texture3d_texture2d_half,2048,14336,4096,21.2806,11.302
780m,8b,4w,cand,sarc_dev_780m_x_linear_q4gsw_coopmat_t256x128k32g18s32f32cbt_texture3d_texture2d_half,2048,14336,4096,21.0236,11.44
780m,8b,4w,cand,sarc_dev_780m_x_linear_q4gsw_coopmat_t256x128k32g18s32f32cbt_texture3d_texture2d_half,2048,4096,14336,21.6543,11.107
780m,8b,4w,cand,sarc_dev_780m_x_linear_q4gsw_coopmat_t256x128k32g18s32f32cbt_texture3d_texture2d_half,2048,4096,4096,6.2439,11.006
780m,8b,4w,cand,sarc_dev_780m_x_linear_q4gsw_coopmat_t256x128k32g18s32f32cbt_texture3d_texture2d_half,2048,1024,4096,1.7155,10.015
780m,8b,4w,cand,sarc_dev_780m_x_linear_q4gsw_coopmat_t256x128k32g18s32f32cbt_texture3d_texture2d_half,2048,1024,4096,1.707,10.064
780m,8b,4w,cand,sarc_dev_780m_x_linear_q4gsw_coopmat_t256x128k32g18s32f32cbt_texture3d_texture2d_half,2048,4096,4096,6.1036,11.259
780m,8b,4w,cand,sarc_dev_780m_x_linear_q4gsw_coopmat_t256x128k32g18s32f32cbt_texture3d_texture2d_half,2048,14336,4096,21.2703,11.308
780m,8b,4w,cand,sarc_dev_780m_x_linear_q4gsw_coopmat_t256x128k32g18s32f32cbt_texture3d_texture2d_half,2048,14336,4096,21.1638,11.365
780m,8b,4w,cand,sarc_dev_780m_x_linear_q4gsw_coopmat_t256x128k32g18s32f32cbt_texture3d_texture2d_half,2048,4096,14336,21.4361,11.22
780m,8b,4w,cand,sarc_dev_780m_x_linear_q4gsw_coopmat_t256x128k32g18s32f32cbt_texture3d_texture2d_half,2048,4096,4096,6.2444,11.005
780m,8b,4w,cand,sarc_dev_780m_x_linear_q4gsw_coopmat_t256x128k32g18s32f32cbt_texture3d_texture2d_half,2048,1024,4096,1.705,10.076
780m,8b,4w,cand,sarc_dev_780m_x_linear_q4gsw_coopmat_t256x128k32g18s32f32cbt_texture3d_texture2d_half,2048,1024,4096,1.6768,10.246
780m,8b,4w,cand,sarc_dev_780m_x_linear_q4gsw_coopmat_t256x128k32g18s32f32cbt_texture3d_texture2d_half,2048,4096,4096,6.0574,11.345
780m,8b,4w,cand,sarc_dev_780m_x_linear_q4gsw_coopmat_t256x128k32g18s32f32cbt_texture3d_texture2d_half,2048,14336,4096,21.405,11.237
780m,8b,4w,cand,sarc_dev_780m_x_linear_q4gsw_coopmat_t256x128k32g18s32f32cbt_texture3d_texture2d_half,2048,14336,4096,21.1158,11.39
780m,8b,4w,cand,sarc_dev_780m_x_linear_q4gsw_coopmat_t256x128k32g18s32f32cbt_texture3d_texture2d_half,2048,4096,14336,21.5767,11.147
780m,8b,4w,cand,sarc_dev_780m_x_linear_q4gsw_coopmat_t256x128k32g18s32f32cbt_texture3d_texture2d_half,2048,4096,4096,6.2572,10.982
780m,8b,4w,cand,sarc_dev_780m_x_linear_q4gsw_coopmat_t256x128k32g18s32f32cbt_texture3d_texture2d_half,2048,1024,4096,1.7044,10.08
780m,8b,4w,cand,sarc_dev_780m_x_linear_q4gsw_coopmat_t256x128k32g18s32f32cbt_texture3d_texture2d_half,2048,1024,4096,1.6805,10.223
780m,8b,4w,cand,sarc_dev_780m_x_linear_q4gsw_coopmat_t256x128k32g18s32f32cbt_texture3d_texture2d_half,2048,4096,4096,6.1349,11.201
780m,8b,4w,cand,sarc_dev_780m_x_linear_q4gsw_coopmat_t256x128k32g18s32f32cbt_texture3d_texture2d_half,2048,14336,4096,21.3552,11.263
780m,8b,4w,cand,sarc_dev_780m_x_linear_q4gsw_coopmat_t256x128k32g18s32f32cbt_texture3d_texture2d_half,2048,14336,4096,21.1644,11.364
780m,8b,4w,cand,sarc_dev_780m_x_linear_q4gsw_coopmat_t256x128k32g18s32f32cbt_texture3d_texture2d_half,2048,4096,14336,21.6436,11.113
780m,8b,4w,cand,sarc_dev_780m_x_linear_q4gsw_coopmat_t256x128k32g18s32f32cbt_texture3d_texture2d_half,2048,4096,4096,6.2611,10.976
780m,8b,4w,cand,sarc_dev_780m_x_linear_q4gsw_coopmat_t256x128k32g18s32f32cbt_texture3d_texture2d_half,2048,1024,4096,1.703,10.088
780m,8b,4w,cand,sarc_dev_780m_x_linear_q4gsw_coopmat_t256x128k32g18s32f32cbt_texture3d_texture2d_half,2048,1024,4096,1.6899,10.166
780m,8b,4w,cand,sarc_dev_780m_x_linear_q4gsw_coopmat_t256x128k32g18s32f32cbt_texture3d_texture2d_half,2048,4096,4096,6.0958,11.273
780m,8b,4w,cand,sarc_dev_780m_x_linear_q4gsw_coopmat_t256x128k32g18s32f32cbt_texture3d_texture2d_half,2048,14336,4096,21.316,11.283
780m,8b,4w,cand,sarc_dev_780m_x_linear_q4gsw_coopmat_t256x128k32g18s32f32cbt_texture3d_texture2d_half,2048,14336,4096,21.1438,11.375
780m,8b,4w,cand,sarc_dev_780m_x_linear_q4gsw_coopmat_t256x128k32g18s32f32cbt_texture3d_texture2d_half,2048,4096,14336,21.6099,11.13
780m,8b,4w,cand,sarc_dev_780m_x_linear_q4gsw_coopmat_t256x128k32g18s32f32cbt_texture3d_texture2d_half,2048,4096,4096,6.2468,11.001
780m,8b,4w,cand,sarc_dev_780m_x_linear_q4gsw_coopmat_t256x128k32g18s32f32cbt_texture3d_texture2d_half,2048,1024,4096,1.7267,9.95
780m,8b,4w,cand,sarc_dev_780m_x_linear_q4gsw_coopmat_t256x128k32g18s32f32cbt_texture3d_texture2d_half,2048,1024,4096,1.6952,10.134
780m,8b,4w,cand,sarc_dev_780m_x_linear_q4gsw_coopmat_t256x128k32g18s32f32cbt_texture3d_texture2d_half,2048,4096,4096,6.088,11.288
780m,8b,4w,cand,sarc_dev_780m_x_linear_q4gsw_coopmat_t256x128k32g18s32f32cbt_texture3d_texture2d_half,2048,14336,4096,21.4141,11.232
780m,8b,4w,cand,sarc_dev_780m_x_linear_q4gsw_coopmat_t256x128k32g18s32f32cbt_texture3d_texture2d_half,2048,14336,4096,21.0848,11.407
780m,8b,4w,cand,sarc_dev_780m_x_linear_q4gsw_coopmat_t256x128k32g18s32f32cbt_texture3d_texture2d_half,2048,4096,14336,21.5417,11.165
780m,8b,4w,cand,sarc_dev_780m_x_linear_q4gsw_coopmat_t256x128k32g18s32f32cbt_texture3d_texture2d_half,2048,4096,4096,6.2189,11.05
780m,8b,4w,cand,sarc_dev_780m_x_linear_q4gsw_coopmat_t256x128k32g18s32f32cbt_texture3d_texture2d_half,2048,1024,4096,1.7125,10.032
780m,8b,4w,cand,sarc_dev_780m_x_linear_q4gsw_coopmat_t256x128k32g18s32f32cbt_texture3d_texture2d_half,2048,1024,4096,1.7034,10.085
780m,8b,4w,cand,sarc_dev_780m_x_linear_q4gsw_coopmat_t256x128k32g18s32f32cbt_texture3d_texture2d_half,2048,4096,4096,6.117,11.234
780m,8b,4w,cand,sarc_dev_780m_x_linear_q4gsw_coopmat_t256x128k32g18s32f32cbt_texture3d_texture2d_half,2048,14336,4096,21.2909,11.297
780m,8b,4w,cand,sarc_dev_780m_x_linear_q4gsw_coopmat_t256x128k32g18s32f32cbt_texture3d_texture2d_half,2048,14336,4096,21.0608,11.42
780m,8b,4w,cand,sarc_dev_780m_x_linear_q4gsw_coopmat_t256x128k32g18s32f32cbt_texture3d_texture2d_half,2048,4096,14336,21.5688,11.151
780m,8b,4w,cand,sarc_dev_780m_x_linear_q4gsw_coopmat_t256x128k32g18s32f32cbt_texture3d_texture2d_half,2048,4096,4096,6.2889,10.927
780m,8b,4w,cand,sarc_dev_780m_x_linear_q4gsw_coopmat_t256x128k32g18s32f32cbt_texture3d_texture2d_half,2048,1024,4096,1.7359,9.897
780m,8b,4w,cand,sarc_dev_780m_x_linear_q4gsw_coopmat_t256x128k32g18s32f32cbt_texture3d_texture2d_half,2048,1024,4096,1.6792,10.231
780m,8b,4w,cand,sarc_dev_780m_x_linear_q4gsw_coopmat_t256x128k32g18s32f32cbt_texture3d_texture2d_half,2048,4096,4096,6.107,11.253
780m,8b,4w,cand,sarc_dev_780m_x_linear_q4gsw_coopmat_t256x128k32g18s32f32cbt_texture3d_texture2d_half,2048,14336,4096,21.2905,11.297
780m,8b,4w,cand,sarc_dev_780m_x_linear_q4gsw_coopmat_t256x128k32g18s32f32cbt_texture3d_texture2d_half,2048,14336,4096,21.2041,11.343
780m,8b,4w,cand,sarc_dev_780m_x_linear_q4gsw_coopmat_t256x128k32g18s32f32cbt_texture3d_texture2d_half,2048,4096,14336,21.5768,11.147
780m,8b,4w,cand,sarc_dev_780m_x_linear_q4gsw_coopmat_t256x128k32g18s32f32cbt_texture3d_texture2d_half,2048,4096,4096,6.2215,11.046
780m,8b,4w,cand,sarc_dev_780m_x_linear_q4gsw_coopmat_t256x128k32g18s32f32cbt_texture3d_texture2d_half,2048,1024,4096,1.7355,9.899
780m,8b,4w,cand,sarc_dev_780m_x_linear_q4gsw_coopmat_t256x128k32g18s32f32cbt_texture3d_texture2d_half,2048,1024,4096,1.6861,10.189
780m,8b,4w,cand,sarc_dev_780m_x_linear_q4gsw_coopmat_t256x128k32g18s32f32cbt_texture3d_texture2d_half,2048,4096,4096,6.0837,11.296
780m,8b,4w,cand,sarc_dev_780m_x_linear_q4gsw_coopmat_t256x128k32g18s32f32cbt_texture3d_texture2d_half,2048,14336,4096,21.3556,11.263
780m,8b,4w,cand,sarc_dev_780m_x_linear_q4gsw_coopmat_t256x128k32g18s32f32cbt_texture3d_texture2d_half,2048,14336,4096,21.1889,11.351
780m,8b,4w,cand,sarc_dev_780m_x_linear_q4gsw_coopmat_t256x128k32g18s32f32cbt_texture3d_texture2d_half,2048,4096,14336,21.5366,11.168
780m,8b,4w,cand,sarc_dev_780m_x_linear_q4gsw_coopmat_t256x128k32g18s32f32cbt_texture3d_texture2d_half,2048,4096,4096,6.253,10.99
780m,8b,4w,cand,sarc_dev_780m_x_linear_q4gsw_coopmat_t256x128k32g18s32f32cbt_texture3d_texture2d_half,2048,1024,4096,1.7038,10.083
780m,8b,4w,cand,sarc_dev_780m_x_linear_q4gsw_coopmat_t256x128k32g18s32f32cbt_texture3d_texture2d_half,2048,1024,4096,1.697,10.124
780m,8b,4w,cand,sarc_dev_780m_x_linear_q4gsw_coopmat_t256x128k32g18s32f32cbt_texture3d_texture2d_half,2048,4096,4096,6.106,11.254
780m,8b,4w,cand,sarc_dev_780m_x_linear_q4gsw_coopmat_t256x128k32g18s32f32cbt_texture3d_texture2d_half,2048,14336,4096,21.2604,11.313
780m,8b,4w,cand,sarc_dev_780m_x_linear_q4gsw_coopmat_t256x128k32g18s32f32cbt_texture3d_texture2d_half,2048,14336,4096,21.0285,11.438
780m,8b,4w,cand,sarc_dev_780m_x_linear_q4gsw_coopmat_t256x128k32g18s32f32cbt_texture3d_texture2d_half,2048,4096,14336,21.517,11.178
780m,8b,4w,cand,sarc_dev_780m_x_linear_q4gsw_coopmat_t256x128k32g18s32f32cbt_texture3d_texture2d_half,2048,4096,4096,6.2299,11.031
780m,8b,4w,cand,sarc_dev_780m_x_linear_q4gsw_coopmat_t256x128k32g18s32f32cbt_texture3d_texture2d_half,2048,1024,4096,1.747,9.834
780m,8b,4w,cand,sarc_dev_780m_x_linear_q4gsw_coopmat_t256x128k32g18s32f32cbt_texture3d_texture2d_half,2048,1024,4096,1.7036,10.084
780m,8b,4w,cand,sarc_dev_780m_x_linear_q4gsw_coopmat_t256x128k32g18s32f32cbt_texture3d_texture2d_half,2048,4096,4096,6.0971,11.271
780m,8b,4w,cand,sarc_dev_780m_x_linear_q4gsw_coopmat_t256x128k32g18s32f32cbt_texture3d_texture2d_half,2048,14336,4096,21.3686,11.256
780m,8b,4w,cand,sarc_dev_780m_x_linear_q4gsw_coopmat_t256x128k32g18s32f32cbt_texture3d_texture2d_half,2048,14336,4096,21.1411,11.377
780m,8b,4w,cand,sarc_dev_780m_x_linear_q4gsw_coopmat_t256x128k32g18s32f32cbt_texture3d_texture2d_half,2048,4096,14336,21.609,11.13
780m,8b,4w,cand,sarc_dev_780m_x_linear_q4gsw_coopmat_t256x128k32g18s32f32cbt_texture3d_texture2d_half,2048,4096,4096,6.2497,10.996
780m,8b,4w,cand,sarc_dev_780m_x_linear_q4gsw_coopmat_t256x128k32g18s32f32cbt_texture3d_texture2d_half,2048,1024,4096,1.7139,10.024
780m,8b,4w,cand,sarc_dev_780m_x_linear_q4gsw_coopmat_t256x128k32g18s32f32cbt_texture3d_texture2d_half,2048,1024,4096,1.7197,9.99
780m,8b,4w,cand,sarc_dev_780m_x_linear_q4gsw_coopmat_t256x128k32g18s32f32cbt_texture3d_texture2d_half,2048,4096,4096,6.1188,11.231
780m,8b,4w,cand,sarc_dev_780m_x_linear_q4gsw_coopmat_t256x128k32g18s32f32cbt_texture3d_texture2d_half,2048,14336,4096,21.3364,11.273
780m,8b,4w,cand,sarc_dev_780m_x_linear_q4gsw_coopmat_t256x128k32g18s32f32cbt_texture3d_texture2d_half,2048,14336,4096,21.2211,11.334
780m,8b,4w,cand,sarc_dev_780m_x_linear_q4gsw_coopmat_t256x128k32g18s32f32cbt_texture3d_texture2d_half,2048,4096,14336,21.5842,11.143
780m,8b,4w,cand,sarc_dev_780m_x_linear_q4gsw_coopmat_t256x128k32g18s32f32cbt_texture3d_texture2d_half,2048,4096,4096,6.221,11.046
780m,8b,4w,cand,sarc_dev_780m_x_linear_q4gsw_coopmat_t256x128k32g18s32f32cbt_texture3d_texture2d_half,2048,1024,4096,1.7004,10.104
780m,8b,4w,cand,sarc_dev_780m_x_linear_q4gsw_coopmat_t256x128k32g18s32f32cbt_texture3d_texture2d_half,2048,1024,4096,1.7157,10.013
780m,8b,4w,cand,sarc_dev_780m_x_linear_q4gsw_coopmat_t256x128k32g18s32f32cbt_texture3d_texture2d_half,2048,4096,4096,6.0823,11.298
780m,8b,4w,cand,sarc_dev_780m_x_linear_q4gsw_coopmat_t256x128k32g18s32f32cbt_texture3d_texture2d_half,2048,14336,4096,22.5448,10.668
780m,8b,4w,cand,sarc_dev_780m_x_linear_q4gsw_coopmat_t256x128k32g18s32f32cbt_texture3d_texture2d_half,2048,14336,4096,21.8845,10.99
780m,8b,4w,cand,sarc_dev_780m_x_linear_q4gsw_coopmat_t256x128k32g18s32f32cbt_texture3d_texture2d_half,2048,4096,14336,22.9157,10.496
780m,8b,4w,cand,sarc_dev_780m_x_linear_q4gsw_coopmat_t256x128k32g18s32f32cbt_texture3d_texture2d_half,2048,4096,4096,6.2164,11.055
780m,8b,4w,cand,sarc_dev_780m_x_linear_q4gsw_coopmat_t256x128k32g18s32f32cbt_texture3d_texture2d_half,2048,1024,4096,1.7264,9.951
780m,8b,4w,cand,sarc_dev_780m_x_linear_q4gsw_coopmat_t256x128k32g18s32f32cbt_texture3d_texture2d_half,2048,1024,4096,1.7022,10.093
780m,8b,4w,cand,sarc_dev_780m_x_linear_q4gsw_coopmat_t256x128k32g18s32f32cbt_texture3d_texture2d_half,2048,4096,4096,6.1743,11.13
780m,8b,4w,cand,sarc_dev_780m_x_linear_q4gsw_coopmat_t256x128k32g18s32f32cbt_texture3d_texture2d_half,2048,14336,4096,22.1374,10.865
780m,8b,4w,cand,sarc_dev_780m_x_linear_q4gsw_coopmat_t256x128k32g18s32f32cbt_texture3d_texture2d_half,2048,14336,4096,21.766,11.05
780m,8b,4w,cand,sarc_dev_780m_x_linear_q4gsw_coopmat_t256x128k32g18s32f32cbt_texture3d_texture2d_half,2048,4096,14336,22.4175,10.729
780m,8b,4w,cand,sarc_dev_780m_x_linear_q4gsw_coopmat_t256x128k32g18s32f32cbt_texture3d_texture2d_half,2048,4096,4096,6.2886,10.928
780m,8b,4w,cand,sarc_dev_780m_x_linear_q4gsw_coopmat_t256x128k32g18s32f32cbt_texture3d_texture2d_half,2048,1024,4096,1.6986,10.114
780m,8b,4w,cand,sarc_dev_780m_x_linear_q4gsw_coopmat_t256x128k32g18s32f32cbt_texture3d_texture2d_half,2048,1024,4096,1.7275,9.945
780m,8b,4w,cand,sarc_dev_780m_x_linear_q4gsw_coopmat_t256x128k32g18s32f32cbt_texture3d_texture2d_half,2048,4096,4096,6.2221,11.044
780m,8b,4w,cand,sarc_dev_780m_x_linear_q4gsw_coopmat_t256x128k32g18s32f32cbt_texture3d_texture2d_half,2048,14336,4096,22.0469,10.909
780m,8b,4w,cand,sarc_dev_780m_x_linear_q4gsw_coopmat_t256x128k32g18s32f32cbt_texture3d_texture2d_half,2048,14336,4096,21.55,11.161
780m,8b,4w,cand,sarc_dev_780m_x_linear_q4gsw_coopmat_t256x128k32g18s32f32cbt_texture3d_texture2d_half,2048,4096,14336,21.0078,11.449
780m,8b,4w,cand,sarc_dev_780m_x_linear_q4gsw_coopmat_t256x128k32g18s32f32cbt_texture3d_texture2d_half,2048,4096,4096,6.3284,10.859
780m,8b,4w,cand,sarc_dev_780m_x_linear_q4gsw_coopmat_t256x128k32g18s32f32cbt_texture3d_texture2d_half,2048,1024,4096,1.7125,10.032
780m,8b,4w,cand,sarc_dev_780m_x_linear_q4gsw_coopmat_t256x128k32g18s32f32cbt_texture3d_texture2d_half,2048,1024,4096,1.7126,10.031
780m,8b,4w,cand,sarc_dev_780m_x_linear_q4gsw_coopmat_t256x128k32g18s32f32cbt_texture3d_texture2d_half,2048,4096,4096,6.2694,10.961
780m,8b,4w,cand,sarc_dev_780m_x_linear_q4gsw_coopmat_t256x128k32g18s32f32cbt_texture3d_texture2d_half,2048,14336,4096,21.2135,11.338
780m,8b,4w,cand,sarc_dev_780m_x_linear_q4gsw_coopmat_t256x128k32g18s32f32cbt_texture3d_texture2d_half,2048,14336,4096,21.0649,11.418
780m,8b,4w,cand,sarc_dev_780m_x_linear_q4gsw_coopmat_t256x128k32g18s32f32cbt_texture3d_texture2d_half,2048,4096,14336,22.0088,10.928
780m,8b,4w,cand,sarc_dev_780m_x_linear_q4gsw_coopmat_t256x128k32g18s32f32cbt_texture3d_texture2d_half,2048,4096,4096,6.2027,11.079
780m,8b,4w,cand,sarc_dev_780m_x_linear_q4gsw_coopmat_t256x128k32g18s32f32cbt_texture3d_texture2d_half,2048,1024,4096,1.7183,9.998
780m,8b,4w,cand,sarc_dev_780m_x_linear_q4gsw_coopmat_t256x128k32g18s32f32cbt_texture3d_texture2d_half,2048,1024,4096,1.7262,9.952
780m,8b,4w,cand,sarc_dev_780m_x_linear_q4gsw_coopmat_t256x128k32g18s32f32cbt_texture3d_texture2d_half,2048,4096,4096,6.2355,11.021
780m,8b,4w,cand,sarc_dev_780m_x_linear_q4gsw_coopmat_t256x128k32g18s32f32cbt_texture3d_texture2d_half,2048,14336,4096,21.2705,11.308
780m,8b,4w,cand,sarc_dev_780m_x_linear_q4gsw_coopmat_t256x128k32g18s32f32cbt_texture3d_texture2d_half,2048,14336,4096,21.4021,11.238
780m,8b,4w,cand,sarc_dev_780m_x_linear_q4gsw_coopmat_t256x128k32g18s32f32cbt_texture3d_texture2d_half,2048,4096,14336,21.8994,10.983
780m,8b,4w,cand,sarc_dev_780m_x_linear_q4gsw_coopmat_t256x128k32g18s32f32cbt_texture3d_texture2d_half,2048,4096,4096,6.3059,10.898
780m,8b,4w,cand,sarc_dev_780m_x_linear_q4gsw_coopmat_t256x128k32g18s32f32cbt_texture3d_texture2d_half,2048,1024,4096,1.7034,10.085
780m,8b,4w,cand,sarc_dev_780m_x_linear_q4gsw_coopmat_t256x128k32g18s32f32cbt_texture3d_texture2d_half,2048,1024,4096,1.6904,10.163
780m,8b,4w,cand,sarc_dev_780m_x_linear_q4gsw_coopmat_t256x128k32g18s32f32cbt_texture3d_texture2d_half,2048,4096,4096,6.1482,11.177
780m,8b,4w,cand,sarc_dev_780m_x_linear_q4gsw_coopmat_t256x128k32g18s32f32cbt_texture3d_texture2d_half,2048,14336,4096,21.2554,11.316
780m,8b,4w,cand,sarc_dev_780m_x_linear_q4gsw_coopmat_t256x128k32g18s32f32cbt_texture3d_texture2d_half,2048,14336,4096,22.1021,10.882
780m,8b,4w,cand,sarc_dev_780m_x_linear_q4gsw_coopmat_t256x128k32g18s32f32cbt_texture3d_texture2d_half,2048,4096,14336,21.1068,11.395
780m,8b,4w,cand,sarc_dev_780m_x_linear_q4gsw_coopmat_t256x128k32g18s32f32cbt_texture3d_texture2d_half,2048,4096,4096,6.3292,10.857
780m,8b,4w,cand,sarc_dev_780m_x_linear_q4gsw_coopmat_t256x128k32g18s32f32cbt_texture3d_texture2d_half,2048,1024,4096,1.7361,9.896
780m,8b,4w,cand,sarc_dev_780m_x_linear_q4gsw_coopmat_t256x128k32g18s32f32cbt_texture3d_texture2d_half,2048,1024,4096,1.682,10.214
780m,8b,4w,cand,sarc_dev_780m_x_linear_q4gsw_coopmat_t256x128k32g18s32f32cbt_texture3d_texture2d_half,2048,4096,4096,6.209,11.068
780m,8b,4w,cand,sarc_dev_780m_x_linear_q4gsw_coopmat_t256x128k32g18s32f32cbt_texture3d_texture2d_half,2048,14336,4096,21.3069,11.288
780m,8b,4w,cand,sarc_dev_780m_x_linear_q4gsw_coopmat_t256x128k32g18s32f32cbt_texture3d_texture2d_half,2048,14336,4096,20.9612,11.474
780m,8b,4w,cand,sarc_dev_780m_x_linear_q4gsw_coopmat_t256x128k32g18s32f32cbt_texture3d_texture2d_half,2048,4096,14336,21.8409,11.012
780m,8b,4w,cand,sarc_dev_780m_x_linear_q4gsw_coopmat_t256x128k32g18s32f32cbt_texture3d_texture2d_half,2048,4096,4096,6.1994,11.085
780m,8b,4w,cand,sarc_dev_780m_x_linear_q4gsw_coopmat_t256x128k32g18s32f32cbt_texture3d_texture2d_half,2048,1024,4096,1.738,9.885
780m,8b,4w,cand,sarc_dev_780m_x_linear_q4gsw_coopmat_t256x128k32g18s32f32cbt_texture3d_texture2d_half,2048,1024,4096,1.6567,10.37
780m,8b,4w,cand,sarc_dev_780m_x_linear_q4gsw_coopmat_t256x128k32g18s32f32cbt_texture3d_texture2d_half,2048,4096,4096,6.1435,11.186
780m,8b,4w,cand,sarc_dev_780m_x_linear_q4gsw_coopmat_t256x128k32g18s32f32cbt_texture3d_texture2d_half,2048,14336,4096,21.9853,10.94
780m,8b,4w,cand,sarc_dev_780m_x_linear_q4gsw_coopmat_t256x128k32g18s32f32cbt_texture3d_texture2d_half,2048,14336,4096,20.8967,11.51
780m,8b,4w,cand,sarc_dev_780m_x_linear_q4gsw_coopmat_t256x128k32g18s32f32cbt_texture3d_texture2d_half,2048,4096,14336,22.1883,10.84
780m,8b,4w,cand,sarc_dev_780m_x_linear_q4gsw_coopmat_t256x128k32g18s32f32cbt_texture3d_texture2d_half,2048,4096,4096,6.1869,11.107
780m,8b,4w,cand,sarc_dev_780m_x_linear_q4gsw_coopmat_t256x128k32g18s32f32cbt_texture3d_texture2d_half,2048,1024,4096,1.7111,10.04
780m,8b,4w,cand,sarc_dev_780m_x_linear_q4gsw_coopmat_t256x128k32g18s32f32cbt_texture3d_texture2d_half,2048,1024,4096,1.6636,10.327
780m,8b,4w,cand,sarc_dev_780m_x_linear_q4gsw_coopmat_t256x128k32g18s32f32cbt_texture3d_texture2d_half,2048,4096,4096,6.2115,11.063
780m,8b,4w,cand,sarc_dev_780m_x_linear_q4gsw_coopmat_t256x128k32g18s32f32cbt_texture3d_texture2d_half,2048,14336,4096,21.778,11.044
780m,8b,4w,cand,sarc_dev_780m_x_linear_q4gsw_coopmat_t256x128k32g18s32f32cbt_texture3d_texture2d_half,2048,14336,4096,21.7594,11.054
780m,8b,4w,cand,sarc_dev_780m_x_linear_q4gsw_coopmat_t256x128k32g18s32f32cbt_texture3d_texture2d_half,2048,4096,14336,21.48,11.197
780m,8b,4w,cand,sarc_dev_780m_x_linear_q4gsw_coopmat_t256x128k32g18s32f32cbt_texture3d_texture2d_half,2048,4096,4096,6.2935,10.919
780m,8b,4w,cand,sarc_dev_780m_x_linear_q4gsw_coopmat_t256x128k32g18s32f32cbt_texture3d_texture2d_half,2048,1024,4096,1.7297,9.932
780m,8b,4w,cand,sarc_dev_780m_x_linear_q4gsw_coopmat_t256x128k32g18s32f32cbt_texture3d_texture2d_half,2048,1024,4096,1.6997,10.107
780m,8b,4w,cand,sarc_dev_780m_x_linear_q4gsw_coopmat_t256x128k32g18s32f32cbt_texture3d_texture2d_half,2048,4096,4096,6.254,10.988
780m,8b,4w,cand,sarc_dev_780m_x_linear_q4gsw_coopmat_t256x128k32g18s32f32cbt_texture3d_texture2d_half,2048,14336,4096,21.351,11.265
780m,8b,4w,cand,sarc_dev_780m_x_linear_q4gsw_coopmat_t256x128k32g18s32f32cbt_texture3d_texture2d_half,2048,14336,4096,21.6155,11.127
780m,8b,4w,cand,sarc_dev_780m_x_linear_q4gsw_coopmat_t256x128k32g18s32f32cbt_texture3d_texture2d_half,2048,4096,14336,22.0177,10.924
780m,8b,4w,cand,sarc_dev_780m_x_linear_q4gsw_coopmat_t256x128k32g18s32f32cbt_texture3d_texture2d_half,2048,4096,4096,6.2006,11.083
780m,8b,4w,cand,sarc_dev_780m_x_linear_q4gsw_coopmat_t256x128k32g18s32f32cbt_texture3d_texture2d_half,2048,1024,4096,1.7203,9.987
780m,8b,4w,cand,sarc_dev_780m_x_linear_q4gsw_coopmat_t256x128k32g18s32f32cbt_texture3d_texture2d_half,2048,1024,4096,1.6857,10.191
780m,8b,4w,cand,sarc_dev_780m_x_linear_q4gsw_coopmat_t256x128k32g18s32f32cbt_texture3d_texture2d_half,2048,4096,4096,6.2619,10.974
780m,8b,4w,cand,sarc_dev_780m_x_linear_q4gsw_coopmat_t256x128k32g18s32f32cbt_texture3d_texture2d_half,2048,14336,4096,22.4325,10.722
780m,8b,4w,cand,sarc_dev_780m_x_linear_q4gsw_coopmat_t256x128k32g18s32f32cbt_texture3d_texture2d_half,2048,14336,4096,21.8206,11.023
780m,8b,4w,cand,sarc_dev_780m_x_linear_q4gsw_coopmat_t256x128k32g18s32f32cbt_texture3d_texture2d_half,2048,4096,14336,21.885,10.99
780m,8b,4w,cand,sarc_dev_780m_x_linear_q4gsw_coopmat_t256x128k32g18s32f32cbt_texture3d_texture2d_half,2048,4096,4096,6.2227,11.043
780m,8b,4w,cand,sarc_dev_780m_x_linear_q4gsw_coopmat_t256x128k32g18s32f32cbt_texture3d_texture2d_half,2048,1024,4096,1.701,10.1
780m,8b,4w,cand,sarc_dev_780m_x_linear_q4gsw_coopmat_t256x128k32g18s32f32cbt_texture3d_texture2d_half,2048,1024,4096,1.6854,10.193
780m,8b,4w,cand,sarc_dev_780m_x_linear_q4gsw_coopmat_t256x128k32g18s32f32cbt_texture3d_texture2d_half,2048,4096,4096,6.2346,11.022
780m,8b,4w,cand,sarc_dev_780m_x_linear_q4gsw_coopmat_t256x128k32g18s32f32cbt_texture3d_texture2d_half,2048,14336,4096,21.325,11.279
780m,8b,4w,cand,sarc_dev_780m_x_linear_q4gsw_coopmat_t256x128k32g18s32f32cbt_texture3d_texture2d_half,2048,14336,4096,21.0515,11.425
780m,8b,4w,cand,sarc_dev_780m_x_linear_q4gsw_coopmat_t256x128k32g18s32f32cbt_texture3d_texture2d_half,2048,4096,14336,21.9121,10.976
780m,8b,4w,cand,sarc_dev_780m_x_linear_q4gsw_coopmat_t256x128k32g18s32f32cbt_texture3d_texture2d_half,2048,4096,4096,6.2517,10.992
780m,8b,4w,cand,sarc_dev_780m_x_linear_q4gsw_coopmat_t256x128k32g18s32f32cbt_texture3d_texture2d_half,2048,1024,4096,1.6952,10.134
780m,8b,4w,cand,sarc_dev_780m_x_linear_q4gsw_coopmat_t256x128k32g18s32f32cbt_texture3d_texture2d_half,2048,1024,4096,1.6698,10.289
780m,8b,4w,cand,sarc_dev_780m_x_linear_q4gsw_coopmat_t256x128k32g18s32f32cbt_texture3d_texture2d_half,2048,4096,4096,6.2736,10.954
780m,8b,4w,cand,sarc_dev_780m_x_linear_q4gsw_coopmat_t256x128k32g18s32f32cbt_texture3d_texture2d_half,2048,14336,4096,22.1559,10.856
780m,8b,4w,cand,sarc_dev_780m_x_linear_q4gsw_coopmat_t256x128k32g18s32f32cbt_texture3d_texture2d_half,2048,14336,4096,21.026,11.439
780m,8b,4w,cand,sarc_dev_780m_x_linear_q4gsw_coopmat_t256x128k32g18s32f32cbt_texture3d_texture2d_half,2048,4096,14336,21.9082,10.978
780m,8b,4w,cand,sarc_dev_780m_x_linear_q4gsw_coopmat_t256x128k32g18s32f32cbt_texture3d_texture2d_half,2048,4096,4096,6.3271,10.861
780m,8b,4w,cand,sarc_dev_780m_x_linear_q4gsw_coopmat_t256x128k32g18s32f32cbt_texture3d_texture2d_half,2048,1024,4096,1.6813,10.218
780m,8b,4w,cand,sarc_dev_780m_x_linear_q4gsw_coopmat_t256x128k32g18s32f32cbt_texture3d_texture2d_half,2048,1024,4096,1.7044,10.08
780m,8b,4w,cand,sarc_dev_780m_x_linear_q4gsw_coopmat_t256x128k32g18s32f32cbt_texture3d_texture2d_half,2048,4096,4096,6.1977,11.088
780m,8b,4w,cand,sarc_dev_780m_x_linear_q4gsw_coopmat_t256x128k32g18s32f32cbt_texture3d_texture2d_half,2048,14336,4096,21.6961,11.086
780m,8b,4w,cand,sarc_dev_780m_x_linear_q4gsw_coopmat_t256x128k32g18s32f32cbt_texture3d_texture2d_half,2048,14336,4096,21.932,10.967
780m,8b,4w,cand,sarc_dev_780m_x_linear_q4gsw_coopmat_t256x128k32g18s32f32cbt_texture3d_texture2d_half,2048,4096,14336,21.2569,11.315
780m,8b,4w,cand,sarc_dev_780m_x_linear_q4gsw_coopmat_t256x128k32g18s32f32cbt_texture3d_texture2d_half,2048,4096,4096,6.1998,11.084
780m,8b,4w,cand,sarc_dev_780m_x_linear_q4gsw_coopmat_t256x128k32g18s32f32cbt_texture3d_texture2d_half,2048,1024,4096,1.7154,10.015
780m,8b,4w,cand,sarc_dev_780m_x_linear_q4gsw_coopmat_t256x128k32g18s32f32cbt_texture3d_texture2d_half,2048,1024,4096,1.6802,10.225
780m,8b,4w,cand,sarc_dev_780m_x_linear_q4gsw_coopmat_t256x128k32g18s32f32cbt_texture3d_texture2d_half,2048,4096,4096,6.1327,11.205
780m,8b,4w,cand,sarc_dev_780m_x_linear_q4gsw_coopmat_t256x128k32g18s32f32cbt_texture3d_texture2d_half,2048,14336,4096,21.7606,11.053
780m,8b,4w,cand,sarc_dev_780m_x_linear_q4gsw_coopmat_t256x128k32g18s32f32cbt_texture3d_texture2d_half,2048,14336,4096,21.0605,11.42
780m,8b,4w,cand,sarc_dev_780m_x_linear_q4gsw_coopmat_t256x128k32g18s32f32cbt_texture3d_texture2d_half,2048,4096,14336,22.2941,10.788
780m,8b,4w,cand,sarc_dev_780m_x_linear_q4gsw_coopmat_t256x128k32g18s32f32cbt_texture3d_texture2d_half,2048,4096,4096,6.2391,11.014
780m,8b,4w,cand,sarc_dev_780m_x_linear_q4gsw_coopmat_t256x128k32g18s32f32cbt_texture3d_texture2d_half,2048,1024,4096,1.6764,10.248
780m,8b,4w,cand,sarc_dev_780m_x_linear_q4gsw_coopmat_t256x128k32g18s32f32cbt_texture3d_texture2d_half,2048,1024,4096,1.6741,10.262
780m,8b,4w,cand,sarc_dev_780m_x_linear_q4gsw_coopmat_t256x128k32g18s32f32cbt_texture3d_texture2d_half,2048,4096,4096,6.2379,11.016
780m,8b,4w,cand,sarc_dev_780m_x_linear_q4gsw_coopmat_t256x128k32g18s32f32cbt_texture3d_texture2d_half,2048,14336,4096,21.3836,11.248
780m,8b,4w,cand,sarc_dev_780m_x_linear_q4gsw_coopmat_t256x128k32g18s32f32cbt_texture3d_texture2d_half,2048,14336,4096,21.589,11.141
780m,8b,4w,cand,sarc_dev_780m_x_linear_q4gsw_coopmat_t256x128k32g18s32f32cbt_texture3d_texture2d_half,2048,4096,14336,21.2693,11.308
780m,8b,4w,cand,sarc_dev_780m_x_linear_q4gsw_coopmat_t256x128k32g18s32f32cbt_texture3d_texture2d_half,2048,4096,4096,6.2124,11.062
780m,8b,4w,cand,sarc_dev_780m_x_linear_q4gsw_coopmat_t256x128k32g18s32f32cbt_texture3d_texture2d_half,2048,1024,4096,1.6943,10.14
780m,8b,4w,cand,sarc_dev_780m_x_linear_q4gsw_coopmat_t256x128k32g18s32f32cbt_texture3d_texture2d_half,2048,1024,4096,1.6816,10.216
780m,8b,4w,cand,sarc_dev_780m_x_linear_q4gsw_coopmat_t256x128k32g18s32f32cbt_texture3d_texture2d_half,2048,4096,4096,6.2757,10.95
780m,8b,4w,cand,sarc_dev_780m_x_linear_q4gsw_coopmat_t256x128k32g18s32f32cbt_texture3d_texture2d_half,2048,14336,4096,21.3121,11.286
780m,8b,4w,cand,sarc_dev_780m_x_linear_q4gsw_coopmat_t256x128k32g18s32f32cbt_texture3d_texture2d_half,2048,14336,4096,21.4346,11.221
780m,8b,4w,cand,sarc_dev_780m_x_linear_q4gsw_coopmat_t256x128k32g18s32f32cbt_texture3d_texture2d_half,2048,4096,14336,21.726,11.071
780m,8b,4w,parent,sarc_linear_q4gsw_coopmat_t128x128k32g42s32f32c_texture3d_texture2d_half,2048,4096,4096,6.7889,10.122
780m,8b,4w,parent,sarc_linear_q4gsw_coopmat_t128x128k32g42s32f32c_texture3d_texture2d_half,2048,1024,4096,1.8295,9.391
780m,8b,4w,parent,sarc_linear_q4gsw_coopmat_t128x128k32g42s32f32c_texture3d_texture2d_half,2048,1024,4096,1.7431,9.856
780m,8b,4w,parent,sarc_linear_q4gsw_coopmat_t128x128k32g42s32f32c_texture3d_texture2d_half,2048,4096,4096,6.7277,10.214
780m,8b,4w,parent,sarc_linear_q4gsw_coopmat_t128x128k32g42s32f32c_texture3d_texture2d_half,2048,14336,4096,23.6055,10.189
780m,8b,4w,parent,sarc_linear_q4gsw_coopmat_t128x128k32g42s32f32c_texture3d_texture2d_half,2048,14336,4096,23.9325,10.05
780m,8b,4w,parent,sarc_linear_q4gsw_coopmat_t128x128k32g42s32f32c_texture3d_texture2d_half,2048,4096,14336,24.7174,9.731
780m,8b,4w,parent,sarc_linear_q4gsw_coopmat_t128x128k32g42s32f32c_texture3d_texture2d_half,2048,4096,4096,7.0942,9.687
780m,8b,4w,parent,sarc_linear_q4gsw_coopmat_t128x128k32g42s32f32c_texture3d_texture2d_half,2048,1024,4096,1.9296,8.903
780m,8b,4w,parent,sarc_linear_q4gsw_coopmat_t128x128k32g42s32f32c_texture3d_texture2d_half,2048,1024,4096,1.8127,9.477
780m,8b,4w,parent,sarc_linear_q4gsw_coopmat_t128x128k32g42s32f32c_texture3d_texture2d_half,2048,4096,4096,6.6804,10.287
780m,8b,4w,parent,sarc_linear_q4gsw_coopmat_t128x128k32g42s32f32c_texture3d_texture2d_half,2048,14336,4096,23.7973,10.107
780m,8b,4w,parent,sarc_linear_q4gsw_coopmat_t128x128k32g42s32f32c_texture3d_texture2d_half,2048,14336,4096,24.1894,9.943
780m,8b,4w,parent,sarc_linear_q4gsw_coopmat_t128x128k32g42s32f32c_texture3d_texture2d_half,2048,4096,14336,24.4294,9.845
780m,8b,4w,parent,sarc_linear_q4gsw_coopmat_t128x128k32g42s32f32c_texture3d_texture2d_half,2048,4096,4096,6.9885,9.833
780m,8b,4w,parent,sarc_linear_q4gsw_coopmat_t128x128k32g42s32f32c_texture3d_texture2d_half,2048,1024,4096,1.9112,8.989
780m,8b,4w,parent,sarc_linear_q4gsw_coopmat_t128x128k32g42s32f32c_texture3d_texture2d_half,2048,1024,4096,1.8384,9.345
780m,8b,4w,parent,sarc_linear_q4gsw_coopmat_t128x128k32g42s32f32c_texture3d_texture2d_half,2048,4096,4096,6.7455,10.187
780m,8b,4w,parent,sarc_linear_q4gsw_coopmat_t128x128k32g42s32f32c_texture3d_texture2d_half,2048,14336,4096,23.5296,10.222
780m,8b,4w,parent,sarc_linear_q4gsw_coopmat_t128x128k32g42s32f32c_texture3d_texture2d_half,2048,14336,4096,23.9748,10.032
780m,8b,4w,parent,sarc_linear_q4gsw_coopmat_t128x128k32g42s32f32c_texture3d_texture2d_half,2048,4096,14336,24.2818,9.905
780m,8b,4w,parent,sarc_linear_q4gsw_coopmat_t128x128k32g42s32f32c_texture3d_texture2d_half,2048,4096,4096,6.9742,9.853
780m,8b,4w,parent,sarc_linear_q4gsw_coopmat_t128x128k32g42s32f32c_texture3d_texture2d_half,2048,1024,4096,1.9058,9.014
780m,8b,4w,parent,sarc_linear_q4gsw_coopmat_t128x128k32g42s32f32c_texture3d_texture2d_half,2048,1024,4096,1.8283,9.397
780m,8b,4w,parent,sarc_linear_q4gsw_coopmat_t128x128k32g42s32f32c_texture3d_texture2d_half,2048,4096,4096,6.6596,10.319
780m,8b,4w,parent,sarc_linear_q4gsw_coopmat_t128x128k32g42s32f32c_texture3d_texture2d_half,2048,14336,4096,23.7746,10.117
780m,8b,4w,parent,sarc_linear_q4gsw_coopmat_t128x128k32g42s32f32c_texture3d_texture2d_half,2048,14336,4096,24.0213,10.013
780m,8b,4w,parent,sarc_linear_q4gsw_coopmat_t128x128k32g42s32f32c_texture3d_texture2d_half,2048,4096,14336,24.3646,9.872
780m,8b,4w,parent,sarc_linear_q4gsw_coopmat_t128x128k32g42s32f32c_texture3d_texture2d_half,2048,4096,4096,6.9972,9.821
780m,8b,4w,parent,sarc_linear_q4gsw_coopmat_t128x128k32g42s32f32c_texture3d_texture2d_half,2048,1024,4096,1.9425,8.844
780m,8b,4w,parent,sarc_linear_q4gsw_coopmat_t128x128k32g42s32f32c_texture3d_texture2d_half,2048,1024,4096,1.8194,9.443
780m,8b,4w,parent,sarc_linear_q4gsw_coopmat_t128x128k32g42s32f32c_texture3d_texture2d_half,2048,4096,4096,6.7472,10.185
780m,8b,4w,parent,sarc_linear_q4gsw_coopmat_t128x128k32g42s32f32c_texture3d_texture2d_half,2048,14336,4096,23.5489,10.214
780m,8b,4w,parent,sarc_linear_q4gsw_coopmat_t128x128k32g42s32f32c_texture3d_texture2d_half,2048,14336,4096,24.0892,9.984
780m,8b,4w,parent,sarc_linear_q4gsw_coopmat_t128x128k32g42s32f32c_texture3d_texture2d_half,2048,4096,14336,24.316,9.891
780m,8b,4w,parent,sarc_linear_q4gsw_coopmat_t128x128k32g42s32f32c_texture3d_texture2d_half,2048,4096,4096,6.9316,9.914
780m,8b,4w,parent,sarc_linear_q4gsw_coopmat_t128x128k32g42s32f32c_texture3d_texture2d_half,2048,1024,4096,1.9071,9.008
780m,8b,4w,parent,sarc_linear_q4gsw_coopmat_t128x128k32g42s32f32c_texture3d_texture2d_half,2048,1024,4096,1.8018,9.535
780m,8b,4w,parent,sarc_linear_q4gsw_coopmat_t128x128k32g42s32f32c_texture3d_texture2d_half,2048,4096,4096,6.7368,10.201
780m,8b,4w,parent,sarc_linear_q4gsw_coopmat_t128x128k32g42s32f32c_texture3d_texture2d_half,2048,14336,4096,23.6652,10.163
780m,8b,4w,parent,sarc_linear_q4gsw_coopmat_t128x128k32g42s32f32c_texture3d_texture2d_half,2048,14336,4096,23.7803,10.114
780m,8b,4w,parent,sarc_linear_q4gsw_coopmat_t128x128k32g42s32f32c_texture3d_texture2d_half,2048,4096,14336,24.4442,9.839
780m,8b,4w,parent,sarc_linear_q4gsw_coopmat_t128x128k32g42s32f32c_texture3d_texture2d_half,2048,4096,4096,7.0003,9.817
780m,8b,4w,parent,sarc_linear_q4gsw_coopmat_t128x128k32g42s32f32c_texture3d_texture2d_half,2048,1024,4096,1.9243,8.928
780m,8b,4w,parent,sarc_linear_q4gsw_coopmat_t128x128k32g42s32f32c_texture3d_texture2d_half,2048,1024,4096,1.8299,9.388
780m,8b,4w,parent,sarc_linear_q4gsw_coopmat_t128x128k32g42s32f32c_texture3d_texture2d_half,2048,4096,4096,6.7788,10.137
780m,8b,4w,parent,sarc_linear_q4gsw_coopmat_t128x128k32g42s32f32c_texture3d_texture2d_half,2048,14336,4096,23.5704,10.204
780m,8b,4w,parent,sarc_linear_q4gsw_coopmat_t128x128k32g42s32f32c_texture3d_texture2d_half,2048,14336,4096,23.8997,10.064
780m,8b,4w,parent,sarc_linear_q4gsw_coopmat_t128x128k32g42s32f32c_texture3d_texture2d_half,2048,4096,14336,24.2769,9.907
780m,8b,4w,parent,sarc_linear_q4gsw_coopmat_t128x128k32g42s32f32c_texture3d_texture2d_half,2048,4096,4096,7.0115,9.801
780m,8b,4w,parent,sarc_linear_q4gsw_coopmat_t128x128k32g42s32f32c_texture3d_texture2d_half,2048,1024,4096,1.9337,8.885
780m,8b,4w,parent,sarc_linear_q4gsw_coopmat_t128x128k32g42s32f32c_texture3d_texture2d_half,2048,1024,4096,1.7768,9.669
780m,8b,4w,parent,sarc_linear_q4gsw_coopmat_t128x128k32g42s32f32c_texture3d_texture2d_half,2048,4096,4096,6.6932,10.267
780m,8b,4w,parent,sarc_linear_q4gsw_coopmat_t128x128k32g42s32f32c_texture3d_texture2d_half,2048,14336,4096,23.7349,10.134
780m,8b,4w,parent,sarc_linear_q4gsw_coopmat_t128x128k32g42s32f32c_texture3d_texture2d_half,2048,14336,4096,23.8379,10.09
780m,8b,4w,parent,sarc_linear_q4gsw_coopmat_t128x128k32g42s32f32c_texture3d_texture2d_half,2048,4096,14336,24.3412,9.881
780m,8b,4w,parent,sarc_linear_q4gsw_coopmat_t128x128k32g42s32f32c_texture3d_texture2d_half,2048,4096,4096,6.9981,9.82
780m,8b,4w,parent,sarc_linear_q4gsw_coopmat_t128x128k32g42s32f32c_texture3d_texture2d_half,2048,1024,4096,1.946,8.828
780m,8b,4w,parent,sarc_linear_q4gsw_coopmat_t128x128k32g42s32f32c_texture3d_texture2d_half,2048,1024,4096,1.8396,9.339
780m,8b,4w,parent,sarc_linear_q4gsw_coopmat_t128x128k32g42s32f32c_texture3d_texture2d_half,2048,4096,4096,6.779,10.137
780m,8b,4w,parent,sarc_linear_q4gsw_coopmat_t128x128k32g42s32f32c_texture3d_texture2d_half,2048,14336,4096,23.7688,10.119
780m,8b,4w,parent,sarc_linear_q4gsw_coopmat_t128x128k32g42s32f32c_texture3d_texture2d_half,2048,14336,4096,23.8158,10.099
780m,8b,4w,parent,sarc_linear_q4gsw_coopmat_t128x128k32g42s32f32c_texture3d_texture2d_half,2048,4096,14336,24.4259,9.847
780m,8b,4w,parent,sarc_linear_q4gsw_coopmat_t128x128k32g42s32f32c_texture3d_texture2d_half,2048,4096,4096,6.9651,9.866
780m,8b,4w,parent,sarc_linear_q4gsw_coopmat_t128x128k32g42s32f32c_texture3d_texture2d_half,2048,1024,4096,1.9119,8.986
780m,8b,4w,parent,sarc_linear_q4gsw_coopmat_t128x128k32g42s32f32c_texture3d_texture2d_half,2048,1024,4096,1.8104,9.49
780m,8b,4w,parent,sarc_linear_q4gsw_coopmat_t128x128k32g42s32f32c_texture3d_texture2d_half,2048,4096,4096,6.8304,10.061
780m,8b,4w,parent,sarc_linear_q4gsw_coopmat_t128x128k32g42s32f32c_texture3d_texture2d_half,2048,14336,4096,23.5889,10.196
780m,8b,4w,parent,sarc_linear_q4gsw_coopmat_t128x128k32g42s32f32c_texture3d_texture2d_half,2048,14336,4096,23.998,10.022
780m,8b,4w,parent,sarc_linear_q4gsw_coopmat_t128x128k32g42s32f32c_texture3d_texture2d_half,2048,4096,14336,24.3605,9.873
780m,8b,4w,parent,sarc_linear_q4gsw_coopmat_t128x128k32g42s32f32c_texture3d_texture2d_half,2048,4096,4096,6.9171,9.935
780m,8b,4w,parent,sarc_linear_q4gsw_coopmat_t128x128k32g42s32f32c_texture3d_texture2d_half,2048,1024,4096,1.9295,8.904
780m,8b,4w,parent,sarc_linear_q4gsw_coopmat_t128x128k32g42s32f32c_texture3d_texture2d_half,2048,1024,4096,1.838,9.347
780m,8b,4w,parent,sarc_linear_q4gsw_coopmat_t128x128k32g42s32f32c_texture3d_texture2d_half,2048,4096,4096,6.7648,10.158
780m,8b,4w,parent,sarc_linear_q4gsw_coopmat_t128x128k32g42s32f32c_texture3d_texture2d_half,2048,14336,4096,23.7441,10.13
780m,8b,4w,parent,sarc_linear_q4gsw_coopmat_t128x128k32g42s32f32c_texture3d_texture2d_half,2048,14336,4096,23.8157,10.099
780m,8b,4w,parent,sarc_linear_q4gsw_coopmat_t128x128k32g42s32f32c_texture3d_texture2d_half,2048,4096,14336,24.4579,9.834
780m,8b,4w,parent,sarc_linear_q4gsw_coopmat_t128x128k32g42s32f32c_texture3d_texture2d_half,2048,4096,4096,6.9778,9.848
780m,8b,4w,parent,sarc_linear_q4gsw_coopmat_t128x128k32g42s32f32c_texture3d_texture2d_half,2048,1024,4096,1.9403,8.854
780m,8b,4w,parent,sarc_linear_q4gsw_coopmat_t128x128k32g42s32f32c_texture3d_texture2d_half,2048,1024,4096,1.817,9.455
780m,8b,4w,parent,sarc_linear_q4gsw_coopmat_t128x128k32g42s32f32c_texture3d_texture2d_half,2048,4096,4096,6.8406,10.046
780m,8b,4w,parent,sarc_linear_q4gsw_coopmat_t128x128k32g42s32f32c_texture3d_texture2d_half,2048,14336,4096,23.7291,10.136
780m,8b,4w,parent,sarc_linear_q4gsw_coopmat_t128x128k32g42s32f32c_texture3d_texture2d_half,2048,14336,4096,23.7636,10.121
780m,8b,4w,parent,sarc_linear_q4gsw_coopmat_t128x128k32g42s32f32c_texture3d_texture2d_half,2048,4096,14336,24.5674,9.79
780m,8b,4w,parent,sarc_linear_q4gsw_coopmat_t128x128k32g42s32f32c_texture3d_texture2d_half,2048,4096,4096,6.9412,9.9
780m,8b,4w,parent,sarc_linear_q4gsw_coopmat_t128x128k32g42s32f32c_texture3d_texture2d_half,2048,1024,4096,1.9103,8.993
780m,8b,4w,parent,sarc_linear_q4gsw_coopmat_t128x128k32g42s32f32c_texture3d_texture2d_half,2048,1024,4096,1.8098,9.493
780m,8b,4w,parent,sarc_linear_q4gsw_coopmat_t128x128k32g42s32f32c_texture3d_texture2d_half,2048,4096,4096,6.7212,10.224
780m,8b,4w,parent,sarc_linear_q4gsw_coopmat_t128x128k32g42s32f32c_texture3d_texture2d_half,2048,14336,4096,23.7159,10.142
780m,8b,4w,parent,sarc_linear_q4gsw_coopmat_t128x128k32g42s32f32c_texture3d_texture2d_half,2048,14336,4096,23.842,10.088
780m,8b,4w,parent,sarc_linear_q4gsw_coopmat_t128x128k32g42s32f32c_texture3d_texture2d_half,2048,4096,14336,24.3568,9.875
780m,8b,4w,parent,sarc_linear_q4gsw_coopmat_t128x128k32g42s32f32c_texture3d_texture2d_half,2048,4096,4096,7.0263,9.78
780m,8b,4w,parent,sarc_linear_q4gsw_coopmat_t128x128k32g42s32f32c_texture3d_texture2d_half,2048,1024,4096,1.9361,8.874
780m,8b,4w,parent,sarc_linear_q4gsw_coopmat_t128x128k32g42s32f32c_texture3d_texture2d_half,2048,1024,4096,1.8605,9.234
780m,8b,4w,parent,sarc_linear_q4gsw_coopmat_t128x128k32g42s32f32c_texture3d_texture2d_half,2048,4096,4096,6.7961,10.112
780m,8b,4w,parent,sarc_linear_q4gsw_coopmat_t128x128k32g42s32f32c_texture3d_texture2d_half,2048,14336,4096,24.0572,9.998
780m,8b,4w,parent,sarc_linear_q4gsw_coopmat_t128x128k32g42s32f32c_texture3d_texture2d_half,2048,14336,4096,23.9923,10.025
780m,8b,4w,parent,sarc_linear_q4gsw_coopmat_t128x128k32g42s32f32c_texture3d_texture2d_half,2048,4096,14336,24.5159,9.811
780m,8b,4w,parent,sarc_linear_q4gsw_coopmat_t128x128k32g42s32f32c_texture3d_texture2d_half,2048,4096,4096,7.0236,9.784
780m,8b,4w,parent,sarc_linear_q4gsw_coopmat_t128x128k32g42s32f32c_texture3d_texture2d_half,2048,1024,4096,1.9614,8.759
780m,8b,4w,parent,sarc_linear_q4gsw_coopmat_t128x128k32g42s32f32c_texture3d_texture2d_half,2048,1024,4096,1.7586,9.769
780m,8b,4w,parent,sarc_linear_q4gsw_coopmat_t128x128k32g42s32f32c_texture3d_texture2d_half,2048,4096,4096,6.7236,10.221
780m,8b,4w,parent,sarc_linear_q4gsw_coopmat_t128x128k32g42s32f32c_texture3d_texture2d_half,2048,14336,4096,23.7834,10.113
780m,8b,4w,parent,sarc_linear_q4gsw_coopmat_t128x128k32g42s32f32c_texture3d_texture2d_half,2048,14336,4096,23.992,10.025
780m,8b,4w,parent,sarc_linear_q4gsw_coopmat_t128x128k32g42s32f32c_texture3d_texture2d_half,2048,4096,14336,24.375,9.867
780m,8b,4w,parent,sarc_linear_q4gsw_coopmat_t128x128k32g42s32f32c_texture3d_texture2d_half,2048,4096,4096,6.9623,9.87
780m,8b,4w,parent,sarc_linear_q4gsw_coopmat_t128x128k32g42s32f32c_texture3d_texture2d_half,2048,1024,4096,1.9534,8.795
780m,8b,4w,parent,sarc_linear_q4gsw_coopmat_t128x128k32g42s32f32c_texture3d_texture2d_half,2048,1024,4096,1.8107,9.488
780m,8b,4w,parent,sarc_linear_q4gsw_coopmat_t128x128k32g42s32f32c_texture3d_texture2d_half,2048,4096,4096,6.7356,10.202
780m,8b,4w,parent,sarc_linear_q4gsw_coopmat_t128x128k32g42s32f32c_texture3d_texture2d_half,2048,14336,4096,23.4381,10.262
780m,8b,4w,parent,sarc_linear_q4gsw_coopmat_t128x128k32g42s32f32c_texture3d_texture2d_half,2048,14336,4096,24.1907,9.943
780m,8b,4w,parent,sarc_linear_q4gsw_coopmat_t128x128k32g42s32f32c_texture3d_texture2d_half,2048,4096,14336,24.4982,9.818
780m,8b,4w,parent,sarc_linear_q4gsw_coopmat_t128x128k32g42s32f32c_texture3d_texture2d_half,2048,4096,4096,6.9568,9.878
780m,8b,4w,parent,sarc_linear_q4gsw_coopmat_t128x128k32g42s32f32c_texture3d_texture2d_half,2048,1024,4096,1.9264,8.918
780m,8b,4w,parent,sarc_linear_q4gsw_coopmat_t128x128k32g42s32f32c_texture3d_texture2d_half,2048,1024,4096,1.7631,9.744
780m,8b,4w,parent,sarc_linear_q4gsw_coopmat_t128x128k32g42s32f32c_texture3d_texture2d_half,2048,4096,4096,6.7538,10.175
780m,8b,4w,parent,sarc_linear_q4gsw_coopmat_t128x128k32g42s32f32c_texture3d_texture2d_half,2048,14336,4096,24.1186,9.972
780m,8b,4w,parent,sarc_linear_q4gsw_coopmat_t128x128k32g42s32f32c_texture3d_texture2d_half,2048,14336,4096,24.3585,9.874
780m,8b,4w,parent,sarc_linear_q4gsw_coopmat_t128x128k32g42s32f32c_texture3d_texture2d_half,2048,4096,14336,24.3742,9.868
780m,8b,4w,parent,sarc_linear_q4gsw_coopmat_t128x128k32g42s32f32c_texture3d_texture2d_half,2048,4096,4096,7.0325,9.772
780m,8b,4w,parent,sarc_linear_q4gsw_coopmat_t128x128k32g42s32f32c_texture3d_texture2d_half,2048,1024,4096,1.911,8.99
780m,8b,4w,parent,sarc_linear_q4gsw_coopmat_t128x128k32g42s32f32c_texture3d_texture2d_half,2048,1024,4096,1.7804,9.649
780m,8b,4w,parent,sarc_linear_q4gsw_coopmat_t128x128k32g42s32f32c_texture3d_texture2d_half,2048,4096,4096,6.6901,10.272
780m,8b,4w,parent,sarc_linear_q4gsw_coopmat_t128x128k32g42s32f32c_texture3d_texture2d_half,2048,14336,4096,23.728,10.136
780m,8b,4w,parent,sarc_linear_q4gsw_coopmat_t128x128k32g42s32f32c_texture3d_texture2d_half,2048,14336,4096,24.0779,9.989
780m,8b,4w,parent,sarc_linear_q4gsw_coopmat_t128x128k32g42s32f32c_texture3d_texture2d_half,2048,4096,14336,23.3673,10.293
780m,8b,4w,parent,sarc_linear_q4gsw_coopmat_t128x128k32g42s32f32c_texture3d_texture2d_half,2048,4096,4096,7.2043,9.539
780m,8b,4w,parent,sarc_linear_q4gsw_coopmat_t128x128k32g42s32f32c_texture3d_texture2d_half,2048,1024,4096,1.9664,8.737
780m,8b,4w,parent,sarc_linear_q4gsw_coopmat_t128x128k32g42s32f32c_texture3d_texture2d_half,2048,1024,4096,1.8554,9.259
780m,8b,4w,parent,sarc_linear_q4gsw_coopmat_t128x128k32g42s32f32c_texture3d_texture2d_half,2048,4096,4096,6.7169,10.231
780m,8b,4w,parent,sarc_linear_q4gsw_coopmat_t128x128k32g42s32f32c_texture3d_texture2d_half,2048,14336,4096,23.6992,10.149
780m,8b,4w,parent,sarc_linear_q4gsw_coopmat_t128x128k32g42s32f32c_texture3d_texture2d_half,2048,14336,4096,24.3069,9.895
780m,8b,4w,parent,sarc_linear_q4gsw_coopmat_t128x128k32g42s32f32c_texture3d_texture2d_half,2048,4096,14336,23.9754,10.032
780m,8b,4w,parent,sarc_linear_q4gsw_coopmat_t128x128k32g42s32f32c_texture3d_texture2d_half,2048,4096,4096,7.0524,9.744
780m,8b,4w,parent,sarc_linear_q4gsw_coopmat_t128x128k32g42s32f32c_texture3d_texture2d_half,2048,1024,4096,1.938,8.865
780m,8b,4w,parent,sarc_linear_q4gsw_coopmat_t128x128k32g42s32f32c_texture3d_texture2d_half,2048,1024,4096,1.8142,9.47
780m,8b,4w,parent,sarc_linear_q4gsw_coopmat_t128x128k32g42s32f32c_texture3d_texture2d_half,2048,4096,4096,6.6612,10.316
780m,8b,4w,parent,sarc_linear_q4gsw_coopmat_t128x128k32g42s32f32c_texture3d_texture2d_half,2048,14336,4096,23.7326,10.134
780m,8b,4w,parent,sarc_linear_q4gsw_coopmat_t128x128k32g42s32f32c_texture3d_texture2d_half,2048,14336,4096,23.9176,10.056
780m,8b,4w,parent,sarc_linear_q4gsw_coopmat_t128x128k32g42s32f32c_texture3d_texture2d_half,2048,4096,14336,24.3942,9.86
780m,8b,4w,parent,sarc_linear_q4gsw_coopmat_t128x128k32g42s32f32c_texture3d_texture2d_half,2048,4096,4096,6.9169,9.935
780m,8b,4w,parent,sarc_linear_q4gsw_coopmat_t128x128k32g42s32f32c_texture3d_texture2d_half,2048,1024,4096,1.9221,8.938
780m,8b,4w,parent,sarc_linear_q4gsw_coopmat_t128x128k32g42s32f32c_texture3d_texture2d_half,2048,1024,4096,1.7942,9.575
780m,8b,4w,parent,sarc_linear_q4gsw_coopmat_t128x128k32g42s32f32c_texture3d_texture2d_half,2048,4096,4096,6.8087,10.093
780m,8b,4w,parent,sarc_linear_q4gsw_coopmat_t128x128k32g42s32f32c_texture3d_texture2d_half,2048,14336,4096,22.9218,10.493
780m,8b,4w,parent,sarc_linear_q4gsw_coopmat_t128x128k32g42s32f32c_texture3d_texture2d_half,2048,14336,4096,24.2015,9.938
780m,8b,4w,parent,sarc_linear_q4gsw_coopmat_t128x128k32g42s32f32c_texture3d_texture2d_half,2048,4096,14336,24.334,9.884
780m,8b,4w,parent,sarc_linear_q4gsw_coopmat_t128x128k32g42s32f32c_texture3d_texture2d_half,2048,4096,4096,7.0372,9.765
780m,8b,4w,parent,sarc_linear_q4gsw_coopmat_t128x128k32g42s32f32c_texture3d_texture2d_half,2048,1024,4096,1.9322,8.892
780m,8b,4w,parent,sarc_linear_q4gsw_coopmat_t128x128k32g42s32f32c_texture3d_texture2d_half,2048,1024,4096,1.786,9.619
780m,8b,4w,parent,sarc_linear_q4gsw_coopmat_t128x128k32g42s32f32c_texture3d_texture2d_half,2048,4096,4096,6.7118,10.239
780m,8b,4w,parent,sarc_linear_q4gsw_coopmat_t128x128k32g42s32f32c_texture3d_texture2d_half,2048,14336,4096,22.842,10.53
780m,8b,4w,parent,sarc_linear_q4gsw_coopmat_t128x128k32g42s32f32c_texture3d_texture2d_half,2048,14336,4096,24.3247,9.888
780m,8b,4w,parent,sarc_linear_q4gsw_coopmat_t128x128k32g42s32f32c_texture3d_texture2d_half,2048,4096,14336,24.188,9.944
780m,8b,4w,parent,sarc_linear_q4gsw_coopmat_t128x128k32g42s32f32c_texture3d_texture2d_half,2048,4096,4096,6.9738,9.854
780m,8b,4w,parent,sarc_linear_q4gsw_coopmat_t128x128k32g42s32f32c_texture3d_texture2d_half,2048,1024,4096,1.9295,8.904
780m,8b,4w,parent,sarc_linear_q4gsw_coopmat_t128x128k32g42s32f32c_texture3d_texture2d_half,2048,1024,4096,1.8572,9.251
780m,8b,4w,parent,sarc_linear_q4gsw_coopmat_t128x128k32g42s32f32c_texture3d_texture2d_half,2048,4096,4096,6.6962,10.262
780m,8b,4w,parent,sarc_linear_q4gsw_coopmat_t128x128k32g42s32f32c_texture3d_texture2d_half,2048,14336,4096,23.9742,10.032
780m,8b,4w,parent,sarc_linear_q4gsw_coopmat_t128x128k32g42s32f32c_texture3d_texture2d_half,2048,14336,4096,23.2015,10.367
780m,8b,4w,parent,sarc_linear_q4gsw_coopmat_t128x128k32g42s32f32c_texture3d_texture2d_half,2048,4096,14336,24.312,9.893
780m,8b,4w,parent,sarc_linear_q4gsw_coopmat_t128x128k32g42s32f32c_texture3d_texture2d_half,2048,4096,4096,7.0796,9.707
780m,8b,4w,parent,sarc_linear_q4gsw_coopmat_t128x128k32g42s32f32c_texture3d_texture2d_half,2048,1024,4096,1.9643,8.746
780m,8b,4w,parent,sarc_linear_q4gsw_coopmat_t128x128k32g42s32f32c_texture3d_texture2d_half,2048,1024,4096,1.8466,9.303
780m,8b,4w,parent,sarc_linear_q4gsw_coopmat_t128x128k32g42s32f32c_texture3d_texture2d_half,2048,4096,4096,6.7731,10.146
780m,8b,4w,parent,sarc_linear_q4gsw_coopmat_t128x128k32g42s32f32c_texture3d_texture2d_half,2048,14336,4096,23.1093,10.408
780m,8b,4w,parent,sarc_linear_q4gsw_coopmat_t128x128k32g42s32f32c_texture3d_texture2d_half,2048,14336,4096,23.232,10.353
780m,8b,4w,parent,sarc_linear_q4gsw_coopmat_t128x128k32g42s32f32c_texture3d_texture2d_half,2048,4096,14336,23.49,10.239
780m,8b,4w,parent,sarc_linear_q4gsw_coopmat_t128x128k32g42s32f32c_texture3d_texture2d_half,2048,4096,4096,7.0694,9.721
780m,8b,4w,parent,sarc_linear_q4gsw_coopmat_t128x128k32g42s32f32c_texture3d_texture2d_half,2048,1024,4096,1.9266,8.917
780m,8b,4w,parent,sarc_linear_q4gsw_coopmat_t128x128k32g42s32f32c_texture3d_texture2d_half,2048,1024,4096,1.7962,9.565
780m,8b,4w,parent,sarc_linear_q4gsw_coopmat_t128x128k32g42s32f32c_texture3d_texture2d_half,2048,4096,4096,6.676,10.293
780m,8b,4w,parent,sarc_linear_q4gsw_coopmat_t128x128k32g42s32f32c_texture3d_texture2d_half,2048,14336,4096,22.9404,10.484
780m,8b,4w,parent,sarc_linear_q4gsw_coopmat_t128x128k32g42s32f32c_texture3d_texture2d_half,2048,14336,4096,23.2818,10.331
780m,8b,4w,parent,sarc_linear_q4gsw_coopmat_t128x128k32g42s32f32c_texture3d_texture2d_half,2048,4096,14336,24.288,9.903
780m,8b,4w,parent,sarc_linear_q4gsw_coopmat_t128x128k32g42s32f32c_texture3d_texture2d_half,2048,4096,4096,7.0082,9.806
780m,8b,4w,parent,sarc_linear_q4gsw_coopmat_t128x128k32g42s32f32c_texture3d_texture2d_half,2048,1024,4096,1.9063,9.012
780m,8b,4w,parent,sarc_linear_q4gsw_coopmat_t128x128k32g42s32f32c_texture3d_texture2d_half,2048,1024,4096,1.8683,9.196
780m,8b,4w,parent,sarc_linear_q4gsw_coopmat_t128x128k32g42s32f32c_texture3d_texture2d_half,2048,4096,4096,6.7919,10.118
780m,8b,4w,parent,sarc_linear_q4gsw_coopmat_t128x128k32g42s32f32c_texture3d_texture2d_half,2048,14336,4096,23.0815,10.42
780m,8b,4w,parent,sarc_linear_q4gsw_coopmat_t128x128k32g42s32f32c_texture3d_texture2d_half,2048,14336,4096,24.051,10.0
780m,8b,4w,parent,sarc_linear_q4gsw_coopmat_t128x128k32g42s32f32c_texture3d_texture2d_half,2048,4096,14336,24.0149,10.015
780m,8b,4w,parent,sarc_linear_q4gsw_coopmat_t128x128k32g42s32f32c_texture3d_texture2d_half,2048,4096,4096,7.0489,9.749
780m,8b,4w,parent,sarc_linear_q4gsw_coopmat_t128x128k32g42s32f32c_texture3d_texture2d_half,2048,1024,4096,1.903,9.028
780m,8b,4w,parent,sarc_linear_q4gsw_coopmat_t128x128k32g42s32f32c_texture3d_texture2d_half,2048,1024,4096,1.766,9.728
780m,8b,4w,parent,sarc_linear_q4gsw_coopmat_t128x128k32g42s32f32c_texture3d_texture2d_half,2048,4096,4096,6.8095,10.092
780m,8b,4w,parent,sarc_linear_q4gsw_coopmat_t128x128k32g42s32f32c_texture3d_texture2d_half,2048,14336,4096,23.9138,10.058
780m,8b,4w,parent,sarc_linear_q4gsw_coopmat_t128x128k32g42s32f32c_texture3d_texture2d_half,2048,14336,4096,23.8429,10.088
780m,8b,4w,parent,sarc_linear_q4gsw_coopmat_t128x128k32g42s32f32c_texture3d_texture2d_half,2048,4096,14336,23.3506,10.3
780m,8b,4w,parent,sarc_linear_q4gsw_coopmat_t128x128k32g42s32f32c_texture3d_texture2d_half,2048,4096,4096,7.104,9.673
780m,8b,4w,parent,sarc_linear_q4gsw_coopmat_t128x128k32g42s32f32c_texture3d_texture2d_half,2048,1024,4096,1.9394,8.859
780m,8b,4w,parent,sarc_linear_q4gsw_coopmat_t128x128k32g42s32f32c_texture3d_texture2d_half,2048,1024,4096,1.88,9.138
780m,8b,4w,parent,sarc_linear_q4gsw_coopmat_t128x128k32g42s32f32c_texture3d_texture2d_half,2048,4096,4096,6.69,10.272
780m,8b,4w,parent,sarc_linear_q4gsw_coopmat_t128x128k32g42s32f32c_texture3d_texture2d_half,2048,14336,4096,22.9935,10.46
780m,8b,4w,parent,sarc_linear_q4gsw_coopmat_t128x128k32g42s32f32c_texture3d_texture2d_half,2048,14336,4096,24.3402,9.882
780m,8b,4w,parent,sarc_linear_q4gsw_coopmat_t128x128k32g42s32f32c_texture3d_texture2d_half,2048,4096,14336,24.1222,9.971
780m,8b,4w,parent,sarc_linear_q4gsw_coopmat_t128x128k32g42s32f32c_texture3d_texture2d_half,2048,4096,4096,7.0591,9.735
780m,8b,4w,parent,sarc_linear_q4gsw_coopmat_t128x128k32g42s32f32c_texture3d_texture2d_half,2048,1024,4096,1.9637,8.749
780m,8b,4w,parent,sarc_linear_q4gsw_coopmat_t128x128k32g42s32f32c_texture3d_texture2d_half,2048,1024,4096,1.8253,9.412
780m,8b,4w,parent,sarc_linear_q4gsw_coopmat_t128x128k32g42s32f32c_texture3d_texture2d_half,2048,4096,4096,6.8622,10.014
780m,8b,4w,parent,sarc_linear_q4gsw_coopmat_t128x128k32g42s32f32c_texture3d_texture2d_half,2048,14336,4096,23.0435,10.438
780m,8b,4w,parent,sarc_linear_q4gsw_coopmat_t128x128k32g42s32f32c_texture3d_texture2d_half,2048,14336,4096,23.3448,10.303
780m,8b,4w,parent,sarc_linear_q4gsw_coopmat_t128x128k32g42s32f32c_texture3d_texture2d_half,2048,4096,14336,24.4596,9.833
780m,8b,4w,parent,sarc_linear_q4gsw_coopmat_t128x128k32g42s32f32c_texture3d_texture2d_half,2048,4096,4096,6.9651,9.866
780m,8b,4w,parent,sarc_linear_q4gsw_coopmat_t128x128k32g42s32f32c_texture3d_texture2d_half,2048,1024,4096,1.9455,8.83
780m,8b,4w,parent,sarc_linear_q4gsw_coopmat_t128x128k32g42s32f32c_texture3d_texture2d_half,2048,1024,4096,1.866,9.207
780m,8b,4w,parent,sarc_linear_q4gsw_coopmat_t128x128k32g42s32f32c_texture3d_texture2d_half,2048,4096,4096,6.6873,10.276
780m,8b,4w,parent,sarc_linear_q4gsw_coopmat_t128x128k32g42s32f32c_texture3d_texture2d_half,2048,14336,4096,23.6517,10.169
780m,8b,4w,parent,sarc_linear_q4gsw_coopmat_t128x128k32g42s32f32c_texture3d_texture2d_half,2048,14336,4096,23.7633,10.121
780m,8b,4w,parent,sarc_linear_q4gsw_coopmat_t128x128k32g42s32f32c_texture3d_texture2d_half,2048,4096,14336,24.6556,9.755
780m,8b,4w,parent,sarc_linear_q4gsw_coopmat_t128x128k32g42s32f32c_texture3d_texture2d_half,2048,4096,4096,7.0547,9.741
780m,8b,4w,parent,sarc_linear_q4gsw_coopmat_t128x128k32g42s32f32c_texture3d_texture2d_half,2048,1024,4096,1.9537,8.794
780m,8b,4w,parent,sarc_linear_q4gsw_coopmat_t128x128k32g42s32f32c_texture3d_texture2d_half,2048,1024,4096,1.8022,9.533
780m,8b,4w,parent,sarc_linear_q4gsw_coopmat_t128x128k32g42s32f32c_texture3d_texture2d_half,2048,4096,4096,6.7792,10.137
780m,8b,4w,parent,sarc_linear_q4gsw_coopmat_t128x128k32g42s32f32c_texture3d_texture2d_half,2048,14336,4096,23.1648,10.383
780m,8b,4w,parent,sarc_linear_q4gsw_coopmat_t128x128k32g42s32f32c_texture3d_texture2d_half,2048,14336,4096,24.1742,9.949
780m,8b,4w,parent,sarc_linear_q4gsw_coopmat_t128x128k32g42s32f32c_texture3d_texture2d_half,2048,4096,14336,23.3797,10.287
780m,8b,4w,parent,sarc_linear_q4gsw_coopmat_t128x128k32g42s32f32c_texture3d_texture2d_half,2048,4096,4096,7.0432,9.757
780m,8b,4w,parent,sarc_linear_q4gsw_coopmat_t128x128k32g42s32f32c_texture3d_texture2d_half,2048,1024,4096,1.9527,8.798
780m,8b,4w,parent,sarc_linear_q4gsw_coopmat_t128x128k32g42s32f32c_texture3d_texture2d_half,2048,1024,4096,1.8701,9.187
780m,8b,4w,parent,sarc_linear_q4gsw_coopmat_t128x128k32g42s32f32c_texture3d_texture2d_half,2048,4096,4096,6.78,10.136
780m,8b,4w,parent,sarc_linear_q4gsw_coopmat_t128x128k32g42s32f32c_texture3d_texture2d_half,2048,14336,4096,23.2525,10.344
780m,8b,4w,parent,sarc_linear_q4gsw_coopmat_t128x128k32g42s32f32c_texture3d_texture2d_half,2048,14336,4096,24.4509,9.837
780m,8b,4w,parent,sarc_linear_q4gsw_coopmat_t128x128k32g42s32f32c_texture3d_texture2d_half,2048,4096,14336,23.3897,10.283
780m,8b,8da4w,cand,sarc_dev_780m_x_linear_dq8ca_coopmat_zpg_t256x64k64g48s32afmb1_texture3d_texture2d_half,2048,4096,4096,5.9666,11.517
780m,8b,8da4w,cand,sarc_dev_linear_dq8ca_coopmat_zpg_bt_t128x64k32g22s32_texture3d_texture2d_half,2048,1024,4096,1.6654,10.316
780m,8b,8da4w,cand,sarc_dev_linear_dq8ca_coopmat_zpg_bt_t128x64k32g22s32_texture3d_texture2d_half,2048,1024,4096,1.5254,11.262
780m,8b,8da4w,cand,sarc_dev_780m_x_linear_dq8ca_coopmat_zpg_t256x64k64g48s32afmb1_texture3d_texture2d_half,2048,4096,4096,5.9573,11.535
780m,8b,8da4w,cand,sarc_dev_780m_x_linear_dq8ca_coopmat_zpg_t256x64k64g48s32afmb1_texture3d_texture2d_half,2048,14336,4096,21.106,11.396
780m,8b,8da4w,cand,sarc_dev_780m_x_linear_dq8ca_coopmat_zpg_t256x64k64g48s32afmb1_texture3d_texture2d_half,2048,14336,4096,21.2139,11.338
780m,8b,8da4w,cand,sarc_dev_linear_dq8ca_coopmat_zpg_bt_t128x64k32g22s32_texture3d_texture2d_half,2048,4096,14336,21.5956,11.137
780m,8b,8da4w,cand,sarc_dev_780m_x_linear_dq8ca_coopmat_zpg_t256x64k64g48s32afmb1_texture3d_texture2d_half,2048,4096,4096,5.9053,11.637
780m,8b,8da4w,cand,sarc_dev_linear_dq8ca_coopmat_zpg_bt_t128x64k32g22s32_texture3d_texture2d_half,2048,1024,4096,1.7104,10.044
780m,8b,8da4w,cand,sarc_dev_linear_dq8ca_coopmat_zpg_bt_t128x64k32g22s32_texture3d_texture2d_half,2048,1024,4096,1.5667,10.966
780m,8b,8da4w,cand,sarc_dev_780m_x_linear_dq8ca_coopmat_zpg_t256x64k64g48s32afmb1_texture3d_texture2d_half,2048,4096,4096,6.0046,11.444
780m,8b,8da4w,cand,sarc_dev_780m_x_linear_dq8ca_coopmat_zpg_t256x64k64g48s32afmb1_texture3d_texture2d_half,2048,14336,4096,21.1139,11.391
780m,8b,8da4w,cand,sarc_dev_780m_x_linear_dq8ca_coopmat_zpg_t256x64k64g48s32afmb1_texture3d_texture2d_half,2048,14336,4096,21.0435,11.43
780m,8b,8da4w,cand,sarc_dev_linear_dq8ca_coopmat_zpg_bt_t128x64k32g22s32_texture3d_texture2d_half,2048,4096,14336,21.6699,11.099
780m,8b,8da4w,cand,sarc_dev_780m_x_linear_dq8ca_coopmat_zpg_t256x64k64g48s32afmb1_texture3d_texture2d_half,2048,4096,4096,5.9072,11.633
780m,8b,8da4w,cand,sarc_dev_linear_dq8ca_coopmat_zpg_bt_t128x64k32g22s32_texture3d_texture2d_half,2048,1024,4096,1.669,10.294
780m,8b,8da4w,cand,sarc_dev_linear_dq8ca_coopmat_zpg_bt_t128x64k32g22s32_texture3d_texture2d_half,2048,1024,4096,1.5489,11.092
780m,8b,8da4w,cand,sarc_dev_780m_x_linear_dq8ca_coopmat_zpg_t256x64k64g48s32afmb1_texture3d_texture2d_half,2048,4096,4096,5.9598,11.531
780m,8b,8da4w,cand,sarc_dev_780m_x_linear_dq8ca_coopmat_zpg_t256x64k64g48s32afmb1_texture3d_texture2d_half,2048,14336,4096,21.0764,11.412
780m,8b,8da4w,cand,sarc_dev_780m_x_linear_dq8ca_coopmat_zpg_t256x64k64g48s32afmb1_texture3d_texture2d_half,2048,14336,4096,20.8565,11.532
780m,8b,8da4w,cand,sarc_dev_linear_dq8ca_coopmat_zpg_bt_t128x64k32g22s32_texture3d_texture2d_half,2048,4096,14336,21.7064,11.08
780m,8b,8da4w,cand,sarc_dev_780m_x_linear_dq8ca_coopmat_zpg_t256x64k64g48s32afmb1_texture3d_texture2d_half,2048,4096,4096,5.9249,11.598
780m,8b,8da4w,cand,sarc_dev_linear_dq8ca_coopmat_zpg_bt_t128x64k32g22s32_texture3d_texture2d_half,2048,1024,4096,1.7271,9.947
780m,8b,8da4w,cand,sarc_dev_linear_dq8ca_coopmat_zpg_bt_t128x64k32g22s32_texture3d_texture2d_half,2048,1024,4096,1.5614,11.003
780m,8b,8da4w,cand,sarc_dev_780m_x_linear_dq8ca_coopmat_zpg_t256x64k64g48s32afmb1_texture3d_texture2d_half,2048,4096,4096,6.0058,11.442
780m,8b,8da4w,cand,sarc_dev_780m_x_linear_dq8ca_coopmat_zpg_t256x64k64g48s32afmb1_texture3d_texture2d_half,2048,14336,4096,21.1677,11.362
780m,8b,8da4w,cand,sarc_dev_780m_x_linear_dq8ca_coopmat_zpg_t256x64k64g48s32afmb1_texture3d_texture2d_half,2048,14336,4096,21.1151,11.391
780m,8b,8da4w,cand,sarc_dev_linear_dq8ca_coopmat_zpg_bt_t128x64k32g22s32_texture3d_texture2d_half,2048,4096,14336,21.7839,11.041
780m,8b,8da4w,cand,sarc_dev_780m_x_linear_dq8ca_coopmat_zpg_t256x64k64g48s32afmb1_texture3d_texture2d_half,2048,4096,4096,5.9608,11.529
780m,8b,8da4w,cand,sarc_dev_linear_dq8ca_coopmat_zpg_bt_t128x64k32g22s32_texture3d_texture2d_half,2048,1024,4096,1.6976,10.12
780m,8b,8da4w,cand,sarc_dev_linear_dq8ca_coopmat_zpg_bt_t128x64k32g22s32_texture3d_texture2d_half,2048,1024,4096,1.5564,11.038
780m,8b,8da4w,cand,sarc_dev_780m_x_linear_dq8ca_coopmat_zpg_t256x64k64g48s32afmb1_texture3d_texture2d_half,2048,4096,4096,6.0306,11.395
780m,8b,8da4w,cand,sarc_dev_780m_x_linear_dq8ca_coopmat_zpg_t256x64k64g48s32afmb1_texture3d_texture2d_half,2048,14336,4096,21.1502,11.372
780m,8b,8da4w,cand,sarc_dev_780m_x_linear_dq8ca_coopmat_zpg_t256x64k64g48s32afmb1_texture3d_texture2d_half,2048,14336,4096,20.9763,11.466
780m,8b,8da4w,cand,sarc_dev_linear_dq8ca_coopmat_zpg_bt_t128x64k32g22s32_texture3d_texture2d_half,2048,4096,14336,21.6848,11.092
780m,8b,8da4w,cand,sarc_dev_780m_x_linear_dq8ca_coopmat_zpg_t256x64k64g48s32afmb1_texture3d_texture2d_half,2048,4096,4096,5.9359,11.577
780m,8b,8da4w,cand,sarc_dev_linear_dq8ca_coopmat_zpg_bt_t128x64k32g22s32_texture3d_texture2d_half,2048,1024,4096,1.7103,10.045
780m,8b,8da4w,cand,sarc_dev_linear_dq8ca_coopmat_zpg_bt_t128x64k32g22s32_texture3d_texture2d_half,2048,1024,4096,1.5522,11.068
780m,8b,8da4w,cand,sarc_dev_780m_x_linear_dq8ca_coopmat_zpg_t256x64k64g48s32afmb1_texture3d_texture2d_half,2048,4096,4096,6.0097,11.435
780m,8b,8da4w,cand,sarc_dev_780m_x_linear_dq8ca_coopmat_zpg_t256x64k64g48s32afmb1_texture3d_texture2d_half,2048,14336,4096,21.0772,11.411
780m,8b,8da4w,cand,sarc_dev_780m_x_linear_dq8ca_coopmat_zpg_t256x64k64g48s32afmb1_texture3d_texture2d_half,2048,14336,4096,21.0729,11.414
780m,8b,8da4w,cand,sarc_dev_linear_dq8ca_coopmat_zpg_bt_t128x64k32g22s32_texture3d_texture2d_half,2048,4096,14336,21.6634,11.102
780m,8b,8da4w,cand,sarc_dev_780m_x_linear_dq8ca_coopmat_zpg_t256x64k64g48s32afmb1_texture3d_texture2d_half,2048,4096,4096,5.9462,11.557
780m,8b,8da4w,cand,sarc_dev_linear_dq8ca_coopmat_zpg_bt_t128x64k32g22s32_texture3d_texture2d_half,2048,1024,4096,1.6472,10.43
780m,8b,8da4w,cand,sarc_dev_linear_dq8ca_coopmat_zpg_bt_t128x64k32g22s32_texture3d_texture2d_half,2048,1024,4096,1.5566,11.037
780m,8b,8da4w,cand,sarc_dev_780m_x_linear_dq8ca_coopmat_zpg_t256x64k64g48s32afmb1_texture3d_texture2d_half,2048,4096,4096,6.0232,11.409
780m,8b,8da4w,cand,sarc_dev_780m_x_linear_dq8ca_coopmat_zpg_t256x64k64g48s32afmb1_texture3d_texture2d_half,2048,14336,4096,21.0658,11.417
780m,8b,8da4w,cand,sarc_dev_780m_x_linear_dq8ca_coopmat_zpg_t256x64k64g48s32afmb1_texture3d_texture2d_half,2048,14336,4096,21.1278,11.384
780m,8b,8da4w,cand,sarc_dev_linear_dq8ca_coopmat_zpg_bt_t128x64k32g22s32_texture3d_texture2d_half,2048,4096,14336,21.6846,11.092
780m,8b,8da4w,cand,sarc_dev_780m_x_linear_dq8ca_coopmat_zpg_t256x64k64g48s32afmb1_texture3d_texture2d_half,2048,4096,4096,5.975,11.501
780m,8b,8da4w,cand,sarc_dev_linear_dq8ca_coopmat_zpg_bt_t128x64k32g22s32_texture3d_texture2d_half,2048,1024,4096,1.6987,10.113
780m,8b,8da4w,cand,sarc_dev_linear_dq8ca_coopmat_zpg_bt_t128x64k32g22s32_texture3d_texture2d_half,2048,1024,4096,1.5663,10.969
780m,8b,8da4w,cand,sarc_dev_780m_x_linear_dq8ca_coopmat_zpg_t256x64k64g48s32afmb1_texture3d_texture2d_half,2048,4096,4096,5.9253,11.598
780m,8b,8da4w,cand,sarc_dev_780m_x_linear_dq8ca_coopmat_zpg_t256x64k64g48s32afmb1_texture3d_texture2d_half,2048,14336,4096,21.3018,11.291
780m,8b,8da4w,cand,sarc_dev_780m_x_linear_dq8ca_coopmat_zpg_t256x64k64g48s32afmb1_texture3d_texture2d_half,2048,14336,4096,20.6714,11.635
780m,8b,8da4w,cand,sarc_dev_linear_dq8ca_coopmat_zpg_bt_t128x64k32g22s32_texture3d_texture2d_half,2048,4096,14336,21.7381,11.064
780m,8b,8da4w,cand,sarc_dev_780m_x_linear_dq8ca_coopmat_zpg_t256x64k64g48s32afmb1_texture3d_texture2d_half,2048,4096,4096,5.9884,11.476
780m,8b,8da4w,cand,sarc_dev_linear_dq8ca_coopmat_zpg_bt_t128x64k32g22s32_texture3d_texture2d_half,2048,1024,4096,1.7243,9.963
780m,8b,8da4w,cand,sarc_dev_linear_dq8ca_coopmat_zpg_bt_t128x64k32g22s32_texture3d_texture2d_half,2048,1024,4096,1.5562,11.04
780m,8b,8da4w,cand,sarc_dev_780m_x_linear_dq8ca_coopmat_zpg_t256x64k64g48s32afmb1_texture3d_texture2d_half,2048,4096,4096,5.931,11.587
780m,8b,8da4w,cand,sarc_dev_780m_x_linear_dq8ca_coopmat_zpg_t256x64k64g48s32afmb1_texture3d_texture2d_half,2048,14336,4096,21.271,11.307
780m,8b,8da4w,cand,sarc_dev_780m_x_linear_dq8ca_coopmat_zpg_t256x64k64g48s32afmb1_texture3d_texture2d_half,2048,14336,4096,21.0191,11.443
780m,8b,8da4w,cand,sarc_dev_linear_dq8ca_coopmat_zpg_bt_t128x64k32g22s32_texture3d_texture2d_half,2048,4096,14336,21.6489,11.11
780m,8b,8da4w,cand,sarc_dev_780m_x_linear_dq8ca_coopmat_zpg_t256x64k64g48s32afmb1_texture3d_texture2d_half,2048,4096,4096,5.9921,11.468
780m,8b,8da4w,cand,sarc_dev_linear_dq8ca_coopmat_zpg_bt_t128x64k32g22s32_texture3d_texture2d_half,2048,1024,4096,1.6999,10.107
780m,8b,8da4w,cand,sarc_dev_linear_dq8ca_coopmat_zpg_bt_t128x64k32g22s32_texture3d_texture2d_half,2048,1024,4096,1.5562,11.04
780m,8b,8da4w,cand,sarc_dev_780m_x_linear_dq8ca_coopmat_zpg_t256x64k64g48s32afmb1_texture3d_texture2d_half,2048,4096,4096,5.973,11.505
780m,8b,8da4w,cand,sarc_dev_780m_x_linear_dq8ca_coopmat_zpg_t256x64k64g48s32afmb1_texture3d_texture2d_half,2048,14336,4096,21.0915,11.404
780m,8b,8da4w,cand,sarc_dev_780m_x_linear_dq8ca_coopmat_zpg_t256x64k64g48s32afmb1_texture3d_texture2d_half,2048,14336,4096,21.0731,11.414
780m,8b,8da4w,cand,sarc_dev_linear_dq8ca_coopmat_zpg_bt_t128x64k32g22s32_texture3d_texture2d_half,2048,4096,14336,21.7558,11.055
780m,8b,8da4w,cand,sarc_dev_780m_x_linear_dq8ca_coopmat_zpg_t256x64k64g48s32afmb1_texture3d_texture2d_half,2048,4096,4096,5.9696,11.512
780m,8b,8da4w,cand,sarc_dev_linear_dq8ca_coopmat_zpg_bt_t128x64k32g22s32_texture3d_texture2d_half,2048,1024,4096,1.6823,10.212
780m,8b,8da4w,cand,sarc_dev_linear_dq8ca_coopmat_zpg_bt_t128x64k32g22s32_texture3d_texture2d_half,2048,1024,4096,1.5588,11.021
780m,8b,8da4w,cand,sarc_dev_780m_x_linear_dq8ca_coopmat_zpg_t256x64k64g48s32afmb1_texture3d_texture2d_half,2048,4096,4096,5.978,11.495
780m,8b,8da4w,cand,sarc_dev_780m_x_linear_dq8ca_coopmat_zpg_t256x64k64g48s32afmb1_texture3d_texture2d_half,2048,14336,4096,21.2732,11.306
780m,8b,8da4w,cand,sarc_dev_780m_x_linear_dq8ca_coopmat_zpg_t256x64k64g48s32afmb1_texture3d_texture2d_half,2048,14336,4096,21.0058,11.45
780m,8b,8da4w,cand,sarc_dev_linear_dq8ca_coopmat_zpg_bt_t128x64k32g22s32_texture3d_texture2d_half,2048,4096,14336,21.6718,11.098
780m,8b,8da4w,cand,sarc_dev_780m_x_linear_dq8ca_coopmat_zpg_t256x64k64g48s32afmb1_texture3d_texture2d_half,2048,4096,4096,5.8979,11.651
780m,8b,8da4w,cand,sarc_dev_linear_dq8ca_coopmat_zpg_bt_t128x64k32g22s32_texture3d_texture2d_half,2048,1024,4096,1.6988,10.113
780m,8b,8da4w,cand,sarc_dev_linear_dq8ca_coopmat_zpg_bt_t128x64k32g22s32_texture3d_texture2d_half,2048,1024,4096,1.553,11.062
780m,8b,8da4w,cand,sarc_dev_780m_x_linear_dq8ca_coopmat_zpg_t256x64k64g48s32afmb1_texture3d_texture2d_half,2048,4096,4096,5.9831,11.486
780m,8b,8da4w,cand,sarc_dev_780m_x_linear_dq8ca_coopmat_zpg_t256x64k64g48s32afmb1_texture3d_texture2d_half,2048,14336,4096,21.2212,11.334
780m,8b,8da4w,cand,sarc_dev_780m_x_linear_dq8ca_coopmat_zpg_t256x64k64g48s32afmb1_texture3d_texture2d_half,2048,14336,4096,20.8801,11.519
780m,8b,8da4w,cand,sarc_dev_linear_dq8ca_coopmat_zpg_bt_t128x64k32g22s32_texture3d_texture2d_half,2048,4096,14336,21.644,11.112
780m,8b,8da4w,cand,sarc_dev_780m_x_linear_dq8ca_coopmat_zpg_t256x64k64g48s32afmb1_texture3d_texture2d_half,2048,4096,4096,5.9667,11.517
780m,8b,8da4w,cand,sarc_dev_linear_dq8ca_coopmat_zpg_bt_t128x64k32g22s32_texture3d_texture2d_half,2048,1024,4096,1.6966,10.126
780m,8b,8da4w,cand,sarc_dev_linear_dq8ca_coopmat_zpg_bt_t128x64k32g22s32_texture3d_texture2d_half,2048,1024,4096,1.568,10.957
780m,8b,8da4w,cand,sarc_dev_780m_x_linear_dq8ca_coopmat_zpg_t256x64k64g48s32afmb1_texture3d_texture2d_half,2048,4096,4096,6.0234,11.409
780m,8b,8da4w,cand,sarc_dev_780m_x_linear_dq8ca_coopmat_zpg_t256x64k64g48s32afmb1_texture3d_texture2d_half,2048,14336,4096,21.1987,11.346
780m,8b,8da4w,cand,sarc_dev_780m_x_linear_dq8ca_coopmat_zpg_t256x64k64g48s32afmb1_texture3d_texture2d_half,2048,14336,4096,20.9883,11.46
780m,8b,8da4w,cand,sarc_dev_linear_dq8ca_coopmat_zpg_bt_t128x64k32g22s32_texture3d_texture2d_half,2048,4096,14336,21.6701,11.099
780m,8b,8da4w,cand,sarc_dev_780m_x_linear_dq8ca_coopmat_zpg_t256x64k64g48s32afmb1_texture3d_texture2d_half,2048,4096,4096,5.9694,11.512
780m,8b,8da4w,cand,sarc_dev_linear_dq8ca_coopmat_zpg_bt_t128x64k32g22s32_texture3d_texture2d_half,2048,1024,4096,1.7124,10.032
780m,8b,8da4w,cand,sarc_dev_linear_dq8ca_coopmat_zpg_bt_t128x64k32g22s32_texture3d_texture2d_half,2048,1024,4096,1.5618,11.0
780m,8b,8da4w,cand,sarc_dev_780m_x_linear_dq8ca_coopmat_zpg_t256x64k64g48s32afmb1_texture3d_texture2d_half,2048,4096,4096,5.9912,11.47
780m,8b,8da4w,cand,sarc_dev_780m_x_linear_dq8ca_coopmat_zpg_t256x64k64g48s32afmb1_texture3d_texture2d_half,2048,14336,4096,21.2014,11.344
780m,8b,8da4w,cand,sarc_dev_780m_x_linear_dq8ca_coopmat_zpg_t256x64k64g48s32afmb1_texture3d_texture2d_half,2048,14336,4096,20.6894,11.625
780m,8b,8da4w,cand,sarc_dev_linear_dq8ca_coopmat_zpg_bt_t128x64k32g22s32_texture3d_texture2d_half,2048,4096,14336,21.6555,11.107
780m,8b,8da4w,cand,sarc_dev_780m_x_linear_dq8ca_coopmat_zpg_t256x64k64g48s32afmb1_texture3d_texture2d_half,2048,4096,4096,5.945,11.559
780m,8b,8da4w,cand,sarc_dev_linear_dq8ca_coopmat_zpg_bt_t128x64k32g22s32_texture3d_texture2d_half,2048,1024,4096,1.6765,10.247
780m,8b,8da4w,cand,sarc_dev_linear_dq8ca_coopmat_zpg_bt_t128x64k32g22s32_texture3d_texture2d_half,2048,1024,4096,1.5599,11.013
780m,8b,8da4w,cand,sarc_dev_780m_x_linear_dq8ca_coopmat_zpg_t256x64k64g48s32afmb1_texture3d_texture2d_half,2048,4096,4096,5.9693,11.512
780m,8b,8da4w,cand,sarc_dev_780m_x_linear_dq8ca_coopmat_zpg_t256x64k64g48s32afmb1_texture3d_texture2d_half,2048,14336,4096,21.1622,11.365
780m,8b,8da4w,cand,sarc_dev_780m_x_linear_dq8ca_coopmat_zpg_t256x64k64g48s32afmb1_texture3d_texture2d_half,2048,14336,4096,21.3472,11.267
780m,8b,8da4w,cand,sarc_dev_linear_dq8ca_coopmat_zpg_bt_t128x64k32g22s32_texture3d_texture2d_half,2048,4096,14336,21.7279,11.07
780m,8b,8da4w,cand,sarc_dev_780m_x_linear_dq8ca_coopmat_zpg_t256x64k64g48s32afmb1_texture3d_texture2d_half,2048,4096,4096,5.975,11.501
780m,8b,8da4w,cand,sarc_dev_linear_dq8ca_coopmat_zpg_bt_t128x64k32g22s32_texture3d_texture2d_half,2048,1024,4096,1.7157,10.013
780m,8b,8da4w,cand,sarc_dev_linear_dq8ca_coopmat_zpg_bt_t128x64k32g22s32_texture3d_texture2d_half,2048,1024,4096,1.5711,10.935
780m,8b,8da4w,cand,sarc_dev_780m_x_linear_dq8ca_coopmat_zpg_t256x64k64g48s32afmb1_texture3d_texture2d_half,2048,4096,4096,6.1548,11.165
780m,8b,8da4w,cand,sarc_dev_780m_x_linear_dq8ca_coopmat_zpg_t256x64k64g48s32afmb1_texture3d_texture2d_half,2048,14336,4096,21.7052,11.081
780m,8b,8da4w,cand,sarc_dev_780m_x_linear_dq8ca_coopmat_zpg_t256x64k64g48s32afmb1_texture3d_texture2d_half,2048,14336,4096,21.4912,11.191
780m,8b,8da4w,cand,sarc_dev_linear_dq8ca_coopmat_zpg_bt_t128x64k32g22s32_texture3d_texture2d_half,2048,4096,14336,21.6742,11.097
780m,8b,8da4w,cand,sarc_dev_780m_x_linear_dq8ca_coopmat_zpg_t256x64k64g48s32afmb1_texture3d_texture2d_half,2048,4096,4096,6.098,11.269
780m,8b,8da4w,cand,sarc_dev_linear_dq8ca_coopmat_zpg_bt_t128x64k32g22s32_texture3d_texture2d_half,2048,1024,4096,1.6932,10.146
780m,8b,8da4w,cand,sarc_dev_linear_dq8ca_coopmat_zpg_bt_t128x64k32g22s32_texture3d_texture2d_half,2048,1024,4096,1.572,10.929
780m,8b,8da4w,cand,sarc_dev_780m_x_linear_dq8ca_coopmat_zpg_t256x64k64g48s32afmb1_texture3d_texture2d_half,2048,4096,4096,6.1037,11.259
780m,8b,8da4w,cand,sarc_dev_780m_x_linear_dq8ca_coopmat_zpg_t256x64k64g48s32afmb1_texture3d_texture2d_half,2048,14336,4096,21.9146,10.975
780m,8b,8da4w,cand,sarc_dev_780m_x_linear_dq8ca_coopmat_zpg_t256x64k64g48s32afmb1_texture3d_texture2d_half,2048,14336,4096,21.091,11.404
780m,8b,8da4w,cand,sarc_dev_linear_dq8ca_coopmat_zpg_bt_t128x64k32g22s32_texture3d_texture2d_half,2048,4096,14336,21.9136,10.976
780m,8b,8da4w,cand,sarc_dev_780m_x_linear_dq8ca_coopmat_zpg_t256x64k64g48s32afmb1_texture3d_texture2d_half,2048,4096,4096,6.0783,11.306
780m,8b,8da4w,cand,sarc_dev_linear_dq8ca_coopmat_zpg_bt_t128x64k32g22s32_texture3d_texture2d_half,2048,1024,4096,1.663,10.33
780m,8b,8da4w,cand,sarc_dev_linear_dq8ca_coopmat_zpg_bt_t128x64k32g22s32_texture3d_texture2d_half,2048,1024,4096,1.5605,11.009
780m,8b,8da4w,cand,sarc_dev_780m_x_linear_dq8ca_coopmat_zpg_t256x64k64g48s32afmb1_texture3d_texture2d_half,2048,4096,4096,6.1328,11.205
780m,8b,8da4w,cand,sarc_dev_780m_x_linear_dq8ca_coopmat_zpg_t256x64k64g48s32afmb1_texture3d_texture2d_half,2048,14336,4096,21.6018,11.134
780m,8b,8da4w,cand,sarc_dev_780m_x_linear_dq8ca_coopmat_zpg_t256x64k64g48s32afmb1_texture3d_texture2d_half,2048,14336,4096,21.4783,11.198
780m,8b,8da4w,cand,sarc_dev_linear_dq8ca_coopmat_zpg_bt_t128x64k32g22s32_texture3d_texture2d_half,2048,4096,14336,21.7135,11.077
780m,8b,8da4w,cand,sarc_dev_780m_x_linear_dq8ca_coopmat_zpg_t256x64k64g48s32afmb1_texture3d_texture2d_half,2048,4096,4096,6.0756,11.311
780m,8b,8da4w,cand,sarc_dev_linear_dq8ca_coopmat_zpg_bt_t128x64k32g22s32_texture3d_texture2d_half,2048,1024,4096,1.7108,10.042
780m,8b,8da4w,cand,sarc_dev_linear_dq8ca_coopmat_zpg_bt_t128x64k32g22s32_texture3d_texture2d_half,2048,1024,4096,1.5845,10.842
780m,8b,8da4w,cand,sarc_dev_780m_x_linear_dq8ca_coopmat_zpg_t256x64k64g48s32afmb1_texture3d_texture2d_half,2048,4096,4096,6.058,11.344
780m,8b,8da4w,cand,sarc_dev_780m_x_linear_dq8ca_coopmat_zpg_t256x64k64g48s32afmb1_texture3d_texture2d_half,2048,14336,4096,21.6504,11.109
780m,8b,8da4w,cand,sarc_dev_780m_x_linear_dq8ca_coopmat_zpg_t256x64k64g48s32afmb1_texture3d_texture2d_half,2048,14336,4096,21.4078,11.235
780m,8b,8da4w,cand,sarc_dev_linear_dq8ca_coopmat_zpg_bt_t128x64k32g22s32_texture3d_texture2d_half,2048,4096,14336,21.7128,11.077
780m,8b,8da4w,cand,sarc_dev_780m_x_linear_dq8ca_coopmat_zpg_t256x64k64g48s32afmb1_texture3d_texture2d_half,2048,4096,4096,6.1126,11.242
780m,8b,8da4w,cand,sarc_dev_linear_dq8ca_coopmat_zpg_bt_t128x64k32g22s32_texture3d_texture2d_half,2048,1024,4096,1.6992,10.111
780m,8b,8da4w,cand,sarc_dev_linear_dq8ca_coopmat_zpg_bt_t128x64k32g22s32_texture3d_texture2d_half,2048,1024,4096,1.592,10.791
780m,8b,8da4w,cand,sarc_dev_780m_x_linear_dq8ca_coopmat_zpg_t256x64k64g48s32afmb1_texture3d_texture2d_half,2048,4096,4096,6.2028,11.079
780m,8b,8da4w,cand,sarc_dev_780m_x_linear_dq8ca_coopmat_zpg_t256x64k64g48s32afmb1_texture3d_texture2d_half,2048,14336,4096,21.0701,11.415
780m,8b,8da4w,cand,sarc_dev_780m_x_linear_dq8ca_coopmat_zpg_t256x64k64g48s32afmb1_texture3d_texture2d_half,2048,14336,4096,21.5177,11.178
780m,8b,8da4w,cand,sarc_dev_linear_dq8ca_coopmat_zpg_bt_t128x64k32g22s32_texture3d_texture2d_half,2048,4096,14336,21.6356,11.117
780m,8b,8da4w,cand,sarc_dev_780m_x_linear_dq8ca_coopmat_zpg_t256x64k64g48s32afmb1_texture3d_texture2d_half,2048,4096,4096,6.105,11.256
780m,8b,8da4w,cand,sarc_dev_linear_dq8ca_coopmat_zpg_bt_t128x64k32g22s32_texture3d_texture2d_half,2048,1024,4096,1.7364,9.894
780m,8b,8da4w,cand,sarc_dev_linear_dq8ca_coopmat_zpg_bt_t128x64k32g22s32_texture3d_texture2d_half,2048,1024,4096,1.6045,10.707
780m,8b,8da4w,cand,sarc_dev_780m_x_linear_dq8ca_coopmat_zpg_t256x64k64g48s32afmb1_texture3d_texture2d_half,2048,4096,4096,6.1053,11.256
780m,8b,8da4w,cand,sarc_dev_780m_x_linear_dq8ca_coopmat_zpg_t256x64k64g48s32afmb1_texture3d_texture2d_half,2048,14336,4096,21.522,11.175
780m,8b,8da4w,cand,sarc_dev_780m_x_linear_dq8ca_coopmat_zpg_t256x64k64g48s32afmb1_texture3d_texture2d_half,2048,14336,4096,21.7244,11.071
780m,8b,8da4w,cand,sarc_dev_linear_dq8ca_coopmat_zpg_bt_t128x64k32g22s32_texture3d_texture2d_half,2048,4096,14336,21.9207,10.972
780m,8b,8da4w,cand,sarc_dev_780m_x_linear_dq8ca_coopmat_zpg_t256x64k64g48s32afmb1_texture3d_texture2d_half,2048,4096,4096,6.0849,11.293
780m,8b,8da4w,cand,sarc_dev_linear_dq8ca_coopmat_zpg_bt_t128x64k32g22s32_texture3d_texture2d_half,2048,1024,4096,1.6937,10.143
780m,8b,8da4w,cand,sarc_dev_linear_dq8ca_coopmat_zpg_bt_t128x64k32g22s32_texture3d_texture2d_half,2048,1024,4096,1.5732,10.92
780m,8b,8da4w,cand,sarc_dev_780m_x_linear_dq8ca_coopmat_zpg_t256x64k64g48s32afmb1_texture3d_texture2d_half,2048,4096,4096,6.1825,11.115
780m,8b,8da4w,cand,sarc_dev_780m_x_linear_dq8ca_coopmat_zpg_t256x64k64g48s32afmb1_texture3d_texture2d_half,2048,14336,4096,21.5396,11.166
780m,8b,8da4w,cand,sarc_dev_780m_x_linear_dq8ca_coopmat_zpg_t256x64k64g48s32afmb1_texture3d_texture2d_half,2048,14336,4096,21.3761,11.252
780m,8b,8da4w,cand,sarc_dev_linear_dq8ca_coopmat_zpg_bt_t128x64k32g22s32_texture3d_texture2d_half,2048,4096,14336,21.8774,10.994
780m,8b,8da4w,cand,sarc_dev_780m_x_linear_dq8ca_coopmat_zpg_t256x64k64g48s32afmb1_texture3d_texture2d_half,2048,4096,4096,6.0721,11.317
780m,8b,8da4w,cand,sarc_dev_linear_dq8ca_coopmat_zpg_bt_t128x64k32g22s32_texture3d_texture2d_half,2048,1024,4096,1.6871,10.183
780m,8b,8da4w,cand,sarc_dev_linear_dq8ca_coopmat_zpg_bt_t128x64k32g22s32_texture3d_texture2d_half,2048,1024,4096,1.5696,10.945
780m,8b,8da4w,cand,sarc_dev_780m_x_linear_dq8ca_coopmat_zpg_t256x64k64g48s32afmb1_texture3d_texture2d_half,2048,4096,4096,6.1384,11.195
780m,8b,8da4w,cand,sarc_dev_780m_x_linear_dq8ca_coopmat_zpg_t256x64k64g48s32afmb1_texture3d_texture2d_half,2048,14336,4096,21.4914,11.191
780m,8b,8da4w,cand,sarc_dev_780m_x_linear_dq8ca_coopmat_zpg_t256x64k64g48s32afmb1_texture3d_texture2d_half,2048,14336,4096,21.7525,11.057
780m,8b,8da4w,cand,sarc_dev_linear_dq8ca_coopmat_zpg_bt_t128x64k32g22s32_texture3d_texture2d_half,2048,4096,14336,22.0574,10.904
780m,8b,8da4w,cand,sarc_dev_780m_x_linear_dq8ca_coopmat_zpg_t256x64k64g48s32afmb1_texture3d_texture2d_half,2048,4096,4096,6.0292,11.398
780m,8b,8da4w,cand,sarc_dev_linear_dq8ca_coopmat_zpg_bt_t128x64k32g22s32_texture3d_texture2d_half,2048,1024,4096,1.6808,10.221
780m,8b,8da4w,cand,sarc_dev_linear_dq8ca_coopmat_zpg_bt_t128x64k32g22s32_texture3d_texture2d_half,2048,1024,4096,1.6114,10.661
780m,8b,8da4w,cand,sarc_dev_780m_x_linear_dq8ca_coopmat_zpg_t256x64k64g48s32afmb1_texture3d_texture2d_half,2048,4096,4096,6.1503,11.173
780m,8b,8da4w,cand,sarc_dev_780m_x_linear_dq8ca_coopmat_zpg_t256x64k64g48s32afmb1_texture3d_texture2d_half,2048,14336,4096,21.7337,11.067
780m,8b,8da4w,cand,sarc_dev_780m_x_linear_dq8ca_coopmat_zpg_t256x64k64g48s32afmb1_texture3d_texture2d_half,2048,14336,4096,21.4343,11.221
780m,8b,8da4w,cand,sarc_dev_linear_dq8ca_coopmat_zpg_bt_t128x64k32g22s32_texture3d_texture2d_half,2048,4096,14336,21.4426,11.217
780m,8b,8da4w,cand,sarc_dev_780m_x_linear_dq8ca_coopmat_zpg_t256x64k64g48s32afmb1_texture3d_texture2d_half,2048,4096,4096,6.2174,11.053
780m,8b,8da4w,cand,sarc_dev_linear_dq8ca_coopmat_zpg_bt_t128x64k32g22s32_texture3d_texture2d_half,2048,1024,4096,1.7055,10.073
780m,8b,8da4w,cand,sarc_dev_linear_dq8ca_coopmat_zpg_bt_t128x64k32g22s32_texture3d_texture2d_half,2048,1024,4096,1.6039,10.711
780m,8b,8da4w,cand,sarc_dev_780m_x_linear_dq8ca_coopmat_zpg_t256x64k64g48s32afmb1_texture3d_texture2d_half,2048,4096,4096,6.2174,11.053
780m,8b,8da4w,cand,sarc_dev_780m_x_linear_dq8ca_coopmat_zpg_t256x64k64g48s32afmb1_texture3d_texture2d_half,2048,14336,4096,21.9769,10.944
780m,8b,8da4w,cand,sarc_dev_780m_x_linear_dq8ca_coopmat_zpg_t256x64k64g48s32afmb1_texture3d_texture2d_half,2048,14336,4096,20.8323,11.545
780m,8b,8da4w,cand,sarc_dev_linear_dq8ca_coopmat_zpg_bt_t128x64k32g22s32_texture3d_texture2d_half,2048,4096,14336,21.8359,11.015
780m,8b,8da4w,cand,sarc_dev_780m_x_linear_dq8ca_coopmat_zpg_t256x64k64g48s32afmb1_texture3d_texture2d_half,2048,4096,4096,6.213,11.061
780m,8b,8da4w,cand,sarc_dev_linear_dq8ca_coopmat_zpg_bt_t128x64k32g22s32_texture3d_texture2d_half,2048,1024,4096,1.6952,10.134
780m,8b,8da4w,cand,sarc_dev_linear_dq8ca_coopmat_zpg_bt_t128x64k32g22s32_texture3d_texture2d_half,2048,1024,4096,1.5642,10.983
780m,8b,8da4w,cand,sarc_dev_780m_x_linear_dq8ca_coopmat_zpg_t256x64k64g48s32afmb1_texture3d_texture2d_half,2048,4096,4096,6.0915,11.281
780m,8b,8da4w,cand,sarc_dev_780m_x_linear_dq8ca_coopmat_zpg_t256x64k64g48s32afmb1_texture3d_texture2d_half,2048,14336,4096,21.451,11.212
780m,8b,8da4w,cand,sarc_dev_780m_x_linear_dq8ca_coopmat_zpg_t256x64k64g48s32afmb1_texture3d_texture2d_half,2048,14336,4096,21.4472,11.214
780m,8b,8da4w,cand,sarc_dev_linear_dq8ca_coopmat_zpg_bt_t128x64k32g22s32_texture3d_texture2d_half,2048,4096,14336,21.4956,11.189
780m,8b,8da4w,cand,sarc_dev_780m_x_linear_dq8ca_coopmat_zpg_t256x64k64g48s32afmb1_texture3d_texture2d_half,2048,4096,4096,6.0752,11.311
780m,8b,8da4w,cand,sarc_dev_linear_dq8ca_coopmat_zpg_bt_t128x64k32g22s32_texture3d_texture2d_half,2048,1024,4096,1.7056,10.073
780m,8b,8da4w,cand,sarc_dev_linear_dq8ca_coopmat_zpg_bt_t128x64k32g22s32_texture3d_texture2d_half,2048,1024,4096,1.5793,10.878
780m,8b,8da4w,cand,sarc_dev_780m_x_linear_dq8ca_coopmat_zpg_t256x64k64g48s32afmb1_texture3d_texture2d_half,2048,4096,4096,6.084,11.295
780m,8b,8da4w,cand,sarc_dev_780m_x_linear_dq8ca_coopmat_zpg_t256x64k64g48s32afmb1_texture3d_texture2d_half,2048,14336,4096,21.8476,11.009
780m,8b,8da4w,cand,sarc_dev_780m_x_linear_dq8ca_coopmat_zpg_t256x64k64g48s32afmb1_texture3d_texture2d_half,2048,14336,4096,21.3402,11.271
780m,8b,8da4w,cand,sarc_dev_linear_dq8ca_coopmat_zpg_bt_t128x64k32g22s32_texture3d_texture2d_half,2048,4096,14336,21.8414,11.012
780m,8b,8da4w,cand,sarc_dev_780m_x_linear_dq8ca_coopmat_zpg_t256x64k64g48s32afmb1_texture3d_texture2d_half,2048,4096,4096,6.1327,11.205
780m,8b,8da4w,cand,sarc_dev_linear_dq8ca_coopmat_zpg_bt_t128x64k32g22s32_texture3d_texture2d_half,2048,1024,4096,1.696,10.13
780m,8b,8da4w,cand,sarc_dev_linear_dq8ca_coopmat_zpg_bt_t128x64k32g22s32_texture3d_texture2d_half,2048,1024,4096,1.5922,10.79
780m,8b,8da4w,cand,sarc_dev_780m_x_linear_dq8ca_coopmat_zpg_t256x64k64g48s32afmb1_texture3d_texture2d_half,2048,4096,4096,6.1846,11.111
780m,8b,8da4w,cand,sarc_dev_780m_x_linear_dq8ca_coopmat_zpg_t256x64k64g48s32afmb1_texture3d_texture2d_half,2048,14336,4096,21.5257,11.174
780m,8b,8da4w,cand,sarc_dev_780m_x_linear_dq8ca_coopmat_zpg_t256x64k64g48s32afmb1_texture3d_texture2d_half,2048,14336,4096,21.8705,10.997
780m,8b,8da4w,cand,sarc_dev_linear_dq8ca_coopmat_zpg_bt_t128x64k32g22s32_texture3d_texture2d_half,2048,4096,14336,21.7,11.084
780m,8b,8da4w,cand,sarc_dev_780m_x_linear_dq8ca_coopmat_zpg_t256x64k64g48s32afmb1_texture3d_texture2d_half,2048,4096,4096,6.1526,11.169
780m,8b,8da4w,cand,sarc_dev_linear_dq8ca_coopmat_zpg_bt_t128x64k32g22s32_texture3d_texture2d_half,2048,1024,4096,1.6956,10.132
780m,8b,8da4w,cand,sarc_dev_linear_dq8ca_coopmat_zpg_bt_t128x64k32g22s32_texture3d_texture2d_half,2048,1024,4096,1.5864,10.83
780m,8b,8da4w,cand,sarc_dev_780m_x_linear_dq8ca_coopmat_zpg_t256x64k64g48s32afmb1_texture3d_texture2d_half,2048,4096,4096,6.1228,11.223
780m,8b,8da4w,cand,sarc_dev_780m_x_linear_dq8ca_coopmat_zpg_t256x64k64g48s32afmb1_texture3d_texture2d_half,2048,14336,4096,21.5054,11.184
780m,8b,8da4w,cand,sarc_dev_780m_x_linear_dq8ca_coopmat_zpg_t256x64k64g48s32afmb1_texture3d_texture2d_half,2048,14336,4096,21.5198,11.177
780m,8b,8da4w,cand,sarc_dev_linear_dq8ca_coopmat_zpg_bt_t128x64k32g22s32_texture3d_texture2d_half,2048,4096,14336,21.5474,11.162
780m,8b,8da4w,cand,sarc_dev_780m_x_linear_dq8ca_coopmat_zpg_t256x64k64g48s32afmb1_texture3d_texture2d_half,2048,4096,4096,6.1367,11.198
780m,8b,8da4w,cand,sarc_dev_linear_dq8ca_coopmat_zpg_bt_t128x64k32g22s32_texture3d_texture2d_half,2048,1024,4096,1.6908,10.161
780m,8b,8da4w,cand,sarc_dev_linear_dq8ca_coopmat_zpg_bt_t128x64k32g22s32_texture3d_texture2d_half,2048,1024,4096,1.6139,10.645
780m,8b,8da4w,cand,sarc_dev_780m_x_linear_dq8ca_coopmat_zpg_t256x64k64g48s32afmb1_texture3d_texture2d_half,2048,4096,4096,6.1123,11.243
780m,8b,8da4w,cand,sarc_dev_780m_x_linear_dq8ca_coopmat_zpg_t256x64k64g48s32afmb1_texture3d_texture2d_half,2048,14336,4096,21.621,11.124
780m,8b,8da4w,cand,sarc_dev_780m_x_linear_dq8ca_coopmat_zpg_t256x64k64g48s32afmb1_texture3d_texture2d_half,2048,14336,4096,21.5457,11.163
780m,8b,8da4w,cand,sarc_dev_linear_dq8ca_coopmat_zpg_bt_t128x64k32g22s32_texture3d_texture2d_half,2048,4096,14336,21.668,11.1
780m,8b,8da4w,cand,sarc_dev_780m_x_linear_dq8ca_coopmat_zpg_t256x64k64g48s32afmb1_texture3d_texture2d_half,2048,4096,4096,6.1104,11.246
780m,8b,8da4w,cand,sarc_dev_linear_dq8ca_coopmat_zpg_bt_t128x64k32g22s32_texture3d_texture2d_half,2048,1024,4096,1.708,10.058
780m,8b,8da4w,cand,sarc_dev_linear_dq8ca_coopmat_zpg_bt_t128x64k32g22s32_texture3d_texture2d_half,2048,1024,4096,1.6612,10.342
780m,8b,8da4w,cand,sarc_dev_780m_x_linear_dq8ca_coopmat_zpg_t256x64k64g48s32afmb1_texture3d_texture2d_half,2048,4096,4096,6.1313,11.208
780m,8b,8da4w,cand,sarc_dev_780m_x_linear_dq8ca_coopmat_zpg_t256x64k64g48s32afmb1_texture3d_texture2d_half,2048,14336,4096,22.1626,10.852
780m,8b,8da4w,cand,sarc_dev_780m_x_linear_dq8ca_coopmat_zpg_t256x64k64g48s32afmb1_texture3d_texture2d_half,2048,14336,4096,21.5122,11.181
780m,8b,8da4w,cand,sarc_dev_linear_dq8ca_coopmat_zpg_bt_t128x64k32g22s32_texture3d_texture2d_half,2048,4096,14336,22.1691,10.849
780m,8b,8da4w,cand,sarc_dev_780m_x_linear_dq8ca_coopmat_zpg_t256x64k64g48s32afmb1_texture3d_texture2d_half,2048,4096,4096,6.0478,11.363
780m,8b,8da4w,cand,sarc_dev_linear_dq8ca_coopmat_zpg_bt_t128x64k32g22s32_texture3d_texture2d_half,2048,1024,4096,1.6893,10.17
780m,8b,8da4w,cand,sarc_dev_linear_dq8ca_coopmat_zpg_bt_t128x64k32g22s32_texture3d_texture2d_half,2048,1024,4096,1.5696,10.945
780m,8b,8da4w,cand,sarc_dev_780m_x_linear_dq8ca_coopmat_zpg_t256x64k64g48s32afmb1_texture3d_texture2d_half,2048,4096,4096,6.1254,11.219
780m,8b,8da4w,cand,sarc_dev_780m_x_linear_dq8ca_coopmat_zpg_t256x64k64g48s32afmb1_texture3d_texture2d_half,2048,14336,4096,22.061,10.902
780m,8b,8da4w,cand,sarc_dev_780m_x_linear_dq8ca_coopmat_zpg_t256x64k64g48s32afmb1_texture3d_texture2d_half,2048,14336,4096,21.4907,11.192
780m,8b,8da4w,cand,sarc_dev_linear_dq8ca_coopmat_zpg_bt_t128x64k32g22s32_texture3d_texture2d_half,2048,4096,14336,21.9935,10.936
780m,8b,8da4w,parent,sarc_linear_dq8ca_coopmat_zpg_t128x64k32g42s32_texture3d_texture2d_half,2048,4096,4096,7.3283,9.377
780m,8b,8da4w,parent,sarc_linear_dq8ca_coopmat_zpg_t128x64k32g42s32_texture3d_texture2d_half,2048,1024,4096,1.8824,9.126
780m,8b,8da4w,parent,sarc_linear_dq8ca_coopmat_zpg_t128x64k32g42s32_texture3d_texture2d_half,2048,1024,4096,1.9402,8.855
780m,8b,8da4w,parent,sarc_linear_dq8ca_coopmat_zpg_t128x64k32g42s32_texture3d_texture2d_half,2048,4096,4096,7.1773,9.575
780m,8b,8da4w,parent,sarc_linear_dq8ca_coopmat_zpg_t128x64k32g42s32_texture3d_texture2d_half,2048,14336,4096,24.9674,9.633
780m,8b,8da4w,parent,sarc_linear_dq8ca_coopmat_zpg_t128x64k32g42s32_texture3d_texture2d_half,2048,14336,4096,25.1196,9.575
780m,8b,8da4w,parent,sarc_linear_dq8ca_coopmat_zpg_t128x64k32g42s32_texture3d_texture2d_half,2048,4096,14336,24.8168,9.692
780m,8b,8da4w,parent,sarc_linear_dq8ca_coopmat_zpg_t128x64k32g42s32_texture3d_texture2d_half,2048,4096,4096,7.2,9.544
780m,8b,8da4w,parent,sarc_linear_dq8ca_coopmat_zpg_t128x64k32g42s32_texture3d_texture2d_half,2048,1024,4096,1.9038,9.024
780m,8b,8da4w,parent,sarc_linear_dq8ca_coopmat_zpg_t128x64k32g42s32_texture3d_texture2d_half,2048,1024,4096,1.9418,8.848
780m,8b,8da4w,parent,sarc_linear_dq8ca_coopmat_zpg_t128x64k32g42s32_texture3d_texture2d_half,2048,4096,4096,7.1545,9.605
780m,8b,8da4w,parent,sarc_linear_dq8ca_coopmat_zpg_t128x64k32g42s32_texture3d_texture2d_half,2048,14336,4096,25.1509,9.563
780m,8b,8da4w,parent,sarc_linear_dq8ca_coopmat_zpg_t128x64k32g42s32_texture3d_texture2d_half,2048,14336,4096,25.1148,9.577
780m,8b,8da4w,parent,sarc_linear_dq8ca_coopmat_zpg_t128x64k32g42s32_texture3d_texture2d_half,2048,4096,14336,24.7879,9.703
780m,8b,8da4w,parent,sarc_linear_dq8ca_coopmat_zpg_t128x64k32g42s32_texture3d_texture2d_half,2048,4096,4096,7.247,9.483
780m,8b,8da4w,parent,sarc_linear_dq8ca_coopmat_zpg_t128x64k32g42s32_texture3d_texture2d_half,2048,1024,4096,1.905,9.018
780m,8b,8da4w,parent,sarc_linear_dq8ca_coopmat_zpg_t128x64k32g42s32_texture3d_texture2d_half,2048,1024,4096,1.8903,9.088
780m,8b,8da4w,parent,sarc_linear_dq8ca_coopmat_zpg_t128x64k32g42s32_texture3d_texture2d_half,2048,4096,4096,7.1628,9.594
780m,8b,8da4w,parent,sarc_linear_dq8ca_coopmat_zpg_t128x64k32g42s32_texture3d_texture2d_half,2048,14336,4096,24.8742,9.669
780m,8b,8da4w,parent,sarc_linear_dq8ca_coopmat_zpg_t128x64k32g42s32_texture3d_texture2d_half,2048,14336,4096,24.9484,9.641
780m,8b,8da4w,parent,sarc_linear_dq8ca_coopmat_zpg_t128x64k32g42s32_texture3d_texture2d_half,2048,4096,14336,24.761,9.714
780m,8b,8da4w,parent,sarc_linear_dq8ca_coopmat_zpg_t128x64k32g42s32_texture3d_texture2d_half,2048,4096,4096,7.2576,9.469
780m,8b,8da4w,parent,sarc_linear_dq8ca_coopmat_zpg_t128x64k32g42s32_texture3d_texture2d_half,2048,1024,4096,1.8842,9.118
780m,8b,8da4w,parent,sarc_linear_dq8ca_coopmat_zpg_t128x64k32g42s32_texture3d_texture2d_half,2048,1024,4096,1.9203,8.946
780m,8b,8da4w,parent,sarc_linear_dq8ca_coopmat_zpg_t128x64k32g42s32_texture3d_texture2d_half,2048,4096,4096,7.1779,9.574
780m,8b,8da4w,parent,sarc_linear_dq8ca_coopmat_zpg_t128x64k32g42s32_texture3d_texture2d_half,2048,14336,4096,25.0516,9.601
780m,8b,8da4w,parent,sarc_linear_dq8ca_coopmat_zpg_t128x64k32g42s32_texture3d_texture2d_half,2048,14336,4096,24.983,9.627
780m,8b,8da4w,parent,sarc_linear_dq8ca_coopmat_zpg_t128x64k32g42s32_texture3d_texture2d_half,2048,4096,14336,24.8765,9.668
780m,8b,8da4w,parent,sarc_linear_dq8ca_coopmat_zpg_t128x64k32g42s32_texture3d_texture2d_half,2048,4096,4096,7.3251,9.381
780m,8b,8da4w,parent,sarc_linear_dq8ca_coopmat_zpg_t128x64k32g42s32_texture3d_texture2d_half,2048,1024,4096,1.9061,9.013
780m,8b,8da4w,parent,sarc_linear_dq8ca_coopmat_zpg_t128x64k32g42s32_texture3d_texture2d_half,2048,1024,4096,1.9122,8.984
780m,8b,8da4w,parent,sarc_linear_dq8ca_coopmat_zpg_t128x64k32g42s32_texture3d_texture2d_half,2048,4096,4096,7.1274,9.642
780m,8b,8da4w,parent,sarc_linear_dq8ca_coopmat_zpg_t128x64k32g42s32_texture3d_texture2d_half,2048,14336,4096,24.968,9.633
780m,8b,8da4w,parent,sarc_linear_dq8ca_coopmat_zpg_t128x64k32g42s32_texture3d_texture2d_half,2048,14336,4096,24.9856,9.626
780m,8b,8da4w,parent,sarc_linear_dq8ca_coopmat_zpg_t128x64k32g42s32_texture3d_texture2d_half,2048,4096,14336,24.9248,9.65
780m,8b,8da4w,parent,sarc_linear_dq8ca_coopmat_zpg_t128x64k32g42s32_texture3d_texture2d_half,2048,4096,4096,7.3108,9.4
780m,8b,8da4w,parent,sarc_linear_dq8ca_coopmat_zpg_t128x64k32g42s32_texture3d_texture2d_half,2048,1024,4096,1.8768,9.154
780m,8b,8da4w,parent,sarc_linear_dq8ca_coopmat_zpg_t128x64k32g42s32_texture3d_texture2d_half,2048,1024,4096,1.908,9.004
780m,8b,8da4w,parent,sarc_linear_dq8ca_coopmat_zpg_t128x64k32g42s32_texture3d_texture2d_half,2048,4096,4096,7.201,9.543
780m,8b,8da4w,parent,sarc_linear_dq8ca_coopmat_zpg_t128x64k32g42s32_texture3d_texture2d_half,2048,14336,4096,25.0437,9.604
780m,8b,8da4w,parent,sarc_linear_dq8ca_coopmat_zpg_t128x64k32g42s32_texture3d_texture2d_half,2048,14336,4096,24.968,9.633
780m,8b,8da4w,parent,sarc_linear_dq8ca_coopmat_zpg_t128x64k32g42s32_texture3d_texture2d_half,2048,4096,14336,24.8958,9.661
780m,8b,8da4w,parent,sarc_linear_dq8ca_coopmat_zpg_t128x64k32g42s32_texture3d_texture2d_half,2048,4096,4096,7.3326,9.372
780m,8b,8da4w,parent,sarc_linear_dq8ca_coopmat_zpg_t128x64k32g42s32_texture3d_texture2d_half,2048,1024,4096,1.889,9.095
780m,8b,8da4w,parent,sarc_linear_dq8ca_coopmat_zpg_t128x64k32g42s32_texture3d_texture2d_half,2048,1024,4096,1.9068,9.01
780m,8b,8da4w,parent,sarc_linear_dq8ca_coopmat_zpg_t128x64k32g42s32_texture3d_texture2d_half,2048,4096,4096,7.1508,9.61
780m,8b,8da4w,parent,sarc_linear_dq8ca_coopmat_zpg_t128x64k32g42s32_texture3d_texture2d_half,2048,14336,4096,25.0698,9.594
780m,8b,8da4w,parent,sarc_linear_dq8ca_coopmat_zpg_t128x64k32g42s32_texture3d_texture2d_half,2048,14336,4096,25.0059,9.618
780m,8b,8da4w,parent,sarc_linear_dq8ca_coopmat_zpg_t128x64k32g42s32_texture3d_texture2d_half,2048,4096,14336,24.9566,9.637
780m,8b,8da4w,parent,sarc_linear_dq8ca_coopmat_zpg_t128x64k32g42s32_texture3d_texture2d_half,2048,4096,4096,7.2994,9.414
780m,8b,8da4w,parent,sarc_linear_dq8ca_coopmat_zpg_t128x64k32g42s32_texture3d_texture2d_half,2048,1024,4096,1.8814,9.132
780m,8b,8da4w,parent,sarc_linear_dq8ca_coopmat_zpg_t128x64k32g42s32_texture3d_texture2d_half,2048,1024,4096,1.9311,8.897
780m,8b,8da4w,parent,sarc_linear_dq8ca_coopmat_zpg_t128x64k32g42s32_texture3d_texture2d_half,2048,4096,4096,7.2111,9.53
780m,8b,8da4w,parent,sarc_linear_dq8ca_coopmat_zpg_t128x64k32g42s32_texture3d_texture2d_half,2048,14336,4096,25.206,9.542
780m,8b,8da4w,parent,sarc_linear_dq8ca_coopmat_zpg_t128x64k32g42s32_texture3d_texture2d_half,2048,14336,4096,25.119,9.575
780m,8b,8da4w,parent,sarc_linear_dq8ca_coopmat_zpg_t128x64k32g42s32_texture3d_texture2d_half,2048,4096,14336,25.0671,9.595
780m,8b,8da4w,parent,sarc_linear_dq8ca_coopmat_zpg_t128x64k32g42s32_texture3d_texture2d_half,2048,4096,4096,7.3865,9.303
780m,8b,8da4w,parent,sarc_linear_dq8ca_coopmat_zpg_t128x64k32g42s32_texture3d_texture2d_half,2048,1024,4096,1.8942,9.07
780m,8b,8da4w,parent,sarc_linear_dq8ca_coopmat_zpg_t128x64k32g42s32_texture3d_texture2d_half,2048,1024,4096,1.9423,8.845
780m,8b,8da4w,parent,sarc_linear_dq8ca_coopmat_zpg_t128x64k32g42s32_texture3d_texture2d_half,2048,4096,4096,7.1845,9.565
780m,8b,8da4w,parent,sarc_linear_dq8ca_coopmat_zpg_t128x64k32g42s32_texture3d_texture2d_half,2048,14336,4096,25.1194,9.575
780m,8b,8da4w,parent,sarc_linear_dq8ca_coopmat_zpg_t128x64k32g42s32_texture3d_texture2d_half,2048,14336,4096,25.0598,9.598
780m,8b,8da4w,parent,sarc_linear_dq8ca_coopmat_zpg_t128x64k32g42s32_texture3d_texture2d_half,2048,4096,14336,24.8664,9.672
780m,8b,8da4w,parent,sarc_linear_dq8ca_coopmat_zpg_t128x64k32g42s32_texture3d_texture2d_half,2048,4096,4096,7.368,9.327
780m,8b,8da4w,parent,sarc_linear_dq8ca_coopmat_zpg_t128x64k32g42s32_texture3d_texture2d_half,2048,1024,4096,1.8923,9.079
780m,8b,8da4w,parent,sarc_linear_dq8ca_coopmat_zpg_t128x64k32g42s32_texture3d_texture2d_half,2048,1024,4096,1.9402,8.855
780m,8b,8da4w,parent,sarc_linear_dq8ca_coopmat_zpg_t128x64k32g42s32_texture3d_texture2d_half,2048,4096,4096,7.1731,9.58
780m,8b,8da4w,parent,sarc_linear_dq8ca_coopmat_zpg_t128x64k32g42s32_texture3d_texture2d_half,2048,14336,4096,25.0597,9.598
780m,8b,8da4w,parent,sarc_linear_dq8ca_coopmat_zpg_t128x64k32g42s32_texture3d_texture2d_half,2048,14336,4096,24.9596,9.636
780m,8b,8da4w,parent,sarc_linear_dq8ca_coopmat_zpg_t128x64k32g42s32_texture3d_texture2d_half,2048,4096,14336,25.0185,9.614
780m,8b,8da4w,parent,sarc_linear_dq8ca_coopmat_zpg_t128x64k32g42s32_texture3d_texture2d_half,2048,4096,4096,7.3617,9.335
780m,8b,8da4w,parent,sarc_linear_dq8ca_coopmat_zpg_t128x64k32g42s32_texture3d_texture2d_half,2048,1024,4096,1.9267,8.917
780m,8b,8da4w,parent,sarc_linear_dq8ca_coopmat_zpg_t128x64k32g42s32_texture3d_texture2d_half,2048,1024,4096,1.9372,8.868
780m,8b,8da4w,parent,sarc_linear_dq8ca_coopmat_zpg_t128x64k32g42s32_texture3d_texture2d_half,2048,4096,4096,7.1738,9.579
780m,8b,8da4w,parent,sarc_linear_dq8ca_coopmat_zpg_t128x64k32g42s32_texture3d_texture2d_half,2048,14336,4096,25.1259,9.573
780m,8b,8da4w,parent,sarc_linear_dq8ca_coopmat_zpg_t128x64k32g42s32_texture3d_texture2d_half,2048,14336,4096,25.0788,9.59
780m,8b,8da4w,parent,sarc_linear_dq8ca_coopmat_zpg_t128x64k32g42s32_texture3d_texture2d_half,2048,4096,14336,24.8081,9.695
780m,8b,8da4w,parent,sarc_linear_dq8ca_coopmat_zpg_t128x64k32g42s32_texture3d_texture2d_half,2048,4096,4096,7.2987,9.415
780m,8b,8da4w,parent,sarc_linear_dq8ca_coopmat_zpg_t128x64k32g42s32_texture3d_texture2d_half,2048,1024,4096,1.887,9.105
780m,8b,8da4w,parent,sarc_linear_dq8ca_coopmat_zpg_t128x64k32g42s32_texture3d_texture2d_half,2048,1024,4096,1.908,9.004
780m,8b,8da4w,parent,sarc_linear_dq8ca_coopmat_zpg_t128x64k32g42s32_texture3d_texture2d_half,2048,4096,4096,7.204,9.539
780m,8b,8da4w,parent,sarc_linear_dq8ca_coopmat_zpg_t128x64k32g42s32_texture3d_texture2d_half,2048,14336,4096,25.1094,9.579
780m,8b,8da4w,parent,sarc_linear_dq8ca_coopmat_zpg_t128x64k32g42s32_texture3d_texture2d_half,2048,14336,4096,24.9681,9.633
780m,8b,8da4w,parent,sarc_linear_dq8ca_coopmat_zpg_t128x64k32g42s32_texture3d_texture2d_half,2048,4096,14336,24.8977,9.66
780m,8b,8da4w,parent,sarc_linear_dq8ca_coopmat_zpg_t128x64k32g42s32_texture3d_texture2d_half,2048,4096,4096,7.318,9.39
780m,8b,8da4w,parent,sarc_linear_dq8ca_coopmat_zpg_t128x64k32g42s32_texture3d_texture2d_half,2048,1024,4096,1.8941,9.07
780m,8b,8da4w,parent,sarc_linear_dq8ca_coopmat_zpg_t128x64k32g42s32_texture3d_texture2d_half,2048,1024,4096,1.9347,8.88
780m,8b,8da4w,parent,sarc_linear_dq8ca_coopmat_zpg_t128x64k32g42s32_texture3d_texture2d_half,2048,4096,4096,7.1375,9.628
780m,8b,8da4w,parent,sarc_linear_dq8ca_coopmat_zpg_t128x64k32g42s32_texture3d_texture2d_half,2048,14336,4096,25.0571,9.599
780m,8b,8da4w,parent,sarc_linear_dq8ca_coopmat_zpg_t128x64k32g42s32_texture3d_texture2d_half,2048,14336,4096,25.0689,9.594
780m,8b,8da4w,parent,sarc_linear_dq8ca_coopmat_zpg_t128x64k32g42s32_texture3d_texture2d_half,2048,4096,14336,24.9274,9.649
780m,8b,8da4w,parent,sarc_linear_dq8ca_coopmat_zpg_t128x64k32g42s32_texture3d_texture2d_half,2048,4096,4096,7.3215,9.386
780m,8b,8da4w,parent,sarc_linear_dq8ca_coopmat_zpg_t128x64k32g42s32_texture3d_texture2d_half,2048,1024,4096,1.8932,9.075
780m,8b,8da4w,parent,sarc_linear_dq8ca_coopmat_zpg_t128x64k32g42s32_texture3d_texture2d_half,2048,1024,4096,1.9194,8.95
780m,8b,8da4w,parent,sarc_linear_dq8ca_coopmat_zpg_t128x64k32g42s32_texture3d_texture2d_half,2048,4096,4096,7.1765,9.576
780m,8b,8da4w,parent,sarc_linear_dq8ca_coopmat_zpg_t128x64k32g42s32_texture3d_texture2d_half,2048,14336,4096,25.0846,9.588
780m,8b,8da4w,parent,sarc_linear_dq8ca_coopmat_zpg_t128x64k32g42s32_texture3d_texture2d_half,2048,14336,4096,25.0165,9.614
780m,8b,8da4w,parent,sarc_linear_dq8ca_coopmat_zpg_t128x64k32g42s32_texture3d_texture2d_half,2048,4096,14336,24.8646,9.673
780m,8b,8da4w,parent,sarc_linear_dq8ca_coopmat_zpg_t128x64k32g42s32_texture3d_texture2d_half,2048,4096,4096,7.3364,9.367
780m,8b,8da4w,parent,sarc_linear_dq8ca_coopmat_zpg_t128x64k32g42s32_texture3d_texture2d_half,2048,1024,4096,1.8793,9.142
780m,8b,8da4w,parent,sarc_linear_dq8ca_coopmat_zpg_t128x64k32g42s32_texture3d_texture2d_half,2048,1024,4096,1.9379,8.865
780m,8b,8da4w,parent,sarc_linear_dq8ca_coopmat_zpg_t128x64k32g42s32_texture3d_texture2d_half,2048,4096,4096,7.1971,9.548
780m,8b,8da4w,parent,sarc_linear_dq8ca_coopmat_zpg_t128x64k32g42s32_texture3d_texture2d_half,2048,14336,4096,24.9854,9.626
780m,8b,8da4w,parent,sarc_linear_dq8ca_coopmat_zpg_t128x64k32g42s32_texture3d_texture2d_half,2048,14336,4096,25.2173,9.538
780m,8b,8da4w,parent,sarc_linear_dq8ca_coopmat_zpg_t128x64k32g42s32_texture3d_texture2d_half,2048,4096,14336,25.2527,9.524
780m,8b,8da4w,parent,sarc_linear_dq8ca_coopmat_zpg_t128x64k32g42s32_texture3d_texture2d_half,2048,4096,4096,7.3683,9.326
780m,8b,8da4w,parent,sarc_linear_dq8ca_coopmat_zpg_t128x64k32g42s32_texture3d_texture2d_half,2048,1024,4096,1.8803,9.137
780m,8b,8da4w,parent,sarc_linear_dq8ca_coopmat_zpg_t128x64k32g42s32_texture3d_texture2d_half,2048,1024,4096,1.8893,9.093
780m,8b,8da4w,parent,sarc_linear_dq8ca_coopmat_zpg_t128x64k32g42s32_texture3d_texture2d_half,2048,4096,4096,7.1363,9.63
780m,8b,8da4w,parent,sarc_linear_dq8ca_coopmat_zpg_t128x64k32g42s32_texture3d_texture2d_half,2048,14336,4096,25.6809,9.366
780m,8b,8da4w,parent,sarc_linear_dq8ca_coopmat_zpg_t128x64k32g42s32_texture3d_texture2d_half,2048,14336,4096,25.4135,9.464
780m,8b,8da4w,parent,sarc_linear_dq8ca_coopmat_zpg_t128x64k32g42s32_texture3d_texture2d_half,2048,4096,14336,24.7171,9.731
780m,8b,8da4w,parent,sarc_linear_dq8ca_coopmat_zpg_t128x64k32g42s32_texture3d_texture2d_half,2048,4096,4096,7.3879,9.302
780m,8b,8da4w,parent,sarc_linear_dq8ca_coopmat_zpg_t128x64k32g42s32_texture3d_texture2d_half,2048,1024,4096,1.9277,8.912
780m,8b,8da4w,parent,sarc_linear_dq8ca_coopmat_zpg_t128x64k32g42s32_texture3d_texture2d_half,2048,1024,4096,1.9176,8.959
780m,8b,8da4w,parent,sarc_linear_dq8ca_coopmat_zpg_t128x64k32g42s32_texture3d_texture2d_half,2048,4096,4096,7.1611,9.596
780m,8b,8da4w,parent,sarc_linear_dq8ca_coopmat_zpg_t128x64k32g42s32_texture3d_texture2d_half,2048,14336,4096,25.9262,9.277
780m,8b,8da4w,parent,sarc_linear_dq8ca_coopmat_zpg_t128x64k32g42s32_texture3d_texture2d_half,2048,14336,4096,26.0475,9.234
780m,8b,8da4w,parent,sarc_linear_dq8ca_coopmat_zpg_t128x64k32g42s32_texture3d_texture2d_half,2048,4096,14336,25.035,9.607
780m,8b,8da4w,parent,sarc_linear_dq8ca_coopmat_zpg_t128x64k32g42s32_texture3d_texture2d_half,2048,4096,4096,7.3942,9.294
780m,8b,8da4w,parent,sarc_linear_dq8ca_coopmat_zpg_t128x64k32g42s32_texture3d_texture2d_half,2048,1024,4096,1.9022,9.032
780m,8b,8da4w,parent,sarc_linear_dq8ca_coopmat_zpg_t128x64k32g42s32_texture3d_texture2d_half,2048,1024,4096,1.9179,8.958
780m,8b,8da4w,parent,sarc_linear_dq8ca_coopmat_zpg_t128x64k32g42s32_texture3d_texture2d_half,2048,4096,4096,7.241,9.49
780m,8b,8da4w,parent,sarc_linear_dq8ca_coopmat_zpg_t128x64k32g42s32_texture3d_texture2d_half,2048,14336,4096,25.6187,9.388
780m,8b,8da4w,parent,sarc_linear_dq8ca_coopmat_zpg_t128x64k32g42s32_texture3d_texture2d_half,2048,14336,4096,25.9222,9.278
780m,8b,8da4w,parent,sarc_linear_dq8ca_coopmat_zpg_t128x64k32g42s32_texture3d_texture2d_half,2048,4096,14336,25.0281,9.61
780m,8b,8da4w,parent,sarc_linear_dq8ca_coopmat_zpg_t128x64k32g42s32_texture3d_texture2d_half,2048,4096,4096,7.377,9.315
780m,8b,8da4w,parent,sarc_linear_dq8ca_coopmat_zpg_t128x64k32g42s32_texture3d_texture2d_half,2048,1024,4096,1.916,8.966
780m,8b,8da4w,parent,sarc_linear_dq8ca_coopmat_zpg_t128x64k32g42s32_texture3d_texture2d_half,2048,1024,4096,1.9155,8.969
780m,8b,8da4w,parent,sarc_linear_dq8ca_coopmat_zpg_t128x64k32g42s32_texture3d_texture2d_half,2048,4096,4096,7.1433,9.62
780m,8b,8da4w,parent,sarc_linear_dq8ca_coopmat_zpg_t128x64k32g42s32_texture3d_texture2d_half,2048,14336,4096,25.8475,9.305
780m,8b,8da4w,parent,sarc_linear_dq8ca_coopmat_zpg_t128x64k32g42s32_texture3d_texture2d_half,2048,14336,4096,26.202,9.179
780m,8b,8da4w,parent,sarc_linear_dq8ca_coopmat_zpg_t128x64k32g42s32_texture3d_texture2d_half,2048,4096,14336,25.0664,9.595
780m,8b,8da4w,parent,sarc_linear_dq8ca_coopmat_zpg_t128x64k32g42s32_texture3d_texture2d_half,2048,4096,4096,7.3712,9.323
780m,8b,8da4w,parent,sarc_linear_dq8ca_coopmat_zpg_t128x64k32g42s32_texture3d_texture2d_half,2048,1024,4096,1.9149,8.972
780m,8b,8da4w,parent,sarc_linear_dq8ca_coopmat_zpg_t128x64k32g42s32_texture3d_texture2d_half,2048,1024,4096,1.9483,8.818
780m,8b,8da4w,parent,sarc_linear_dq8ca_coopmat_zpg_t128x64k32g42s32_texture3d_texture2d_half,2048,4096,4096,7.1875,9.561
780m,8b,8da4w,parent,sarc_linear_dq8ca_coopmat_zpg_t128x64k32g42s32_texture3d_texture2d_half,2048,14336,4096,26.4294,9.1
780m,8b,8da4w,parent,sarc_linear_dq8ca_coopmat_zpg_t128x64k32g42s32_texture3d_texture2d_half,2048,14336,4096,25.776,9.331
780m,8b,8da4w,parent,sarc_linear_dq8ca_coopmat_zpg_t128x64k32g42s32_texture3d_texture2d_half,2048,4096,14336,25.0096,9.617
780m,8b,8da4w,parent,sarc_linear_dq8ca_coopmat_zpg_t128x64k32g42s32_texture3d_texture2d_half,2048,4096,4096,7.3751,9.318
780m,8b,8da4w,parent,sarc_linear_dq8ca_coopmat_zpg_t128x64k32g42s32_texture3d_texture2d_half,2048,1024,4096,1.9211,8.943
780m,8b,8da4w,parent,sarc_linear_dq8ca_coopmat_zpg_t128x64k32g42s32_texture3d_texture2d_half,2048,1024,4096,1.9402,8.855
780m,8b,8da4w,parent,sarc_linear_dq8ca_coopmat_zpg_t128x64k32g42s32_texture3d_texture2d_half,2048,4096,4096,7.1864,9.562
780m,8b,8da4w,parent,sarc_linear_dq8ca_coopmat_zpg_t128x64k32g42s32_texture3d_texture2d_half,2048,14336,4096,25.5658,9.408
780m,8b,8da4w,parent,sarc_linear_dq8ca_coopmat_zpg_t128x64k32g42s32_texture3d_texture2d_half,2048,14336,4096,25.0332,9.608
780m,8b,8da4w,parent,sarc_linear_dq8ca_coopmat_zpg_t128x64k32g42s32_texture3d_texture2d_half,2048,4096,14336,24.8835,9.666
780m,8b,8da4w,parent,sarc_linear_dq8ca_coopmat_zpg_t128x64k32g42s32_texture3d_texture2d_half,2048,4096,4096,7.3447,9.356
780m,8b,8da4w,parent,sarc_linear_dq8ca_coopmat_zpg_t128x64k32g42s32_texture3d_texture2d_half,2048,1024,4096,1.8981,9.051
780m,8b,8da4w,parent,sarc_linear_dq8ca_coopmat_zpg_t128x64k32g42s32_texture3d_texture2d_half,2048,1024,4096,1.9429,8.842
780m,8b,8da4w,parent,sarc_linear_dq8ca_coopmat_zpg_t128x64k32g42s32_texture3d_texture2d_half,2048,4096,4096,7.1946,9.552
780m,8b,8da4w,parent,sarc_linear_dq8ca_coopmat_zpg_t128x64k32g42s32_texture3d_texture2d_half,2048,14336,4096,26.047,9.234
780m,8b,8da4w,parent,sarc_linear_dq8ca_coopmat_zpg_t128x64k32g42s32_texture3d_texture2d_half,2048,14336,4096,25.9888,9.255
780m,8b,8da4w,parent,sarc_linear_dq8ca_coopmat_zpg_t128x64k32g42s32_texture3d_texture2d_half,2048,4096,14336,24.7724,9.709
780m,8b,8da4w,parent,sarc_linear_dq8ca_coopmat_zpg_t128x64k32g42s32_texture3d_texture2d_half,2048,4096,4096,7.4502,9.224
780m,8b,8da4w,parent,sarc_linear_dq8ca_coopmat_zpg_t128x64k32g42s32_texture3d_texture2d_half,2048,1024,4096,1.9131,8.98
780m,8b,8da4w,parent,sarc_linear_dq8ca_coopmat_zpg_t128x64k32g42s32_texture3d_texture2d_half,2048,1024,4096,1.9778,8.686
780m,8b,8da4w,parent,sarc_linear_dq8ca_coopmat_zpg_t128x64k32g42s32_texture3d_texture2d_half,2048,4096,4096,7.1647,9.591
780m,8b,8da4w,parent,sarc_linear_dq8ca_coopmat_zpg_t128x64k32g42s32_texture3d_texture2d_half,2048,14336,4096,25.3174,9.5
780m,8b,8da4w,parent,sarc_linear_dq8ca_coopmat_zpg_t128x64k32g42s32_texture3d_texture2d_half,2048,14336,4096,26.4044,9.109
780m,8b,8da4w,parent,sarc_linear_dq8ca_coopmat_zpg_t128x64k32g42s32_texture3d_texture2d_half,2048,4096,14336,24.9035,9.658
780m,8b,8da4w,parent,sarc_linear_dq8ca_coopmat_zpg_t128x64k32g42s32_texture3d_texture2d_half,2048,4096,4096,7.5085,9.152
780m,8b,8da4w,parent,sarc_linear_dq8ca_coopmat_zpg_t128x64k32g42s32_texture3d_texture2d_half,2048,1024,4096,1.9319,8.893
780m,8b,8da4w,parent,sarc_linear_dq8ca_coopmat_zpg_t128x64k32g42s32_texture3d_texture2d_half,2048,1024,4096,1.95,8.81
780m,8b,8da4w,parent,sarc_linear_dq8ca_coopmat_zpg_t128x64k32g42s32_texture3d_texture2d_half,2048,4096,4096,7.2698,9.453
780m,8b,8da4w,parent,sarc_linear_dq8ca_coopmat_zpg_t128x64k32g42s32_texture3d_texture2d_half,2048,14336,4096,24.7047,9.736
780m,8b,8da4w,parent,sarc_linear_dq8ca_coopmat_zpg_t128x64k32g42s32_texture3d_texture2d_half,2048,14336,4096,25.7457,9.342
780m,8b,8da4w,parent,sarc_linear_dq8ca_coopmat_zpg_t128x64k32g42s32_texture3d_texture2d_half,2048,4096,14336,25.5165,9.426
780m,8b,8da4w,parent,sarc_linear_dq8ca_coopmat_zpg_t128x64k32g42s32_texture3d_texture2d_half,2048,4096,4096,7.318,9.39
780m,8b,8da4w,parent,sarc_linear_dq8ca_coopmat_zpg_t128x64k32g42s32_texture3d_texture2d_half,2048,1024,4096,1.8845,9.116
780m,8b,8da4w,parent,sarc_linear_dq8ca_coopmat_zpg_t128x64k32g42s32_texture3d_texture2d_half,2048,1024,4096,1.9461,8.828
780m,8b,8da4w,parent,sarc_linear_dq8ca_coopmat_zpg_t128x64k32g42s32_texture3d_texture2d_half,2048,4096,4096,7.2548,9.472
780m,8b,8da4w,parent,sarc_linear_dq8ca_coopmat_zpg_t128x64k32g42s32_texture3d_texture2d_half,2048,14336,4096,26.341,9.131
780m,8b,8da4w,parent,sarc_linear_dq8ca_coopmat_zpg_t128x64k32g42s32_texture3d_texture2d_half,2048,14336,4096,26.0566,9.231
780m,8b,8da4w,parent,sarc_linear_dq8ca_coopmat_zpg_t128x64k32g42s32_texture3d_texture2d_half,2048,4096,14336,25.1012,9.582
780m,8b,8da4w,parent,sarc_linear_dq8ca_coopmat_zpg_t128x64k32g42s32_texture3d_texture2d_half,2048,4096,4096,7.3494,9.35
780m,8b,8da4w,parent,sarc_linear_dq8ca_coopmat_zpg_t128x64k32g42s32_texture3d_texture2d_half,2048,1024,4096,1.8996,9.044
780m,8b,8da4w,parent,sarc_linear_dq8ca_coopmat_zpg_t128x64k32g42s32_texture3d_texture2d_half,2048,1024,4096,1.925,8.925
780m,8b,8da4w,parent,sarc_linear_dq8ca_coopmat_zpg_t128x64k32g42s32_texture3d_texture2d_half,2048,4096,4096,7.188,9.56
780m,8b,8da4w,parent,sarc_linear_dq8ca_coopmat_zpg_t128x64k32g42s32_texture3d_texture2d_half,2048,14336,4096,25.8598,9.301
780m,8b,8da4w,parent,sarc_linear_dq8ca_coopmat_zpg_t128x64k32g42s32_texture3d_texture2d_half,2048,14336,4096,26.2283,9.17
780m,8b,8da4w,parent,sarc_linear_dq8ca_coopmat_zpg_t128x64k32g42s32_texture3d_texture2d_half,2048,4096,14336,25.2254,9.535
780m,8b,8da4w,parent,sarc_linear_dq8ca_coopmat_zpg_t128x64k32g42s32_texture3d_texture2d_half,2048,4096,4096,7.505,9.156
780m,8b,8da4w,parent,sarc_linear_dq8ca_coopmat_zpg_t128x64k32g42s32_texture3d_texture2d_half,2048,1024,4096,1.8988,9.048
780m,8b,8da4w,parent,sarc_linear_dq8ca_coopmat_zpg_t128x64k32g42s32_texture3d_texture2d_half,2048,1024,4096,1.9478,8.82
780m,8b,8da4w,parent,sarc_linear_dq8ca_coopmat_zpg_t128x64k32g42s32_texture3d_texture2d_half,2048,4096,4096,7.2174,9.521
780m,8b,8da4w,parent,sarc_linear_dq8ca_coopmat_zpg_t128x64k32g42s32_texture3d_texture2d_half,2048,14336,4096,25.6665,9.371
780m,8b,8da4w,parent,sarc_linear_dq8ca_coopmat_zpg_t128x64k32g42s32_texture3d_texture2d_half,2048,14336,4096,25.0118,9.616
780m,8b,8da4w,parent,sarc_linear_dq8ca_coopmat_zpg_t128x64k32g42s32_texture3d_texture2d_half,2048,4096,14336,24.9397,9.644
780m,8b,8da4w,parent,sarc_linear_dq8ca_coopmat_zpg_t128x64k32g42s32_texture3d_texture2d_half,2048,4096,4096,7.3137,9.396
780m,8b,8da4w,parent,sarc_linear_dq8ca_coopmat_zpg_t128x64k32g42s32_texture3d_texture2d_half,2048,1024,4096,1.9024,9.03
780m,8b,8da4w,parent,sarc_linear_dq8ca_coopmat_zpg_t128x64k32g42s32_texture3d_texture2d_half,2048,1024,4096,1.9259,8.92
780m,8b,8da4w,parent,sarc_linear_dq8ca_coopmat_zpg_t128x64k32g42s32_texture3d_texture2d_half,2048,4096,4096,7.1415,9.623
780m,8b,8da4w,parent,sarc_linear_dq8ca_coopmat_zpg_t128x64k32g42s32_texture3d_texture2d_half,2048,14336,4096,26.3772,9.118
780m,8b,8da4w,parent,sarc_linear_dq8ca_coopmat_zpg_t128x64k32g42s32_texture3d_texture2d_half,2048,14336,4096,25.983,9.257
780m,8b,8da4w,parent,sarc_linear_dq8ca_coopmat_zpg_t128x64k32g42s32_texture3d_texture2d_half,2048,4096,14336,25.094,9.585
780m,8b,8da4w,parent,sarc_linear_dq8ca_coopmat_zpg_t128x64k32g42s32_texture3d_texture2d_half,2048,4096,4096,7.4141,9.269
780m,8b,8da4w,parent,sarc_linear_dq8ca_coopmat_zpg_t128x64k32g42s32_texture3d_texture2d_half,2048,1024,4096,1.8992,9.046
780m,8b,8da4w,parent,sarc_linear_dq8ca_coopmat_zpg_t128x64k32g42s32_texture3d_texture2d_half,2048,1024,4096,1.9257,8.921
780m,8b,8da4w,parent,sarc_linear_dq8ca_coopmat_zpg_t128x64k32g42s32_texture3d_texture2d_half,2048,4096,4096,7.1985,9.546
780m,8b,8da4w,parent,sarc_linear_dq8ca_coopmat_zpg_t128x64k32g42s32_texture3d_texture2d_half,2048,14336,4096,26.2992,9.145
780m,8b,8da4w,parent,sarc_linear_dq8ca_coopmat_zpg_t128x64k32g42s32_texture3d_texture2d_half,2048,14336,4096,25.0841,9.588
780m,8b,8da4w,parent,sarc_linear_dq8ca_coopmat_zpg_t128x64k32g42s32_texture3d_texture2d_half,2048,4096,14336,25.0082,9.618
780m,8b,8da4w,parent,sarc_linear_dq8ca_coopmat_zpg_t128x64k32g42s32_texture3d_texture2d_half,2048,4096,4096,7.4445,9.231
780m,8b,8da4w,parent,sarc_linear_dq8ca_coopmat_zpg_t128x64k32g42s32_texture3d_texture2d_half,2048,1024,4096,1.9124,8.983
780m,8b,8da4w,parent,sarc_linear_dq8ca_coopmat_zpg_t128x64k32g42s32_texture3d_texture2d_half,2048,1024,4096,1.9206,8.945
780m,8b,8da4w,parent,sarc_linear_dq8ca_coopmat_zpg_t128x64k32g42s32_texture3d_texture2d_half,2048,4096,4096,7.1387,9.626
780m,8b,8da4w,parent,sarc_linear_dq8ca_coopmat_zpg_t128x64k32g42s32_texture3d_texture2d_half,2048,14336,4096,25.8824,9.293
780m,8b,8da4w,parent,sarc_linear_dq8ca_coopmat_zpg_t128x64k32g42s32_texture3d_texture2d_half,2048,14336,4096,25.3115,9.502
780m,8b,8da4w,parent,sarc_linear_dq8ca_coopmat_zpg_t128x64k32g42s32_texture3d_texture2d_half,2048,4096,14336,25.3388,9.492
780m,8b,8da4w,parent,sarc_linear_dq8ca_coopmat_zpg_t128x64k32g42s32_texture3d_texture2d_half,2048,4096,4096,7.4481,9.226
780m,8b,8da4w,parent,sarc_linear_dq8ca_coopmat_zpg_t128x64k32g42s32_texture3d_texture2d_half,2048,1024,4096,1.9158,8.968
780m,8b,8da4w,parent,sarc_linear_dq8ca_coopmat_zpg_t128x64k32g42s32_texture3d_texture2d_half,2048,1024,4096,1.9199,8.948
780m,8b,8da4w,parent,sarc_linear_dq8ca_coopmat_zpg_t128x64k32g42s32_texture3d_texture2d_half,2048,4096,4096,7.2492,9.48
780m,8b,8da4w,parent,sarc_linear_dq8ca_coopmat_zpg_t128x64k32g42s32_texture3d_texture2d_half,2048,14336,4096,25.9223,9.278
780m,8b,8da4w,parent,sarc_linear_dq8ca_coopmat_zpg_t128x64k32g42s32_texture3d_texture2d_half,2048,14336,4096,25.9918,9.254
780m,8b,8da4w,parent,sarc_linear_dq8ca_coopmat_zpg_t128x64k32g42s32_texture3d_texture2d_half,2048,4096,14336,25.1164,9.576
780m,8b,8da4w,parent,sarc_linear_dq8ca_coopmat_zpg_t128x64k32g42s32_texture3d_texture2d_half,2048,4096,4096,7.5088,9.152
780m,8b,8da4w,parent,sarc_linear_dq8ca_coopmat_zpg_t128x64k32g42s32_texture3d_texture2d_half,2048,1024,4096,1.9421,8.846
780m,8b,8da4w,parent,sarc_linear_dq8ca_coopmat_zpg_t128x64k32g42s32_texture3d_texture2d_half,2048,1024,4096,1.9295,8.904
780m,8b,8da4w,parent,sarc_linear_dq8ca_coopmat_zpg_t128x64k32g42s32_texture3d_texture2d_half,2048,4096,4096,7.169,9.586
780m,8b,8da4w,parent,sarc_linear_dq8ca_coopmat_zpg_t128x64k32g42s32_texture3d_texture2d_half,2048,14336,4096,26.5382,9.063
780m,8b,8da4w,parent,sarc_linear_dq8ca_coopmat_zpg_t128x64k32g42s32_texture3d_texture2d_half,2048,14336,4096,25.9856,9.256
780m,8b,8da4w,parent,sarc_linear_dq8ca_coopmat_zpg_t128x64k32g42s32_texture3d_texture2d_half,2048,4096,14336,25.1968,9.546
